Date,Close,High,Low,Open,Volume,Daily_Return,SMA_20,SMA_50,GPR_Index
2010-03-16,86.66189575195312,86.74378046932512,85.97699373254986,86.21521879329298,168673000,0.007966244201549788,83.94835319519044,83.0727310180664,80.72535705566406
2010-03-17,87.1755599975586,87.45845614523282,86.6693310635308,86.92244837041126,177468100,0.00592722142930846,84.20295677185058,83.12886291503906,80.72535705566406
2010-03-18,87.13087463378906,87.30209582949784,86.78098043421221,87.18298617331762,196509100,-0.0005125904986533758,84.43113059997559,83.1796339416504,80.72535705566406
2010-03-19,86.68985748291016,87.67658322419926,86.35347020782733,86.68985748291016,226641100,-0.005061548535263749,84.62869300842286,83.22039367675781,80.72535705566406
2010-03-22,87.15335845947266,87.31034268614266,86.144207549185,86.1965337236999,184477800,0.005346657498587648,84.84868659973145,83.26327651977539,80.72535705566406
2010-03-23,87.76628875732422,87.84103958503275,86.9963386928709,87.28039982253492,182941600,0.007032778870324163,85.14957695007324,83.31276000976563,80.72535705566406
2010-03-24,87.3402328491211,87.78127260861893,86.3983617684561,87.437414097771,196072600,-0.004854436871327472,85.39156875610351,83.35134094238282,80.72535705566406
2010-03-25,87.19816589355469,88.3343932206529,87.09351360170837,87.93073193647899,223396300,-0.0016265923610694344,85.63204154968261,83.4030111694336,80.72535705566406
2010-03-26,87.14585876464844,87.77377265275013,86.80200034452751,87.36264018881404,205808500,-0.0005998650128731242,85.8672924041748,83.43934188842773,80.72535705566406
2010-03-29,87.69902038574219,87.85599885521081,87.22808497733627,87.5868912780865,134513500,0.006347537667712455,86.08739471435547,83.48212051391602,80.72535705566406
2010-03-30,87.75882720947266,88.08026095727055,87.39254409788273,87.80367657326468,145772500,0.0006819554365307123,86.2989486694336,83.54530227661132,80.72535705566406
2010-03-31,87.45980072021484,87.84850843626415,87.16826850739726,87.4224224557521,161078700,-0.003407366515325694,86.4918285369873,83.58136032104493,80.72535705566406
2010-04-01,88.0578384399414,88.39422008289745,87.53457113596968,88.0578384399414,161215200,0.006837858248038842,86.70195503234864,83.64679931640624,74.116943359375
2010-04-05,88.77545166015625,88.83524890884969,88.14753207232631,88.3942149712282,105847600,0.008149339490138408,86.88803443908691,83.75919830322266,74.116943359375
2010-04-06,88.98474884033203,89.1417272983695,88.42410904600266,88.52128455722884,110384200,0.0023576019751156974,87.08383445739746,83.91285675048829,74.116943359375
2010-04-07,88.47644805908203,89.22396789350948,88.06530986889744,88.8053586112297,184576300,-0.0057122235874605964,87.24714660644531,84.04801132202148,74.116943359375
2010-04-08,88.78291320800781,88.93242057147847,87.9083165184148,88.16994727558499,158704000,0.003463804839013651,87.40679931640625,84.19614440917968,74.116943359375
2010-04-09,89.36601257324219,89.4033851489801,88.80537260905152,88.96982220792275,133006500,0.006567698041944681,87.57773933410644,84.34819702148438,74.116943359375
2010-04-12,89.50800323486328,89.739738209511,89.37344946682094,89.47810176384026,110279000,0.0015888664776748662,87.75540695190429,84.52184967041016,74.116943359375
2010-04-13,89.57528686523438,89.73226531758887,88.95484414655517,89.41830841287988,125043600,0.0007517051876864134,87.93532218933106,84.71441680908202,74.116943359375
2010-04-14,90.59190368652344,90.59190368652344,89.76215646019122,89.90418130847874,161609000,0.011349300201723755,88.13182258605957,84.902451171875,74.116943359375
2010-04-15,90.66667938232422,90.87598401880149,90.41251967865638,90.44242115574222,144615300,0.0008254125673252677,88.30637855529785,85.07232788085938,74.116943359375
2010-04-16,89.22396850585938,90.66668202433073,88.76798094747927,90.34524826519596,366786700,-0.01591225008231756,88.41103324890136,85.22153961181641,74.116943359375
2010-04-19,89.56034851074219,89.65005294296937,88.55867468159525,88.96233607193203,217947800,0.003770063252238387,88.55455780029297,85.42795272827148,74.116943359375
2010-04-20,90.36017608642578,90.43493261627947,89.60518532238159,90.12097001901249,157708000,0.008930599187961574,88.71489868164062,85.6470866394043,74.116943359375
2010-04-21,90.19574737548828,90.62183345967605,89.69490474418518,90.4125231121265,192910100,-0.001819703303590603,88.83637161254883,85.87439682006836,74.116943359375
2010-04-22,90.46482849121094,90.57695758300126,89.04454567227522,89.56033036951469,115360300,0.0029833015807547714,88.99260139465332,86.08728622436523,74.116943359375
2010-04-23,91.05534362792969,91.09272188219049,90.17327043671105,90.40500534751044,177335500,0.0065275659785959395,89.18546028137207,86.31511199951171,74.116943359375
2010-04-26,90.71150970458984,91.28710303719966,90.62181099528513,91.08526953501924,143457300,-0.003776098245752757,89.36374282836914,86.51938568115234,74.116943359375
2010-04-27,88.566162109375,90.70406382110964,88.39423001941284,90.18827895747188,355853300,-0.02365022478626322,89.40709991455078,86.6820932006836,74.116943359375
2010-04-28,89.2388687133789,89.4631268266757,88.40912167854978,88.99219163249731,300674100,0.007595526191742863,89.4811019897461,86.83294296264648,74.116943359375
2010-04-29,90.34523010253906,90.53211002485887,89.75468886363375,89.7771135418125,193775000,0.012397752292373942,89.6253734588623,86.99817779541016,74.116943359375
2010-04-30,88.8128433227539,90.45739063255947,88.79041863678205,90.36020938918199,270000900,-0.01696145748974176,89.66312370300292,87.12308670043946,74.116943359375
2010-05-03,89.9640121459961,90.21069506343368,89.10436318418634,89.23891698432286,182747900,0.012961738192062366,89.72255172729493,87.26759475708008,88.76158142089844
2010-05-04,87.84851837158203,88.97727478916994,87.40000766291654,88.96232690356776,360353400,-0.023514889164580444,89.66574020385742,87.3694953918457,88.76158142089844
2010-05-05,87.32525634765625,88.05782820683578,86.68986570528638,87.13089961715995,328973200,-0.0059564126251109295,89.60818061828613,87.48103088378906,88.76158142089844
2010-05-06,84.42488861083984,87.4598171944689,78.48957953349773,86.9066541355836,647356600,-0.03321338932312512,89.39027938842773,87.51952072143554,88.76158142089844
2010-05-07,83.1690673828125,85.0453382641839,81.78615667997175,84.20064281292154,637558800,-0.014875011962599105,89.08043212890625,87.53512786865234,88.76158142089844
2010-05-10,86.8319091796875,87.198192312123,85.89750936001863,86.5702726676811,396159600,0.044040914634951855,88.94662742614746,87.62294921875,88.76158142089844
2010-05-11,86.58522033691406,87.7289247254701,85.89750348542101,86.01710368853465,317849800,-0.0028409929610432316,88.79712409973145,87.68871414184571,88.76158142089844
2010-05-12,87.79621124267578,87.92329396188694,86.77958370773246,86.92909111176783,235607100,0.013986115656339448,88.65733947753907,87.77408340454102,88.76158142089844
2010-05-13,86.70480346679688,87.96811351282892,86.63005264167975,87.55697542000122,234452500,-0.012431148912134371,88.4592456817627,87.83613540649414,88.76158142089844
2010-05-14,85.13499450683594,86.21142440055753,84.37252713419723,86.05444599157664,345601400,-0.018105213289158595,88.25479698181152,87.86172912597657,88.76158142089844
2010-05-17,85.17984008789062,85.60592595147628,83.550247438838,85.36671995267594,325739800,0.0005267584888501986,88.03577156066895,87.86424865722657,88.76158142089844
2010-05-18,84.02122497558594,86.12923054118512,83.74464060200836,85.87507084865807,360556800,-0.01360198740816132,87.71882400512695,87.84329818725585,88.76158142089844
2010-05-19,83.54280853271484,84.29779937103672,82.49627974615092,83.55027962393723,394742700,-0.005693995094812165,87.38617706298828,87.80995025634766,88.76158142089844
2010-05-20,80.38826751708984,82.14493763420087,80.33594136732475,81.76370099841373,530418300,-0.03775957585133971,86.88234901428223,87.70591842651368,88.76158142089844
2010-05-21,81.5618896484375,81.76371749450152,78.75869026734775,79.16982845782374,500909400,0.014599420631849824,86.40767631530761,87.61821197509765,88.76158142089844
2010-05-24,80.5153579711914,81.77119147887582,80.44060713088996,81.12084719169376,269823000,-0.012831135739461597,85.89786872863769,87.50942611694336,88.76158142089844
2010-05-25,80.59756469726562,80.63494295928119,78.02609539551509,78.57178722408315,396505200,0.0010210067761684538,85.49943885803222,87.40183776855469,88.76158142089844
2010-05-26,80.1116943359375,81.83099213011754,79.87248823182861,81.09094913664366,349719300,-0.006028350399334248,85.04308013916015,87.27083374023438,88.76158142089844
2010-05-27,82.79528045654297,82.82518192779368,81.31518899680663,81.62167479978451,300870500,0.03349805721686794,84.66558265686035,87.18322814941406,88.76158142089844
2010-05-28,81.75624084472656,82.76539141269349,81.36752736322369,82.70558846121253,297933500,-0.012549502895418896,84.31275253295898,87.07573547363282,88.76158142089844
2010-06-01,80.38079833984375,82.18979477813104,80.26119814467195,80.99376431079743,277909400,-0.016823700437683886,83.83359184265137,86.94955429077149,88.95870971679688
2010-06-02,82.47384643554688,82.48131752598744,80.36584119744892,80.79192718058182,240243700,0.0260391553571524,83.5648582458496,86.85596405029297,88.95870971679688
2010-06-03,82.75788879394531,83.01951949613024,81.91319375457064,82.7130394458912,226618300,0.0034440294793383064,83.33648986816407,86.75579605102538,88.95870971679688
2010-06-04,79.85005950927734,81.72633567964816,79.5809519428846,81.18812054686265,398475600,-0.03513658126185437,83.10774841308594,86.60599258422852,88.95870971679688
2010-06-07,78.85587310791016,80.44061735815447,78.79607584994046,80.13413145989112,264609100,-0.012450665753751644,82.89208869934082,86.43914672851562,88.95870971679688
2010-06-08,79.7005615234375,79.85753999390012,78.22794663460577,78.91566346800106,357774300,0.010711800938040916,82.53552131652832,86.2902407836914,88.95870971679688
2010-06-09,79.27447509765625,80.94144101640683,78.93808777415676,80.16401975938646,268023300,-0.005346090637717182,82.16998405456543,86.12174987792969,88.95870971679688
2010-06-10,81.5917739868164,81.68894949182335,79.26698733220053,80.62747291791044,317890600,0.029231336900124916,81.85976219177246,85.99840881347656,88.95870971679688
2010-06-11,81.98797607421875,82.04030223476289,80.82184695173562,80.87417311227976,214128200,0.00485590725685614,81.62392082214356,85.88897232055665,88.95870971679688
2010-06-14,81.86089324951172,83.06440055957171,81.77866561691458,82.61588412608788,207196100,-0.00155001782934594,81.46021575927735,85.76503341674805,88.95870971679688
2010-06-15,83.7221908569336,83.79694167243153,82.2944257575,82.43645629913122,238268700,0.02273732344635726,81.3873332977295,85.6639682006836,88.95870971679688
2010-06-16,83.69231414794922,84.03617256345713,83.12419751648584,83.2886527811034,216374000,-0.0003568553173127764,81.37088775634766,85.55811950683594,88.95870971679688
2010-06-17,83.82685852050781,83.9688890882,83.01206478676839,83.93151082203173,263185800,0.0016076072687003506,81.38509025573731,85.46512771606446,88.95870971679688
2010-06-18,83.91776275634766,84.21818871088675,83.64737481305625,83.99286924498243,174006600,0.0010844285166382583,81.56156501770019,85.36782470703125,88.95870971679688
2010-06-21,83.6773910522461,85.02181222863253,83.21172180734995,84.96173049562648,213140700,-0.0028643721687322543,81.66734008789062,85.25405227661133,88.95870971679688
2010-06-22,82.29541015625,84.04541888934774,82.17524095690425,83.67739319539034,239355400,-0.016515582986248,81.75634269714355,85.10980041503906,88.95870971679688
2010-06-23,82.04006958007812,82.64092720250225,81.4767623357856,82.34800789389075,254639900,-0.0031027316795320115,81.82846794128417,84.95909606933594,88.95870971679688
2010-06-24,80.68061065673828,81.73963093626115,80.47031022030293,81.63448071804348,268523600,-0.016570670043287716,81.85691375732422,84.76087020874023,88.95870971679688
2010-06-25,81.01859283447266,81.43168131181291,80.19240441927869,80.9209492598097,238726500,0.004189137575722368,81.7680793762207,84.5679084777832,88.95870971679688
2010-06-28,80.76326751708984,81.35661873073985,80.47034809557728,81.1388058246967,169218600,-0.0031514410266846316,81.71843070983887,84.39869445800781,88.95870971679688
2010-06-29,78.26964569091797,80.74819930294385,77.7739384066666,79.62909170240601,373649500,-0.03087569266119916,81.61287307739258,84.17288040161132,88.95870971679688
2010-06-30,77.52608489990234,78.77286838996046,77.27071601671766,78.0518359384347,284101700,-0.009499989228926586,81.36548500061035,83.91619857788086,88.95870971679688
2010-07-01,77.18057250976562,77.7288547889588,75.9563149442354,77.47349169569189,382924800,-0.004456724347460916,81.08661918640136,83.65589508056641,96.45369720458984
2010-07-02,76.75997161865234,77.67628533560206,76.3243518555621,77.44345358892834,233385200,-0.0054495694633525105,80.93211479187012,83.38179794311523,96.45369720458984
2010-07-06,77.26323699951172,78.38985168216874,76.51966718317189,77.84156334862854,256935300,0.00655635183607961,80.8524829864502,83.10595581054687,96.45369720458984
2010-07-07,79.69672393798828,79.79436181527369,77.37589468785642,77.4585135571974,253769400,0.031496052106798844,80.85229110717773,82.88566009521485,96.45369720458984
2010-07-08,80.48534393310547,80.57546942719917,79.54649850124444,80.36516896730353,210842100,0.009895262391598658,80.9128345489502,82.72404373168945,96.45369720458984
2010-07-09,81.08621215820312,81.09372452711102,80.3126043381863,80.46281733479323,144999900,0.007465560755969047,80.88755645751954,82.56099060058594,96.45369720458984
2010-07-12,81.13872528076172,81.2964505257564,80.4777805783668,80.8157624276048,131283600,0.000647620861314202,80.84509391784668,82.37686050415039,96.45369720458984
2010-07-13,82.36302185058594,82.68597912733459,81.81473368324842,81.9799713701243,213025900,0.01508893029299907,80.8702003479004,82.24786407470702,96.45369720458984
2010-07-14,82.35552215576172,82.67848521246108,81.76217115716251,82.10015321940844,184426800,-9.105657679520096e-05,80.8018669128418,82.09569427490234,96.45369720458984
2010-07-15,82.37803649902344,82.66344338746704,81.243909851085,82.32546139509286,232337900,0.0002733798860401482,80.73615303039551,81.98628463745118,96.45369720458984
2010-07-16,80.10978698730469,82.0250277813259,79.95205594908815,81.93489657809594,282693400,-0.02753463918438548,80.55029945373535,81.84197525024415,96.45369720458984
2010-07-19,80.58296966552734,80.83833283403176,79.77931832603271,80.40271297421499,186709000,0.00590667752365448,80.38355979919433,81.76513687133789,96.45369720458984
2010-07-20,81.47673797607422,81.53681970917322,79.47887279644311,79.5164288936039,258162400,0.011091280381656299,80.27352714538574,81.73129028320312,96.45369720458984
2010-07-21,80.417724609375,81.9198769366111,80.08724926370101,81.89734556854359,264527000,-0.012997738900766942,80.179642868042,81.60300659179687,96.45369720458984
2010-07-22,82.21280670166016,82.57332582764037,81.36409259106561,81.37159922787772,274781300,0.022321970697438687,80.18827972412109,81.5155583190918,96.45369720458984
2010-07-23,82.92630004882812,83.04646922349944,81.81470509928039,82.04753681475628,222020800,0.008678615604952533,80.30056419372559,81.41816009521484,96.45369720458984
2010-07-26,83.7900161743164,83.8726349724721,82.83615240959222,83.06898407880166,184445700,0.010415466805822948,80.43913536071777,81.35986434936524,96.45369720458984
2010-07-27,83.7825698852539,84.33836478476138,83.45209445461052,84.24823355906103,204855600,-8.8868452382318e-05,80.59010047912598,81.33281585693359,96.45369720458984
2010-07-28,83.24178314208984,83.86517781218569,82.96388286342786,83.60980890444765,163056200,-0.006454644968574064,80.83870735168458,81.29405471801758,96.45369720458984
2010-07-29,82.83618927001953,83.98533486266311,82.17524432092065,83.76000972556363,220149100,-0.004872479381874628,81.10421257019043,81.27035400390625,96.45369720458984
2010-07-30,82.8211898803711,83.26432792419337,81.85230639304284,81.99500700863135,220070600,-0.0001810729076339168,81.3862434387207,81.25592163085938,96.45369720458984
2010-08-02,84.69137573242188,84.82656971245723,83.77506161554423,84.11304370050357,188263200,0.022581006802149473,81.78281364440917,81.34198379516602,79.38137817382812
2010-08-03,84.28578186035156,84.6988703801274,84.00788157121495,84.48106329948155,146657300,-0.004789081161602149,82.13394088745117,81.3964616394043,79.38137817382812
2010-08-04,84.84906005859375,84.95421024441379,84.24069030774133,84.51858477158486,158171700,0.006682956316113264,82.39155769348145,81.48313568115235,79.38137817382812
2010-08-05,84.75894165039062,84.80401011557616,84.18061554119153,84.30829711032875,140473800,-0.001062102610693505,82.6052375793457,81.56636322021484,79.38137817382812
2010-08-06,84.41344451904297,84.54863844961403,83.30936170775524,83.92524389585543,239728300,-0.004076232249014433,82.7715991973877,81.65239822387696,79.38137817382812
2010-08-09,84.86409759521484,85.00680390582359,84.36087792026144,84.81152249082055,120800400,0.00533864100368775,82.95786781311035,81.69377456665039,79.38137817382812
2010-08-10,84.40593719482422,84.85658747714847,83.64735439544158,84.14306168363933,242916300,-0.005398754165465314,83.06001358032226,81.74676849365234,79.38137817382812
2010-08-11,82.0926284790039,83.13662390713228,81.95743453786646,83.10658017240657,273406900,-0.027406943074167578,83.04686889648437,81.78100509643555,79.38137817382812
2010-08-12,81.58940887451172,81.88232814605148,80.81580127376536,80.85335737740148,239542600,-0.006129900014358647,83.00743751525879,81.76331634521485,79.38137817382812
2010-08-13,81.34906005859375,81.837260726665,81.25142221708212,81.33404105615217,158698500,-0.002945833524638397,83.06940116882325,81.73513977050781,79.38137817382812
2010-08-16,81.3115005493164,81.57437603942535,80.50033698247515,80.7932562043474,147895300,-0.0004617079687250225,83.1058277130127,81.7643685913086,79.38137817382812
2010-08-17,82.31043243408203,82.91129564549911,81.7771690558211,82.01000655862975,172270300,0.012285247203865923,83.14751243591309,81.83345977783203,79.38137817382812
2010-08-18,82.46065521240234,82.90378741196223,81.79971023110308,82.272886165757,182922100,0.0018250757999676015,83.24965896606446,81.88866165161133,79.38137817382812
2010-08-19,81.0261001586914,82.23533332546151,80.68811815342934,82.03254526835562,265847600,-0.01739684277326936,83.19032363891601,81.92369415283203,79.38137817382812
2010-08-20,80.76326751708984,81.07121167985218,80.17742867406471,80.78579889870468,209714200,-0.0032438021956727736,83.0821720123291,81.9071240234375,79.38137817382812
2010-08-23,80.45530700683594,81.54436550794323,80.4177508942771,81.14629592795585,163490300,-0.0038131259385801863,82.91543655395508,81.87647064208984,79.38137817382812
2010-08-24,79.26106262207031,79.90698854854219,78.8404618253932,79.57651321957813,280677800,-0.014843575013195331,82.68936119079589,81.82447402954102,79.38137817382812
2010-08-25,79.56902313232422,79.86944906085633,78.32974612122878,78.82545348751259,272234800,0.003885394670045228,82.50572319030762,81.74141067504883,79.38137817382812
2010-08-26,79.03572845458984,80.04967988869588,78.77284727553031,79.94452970917406,224439500,-0.006702290121716081,82.31570014953613,81.64827896118165,79.38137817382812
2010-08-27,80.260009765625,80.34262861281398,78.34476300661807,79.53146487509878,272649000,0.015490226192304446,82.18764114379883,81.57694198608398,79.38137817382812
2010-08-30,79.09584045410156,80.29756707477542,79.08833381715883,80.04971052949215,167238600,-0.014504973459672388,81.90786437988281,81.48050354003907,79.38137817382812
2010-08-31,79.09584045410156,79.59906591186805,78.47995813962196,78.80292116613305,273933100,0.0,81.64836730957032,81.38887252807618,79.38137817382812
2010-09-01,81.46171569824219,81.57437826286136,80.10978211358031,80.16235721303512,256828100,0.029911500156743598,81.47900009155273,81.37219863891602,80.99386596679688
2010-09-02,82.2203140258789,82.23533302883908,81.48425681518202,81.65700686563612,156112200,0.009312329370115169,81.35206871032715,81.37580352783203,80.99386596679688
2010-09-03,83.28682708740234,83.3619335502842,82.58081372975012,83.02395160218795,212197300,0.012971405840018546,81.29573783874511,81.42792785644531,80.99386596679688
2010-09-07,82.3479995727539,83.00143797299707,82.28040546079274,82.89628775644167,141973700,-0.01127222091992075,81.16993293762206,81.45451599121094,80.99386596679688
2010-09-08,82.92630004882812,83.25676957686541,82.47564988560981,82.51320597596296,149924400,0.007022641461536638,81.09595108032227,81.4977766418457,80.99386596679688
2010-09-09,83.30936431884766,83.8801837914002,83.08404491433791,83.85765242397484,147017900,0.0046193339120879084,81.15678787231445,81.5985710144043,80.99386596679688
2010-09-10,83.72998809814453,83.82762595384702,83.2718310986236,83.45960017284504,127819000,0.005048937568254974,81.2638168334961,81.72264907836914,80.99386596679688
2010-09-13,84.66130828857422,84.83405260176949,84.21817036074535,84.55615808134496,178503500,0.011122898875108422,81.42942924499512,81.87226379394531,80.99386596679688
2010-09-14,84.60873413085938,85.08942243506893,84.18062093085224,84.49607155606664,209823600,-0.0006209939200991776,81.59429092407227,82.02923904418945,80.99386596679688
2010-09-15,84.93171691894531,85.0293547837203,84.10553406165367,84.36089727579959,168608400,0.0038173693461291958,81.72535514831543,82.18260864257813,80.99386596679688
2010-09-16,84.90917205810547,84.96174716621161,84.38341524678717,84.66882788815502,199962900,-0.0002654468984932823,81.84778099060058,82.28685760498047,80.99386596679688
2010-09-17,84.94088745117188,85.43925439796911,84.70680914879216,85.35619324016957,195836900,0.00037352140290214386,82.04352035522462,82.3759684753418,80.99386596679688
2010-09-20,86.23966217041016,86.42843649591082,84.9635458865264,85.23538137612218,214555200,0.015290336117395498,82.31734008789063,82.47903747558594,80.99386596679688
2010-09-21,86.06598663330078,86.71536496479631,85.71109000593364,86.30761752158173,268389100,-0.0020138707960867253,82.59787406921387,82.57758270263672,80.99386596679688
2010-09-22,85.6430892944336,86.4132913610652,85.40145851608355,85.93002980436513,191322400,-0.004913640747174819,82.91697540283204,82.64318405151367,80.99386596679688
2010-09-23,84.94841003417969,85.8318721159113,84.70677923163089,84.9408574513377,202354300,-0.008111328841322596,83.18594474792481,82.69504180908203,80.99386596679688
2010-09-24,86.70028686523438,86.76069604238663,85.8168242528936,85.89233284386579,209671800,0.020622832497392274,83.56917266845703,82.78148681640624,80.99386596679688
2010-09-27,86.28494262695312,86.82861345783412,86.20188724645031,86.73045290928815,128761800,-0.004790575133007957,83.87041931152343,82.90498992919922,80.99386596679688
2010-09-28,86.58697509765625,86.8663630728541,85.4618821353655,86.39820084004684,209207500,0.0035004076204689927,84.24497604370117,83.0250700378418,80.99386596679688
2010-09-29,86.43595886230469,86.768203402526,86.09616173864202,86.36799713319887,179665800,-0.0017440987536663233,84.61198196411132,83.1242544555664,80.99386596679688
2010-09-30,86.17923736572266,87.432701424845,85.77148420531903,86.8739311358182,287106700,-0.0029700774997012402,84.84785804748535,83.23948471069336,80.99386596679688
2010-10-01,86.54166412353516,86.9267651909891,86.02819795390748,86.8285988979705,174638700,0.004205499710730143,85.06392555236816,83.32606185913086,71.16854858398438
2010-10-04,85.89228057861328,86.72288609575838,85.46187553494238,86.36044277526325,166153200,-0.007503709935539282,85.1941982269287,83.38538146972657,71.16854858398438
2010-10-05,87.62145233154297,87.83287855956335,86.58696741766309,86.68513370991016,229634100,0.02013186448515647,85.45787086486817,83.46201019287109,71.16854858398438
2010-10-06,87.61393737792969,87.84046886863402,87.25904073092927,87.60638479199018,148626600,-8.57661384662256e-05,85.69225273132324,83.53863754272462,71.16854858398438
2010-10-07,87.50823974609375,87.99150163514085,86.97967385524102,87.96884963423804,164860000,-0.0012064020291657762,85.90219650268554,83.62396667480469,71.16854858398438
2010-10-08,87.9990005493164,88.24063134646242,87.29676014496503,87.62900465139056,177760100,0.005608166781169377,86.11564712524414,83.72722290039063,71.16854858398438
2010-10-11,88.08208465576172,88.32371551594711,87.78004464029645,88.13494122639808,103098300,0.0009441482963064018,86.28668594360352,83.83244079589844,71.16854858398438
2010-10-12,88.35392761230469,88.61065790269014,87.32699492889364,87.79515151981643,182210000,0.003086245717337066,86.47394561767578,83.90569183349609,71.16854858398438
2010-10-13,89.04106903076172,89.51678399964983,88.6333158121155,88.84474788769631,194347200,0.007777146268722612,86.67941322326661,84.00079757690429,71.16854858398438
2010-10-14,88.69371032714844,89.1090160629894,88.13494005059937,88.95799317680448,217764300,-0.0039011066173664233,86.86864013671875,84.0776905822754,71.16854858398438
2010-10-15,88.87491607666016,89.3657302870258,88.16512880226648,89.3128737265823,243705000,0.002043050728663065,87.06534156799316,84.16001007080078,71.16854858398438
2010-10-18,89.3128662109375,89.60735356018928,88.58042124861757,88.90511316714293,141204800,0.004927713618312568,87.21900177001953,84.25799850463868,71.16854858398438
2010-10-19,88.14249420166016,88.98819933558983,87.60637014734296,88.48983820465757,280604700,-0.013104181501836232,87.3228271484375,84.32356643676758,71.16854858398438
2010-10-20,89.00330352783203,89.43370867474871,88.24820637457934,88.30106294486966,200051800,0.009766110364456404,87.49083786010742,84.41551376342774,71.16854858398438
2010-10-21,89.19963836669922,89.92453105406315,88.50495026142566,89.40351785557547,221585500,0.0022059275452150917,87.70339927673339,84.55765396118164,71.16854858398438
2010-10-22,89.36573028564453,89.5016479783447,89.10144748343113,89.33552571382971,108212400,0.0018620245775269328,87.8366714477539,84.7131803894043,71.16854858398438
2010-10-25,89.63005065917969,90.43045774545628,89.56209466481016,89.96229532748075,151145700,0.0029577375207510137,88.00392684936523,84.87880020141601,71.16854858398438
2010-10-26,89.64515686035156,89.73576485388378,89.00332527544457,89.17699443700498,158982900,0.00016853946930495134,88.1568359375,85.04547332763671,71.16854858398438
2010-10-27,89.3884048461914,89.4865711696113,88.5426996655552,89.01840882966306,190024000,-0.002864092418959352,88.30445823669433,85.1870327758789,71.16854858398438
2010-10-28,89.4034652709961,89.93958332566703,88.97306031099652,89.901826180028,168576000,0.00016848297976235216,88.46566963195801,85.32588897705078,71.16854858398438
2010-10-29,89.47147369384766,89.64514860034095,89.15433422383552,89.31290395884159,144305500,0.0007606911280835238,88.61216011047364,85.49479644775391,71.16854858398438
2010-11-01,89.50166320800781,90.42288264184958,88.98819692165014,89.90941635549191,174074800,0.00033742055332020016,88.79262924194336,85.66956436157227,65.99193572998047
2010-11-02,90.2114486694336,90.42287492914696,89.93206067713608,90.17369151122756,158345900,0.007930416441269905,88.9221290588379,85.86468719482421,65.99193572998047
2010-11-03,90.57390594482422,90.626762517867,89.44126015596389,90.37003223764049,226702800,0.004017863372517194,89.07012748718262,86.0909440612793,65.99193572998047
2010-11-04,92.31819152832031,92.36349551988508,90.5890181320683,91.57819368746486,215039400,0.019258146872441095,89.31062507629395,86.34592742919922,65.99193572998047
2010-11-05,92.66551971435547,92.81653683435057,92.25776657724803,92.37857912105736,180654100,0.003762294086194329,89.5439510345459,86.61852325439453,65.99193572998047
2010-11-08,92.49187469482422,92.64289762449836,92.07657460032566,92.37860893780254,156107100,-0.0018738903107273774,89.76444053649902,86.86316055297851,65.99193572998047
2010-11-09,91.82735443115234,92.83918173185424,91.45735848278424,92.74102118745185,186621600,-0.007184633956922704,89.9381118774414,87.11779083251953,65.99193572998047
2010-11-10,92.19737243652344,92.24268218864643,91.11003632146324,91.80472440404458,221387400,0.004029496522722109,90.09592704772949,87.37982147216798,65.99193572998047
2010-11-11,91.85001373291016,91.98593144571254,91.1251211849421,91.40450919485085,158017600,-0.003767555348200724,90.25374221801758,87.58758743286133,65.99193572998047
2010-11-12,90.76268768310547,91.63105067793471,90.34738764970703,91.23085005481437,239068800,-0.011838060829979957,90.34813079833984,87.75843490600586,65.99193572998047
2010-11-15,90.6343002319336,91.40450246811011,90.59654883505965,91.04960592408106,163940800,-0.0014145399882838916,90.41420249938965,87.90538436889648,65.99193572998047
2010-11-16,89.2223129272461,90.2265881064453,88.79190187210006,90.07557092848731,299566200,-0.015578950806418912,90.46819343566895,88.04287063598633,65.99193572998047
2010-11-17,89.26761627197266,89.63761238790406,88.99578074489848,89.26006368484948,172308900,0.0005077580174759344,90.48140907287598,88.16969696044922,65.99193572998047
2010-11-18,90.58143615722656,90.90612810027535,90.12082652264729,90.12837910576926,197723700,0.014717765972948937,90.55049896240234,88.3151383972168,65.99193572998047
2010-11-19,90.83065795898438,90.86840936869119,90.04535604929671,90.53617046296843,156852900,0.0027513562638290523,90.62374534606934,88.4571517944336,65.99193572998047
2010-11-22,90.7551498413086,90.79290125120787,89.68290725551877,90.37760117670335,181361000,-0.0008313065144797127,90.68000030517578,88.57902862548828,65.99193572998047
2010-11-23,89.44126892089844,89.8716741324062,89.09392486958821,89.68289981576359,222309000,-0.014477205125081771,90.66980590820313,88.67567932128907,65.99193572998047
2010-11-24,90.76268768310547,90.7853454399249,89.99249101835584,90.00759042863392,140046100,0.01477415043580943,90.73852005004883,88.79229873657226,65.99193572998047
2010-11-26,89.70553588867188,90.46817979568306,89.70553588867188,89.977371299802,76007800,-0.01164742716880085,90.75362358093261,88.8882260131836,65.99193572998047
2010-11-29,89.97737884521484,90.21900970193416,88.90513651764722,89.47901196270585,223642300,0.003030392203222876,90.77891883850097,88.98895584106445,65.99193572998047
2010-11-30,89.47147369384766,89.98494006664896,88.95800732104635,89.0863782349479,233930700,-0.005622581562833462,90.77740936279297,89.0535920715332,65.99193572998047
2010-12-01,91.37429809570312,91.54796719576011,90.75511872845625,90.76266555128763,221037200,0.021267386389169474,90.83555183410644,89.15975830078125,94.70516967773438
2010-12-02,92.54470825195312,92.6126699936294,91.46491905744512,91.51777562944477,191213600,0.012808964672146095,90.9340919494629,89.29779067993164,94.70516967773438
2010-12-03,92.79387664794922,92.89958977479719,92.20490186667242,92.22755385657793,151288900,0.0026924110595036854,90.95787620544434,89.45470001220703,94.70516967773438
2010-12-06,92.69572448730469,92.90715076012019,92.49939762214723,92.59755817425904,103050500,-0.0010577439394725552,90.95938644409179,89.57460876464843,94.70516967773438
2010-12-07,92.74859619140625,93.63961117291717,92.69573961457657,93.58675459608749,206581000,0.0005703791020998938,90.9722225189209,89.7038818359375,94.70516967773438
2010-12-08,93.0883560180664,93.16386456489008,92.4314253236744,92.86183037759542,138019200,0.0036632341686226866,91.0352725982666,89.8339094543457,94.70516967773438
2010-12-09,93.45082092285156,93.64714202563002,92.99021122006532,93.60939062629593,123705100,0.0038937727583761017,91.097945022583,89.97420669555665,94.70516967773438
2010-12-10,93.99449920654297,94.08510718086097,93.42817632331837,93.73776317046199,117571700,0.00581780104575258,91.20516929626464,90.13051193237305,94.70516967773438
2010-12-13,94.05488586425781,94.53814751106592,94.02468129121566,94.42488756332438,133812700,0.0006424488478007362,91.36977920532226,90.2807763671875,94.70516967773438
2010-12-14,94.13796997070312,94.56082833554274,93.85103509818684,94.19837913152801,147249600,0.0008833576871829507,91.54496269226074,90.4456901550293,94.70516967773438
2010-12-15,93.7075424194336,94.33427435132788,93.54897273080972,93.96427841120553,160823100,-0.004572305430035173,91.76922416687012,90.56741195678711,94.70516967773438
2010-12-16,94.25122833251953,94.31919007336367,93.44327459274088,93.7679666056015,185035200,0.005801943995632719,92.01840476989746,90.7001577758789,94.70516967773438
2010-12-17,94.35215759277344,94.47360546503651,93.98780239352537,94.18516170108597,141075300,0.0010708535266810149,92.20694084167481,90.8370361328125,94.70516967773438
2010-12-20,94.57987976074219,94.80760249678221,94.10926126672977,94.61024317829617,119085500,0.0024135342930005077,92.3944019317627,90.96865371704102,94.70516967773438
2010-12-21,95.1795654296875,95.24029227832318,94.78485249601758,94.87593697774008,94965500,0.006340520525743187,92.61562271118164,91.11060333251953,94.70516967773438
2010-12-22,95.47560119628906,95.5059646204856,95.19474965712541,95.24788420166159,78878100,0.0031102870165997665,92.91733932495117,91.25303680419921,94.70516967773438
2010-12-23,95.33895874023438,95.47559123925403,95.10364946629014,95.36932216126434,70053700,-0.0014311767021373267,93.14615287780762,91.37899459838867,94.70516967773438
2010-12-27,95.3769302368164,95.46801472373855,94.91389812419096,94.98221148938258,58126000,0.00039827891015131733,93.42972259521484,91.51265899658203,94.70516967773438
2010-12-28,95.51355743408203,95.60464191592672,95.26306352654706,95.56669197890179,55309100,0.0014324973232666682,93.7065315246582,91.64543182373046,94.70516967773438
2010-12-29,95.58187866210938,95.79441685888084,95.56669984429635,95.62742669801149,58033100,0.000715303982625759,94.01205177307129,91.77081207275391,94.70516967773438
2010-12-30,95.43006896972656,95.74128396574463,95.28584413746631,95.49079582449211,76616900,-0.0015882685557947473,94.21484031677247,91.91656356811524,94.70516967773438
2010-12-31,95.45281982421875,95.54391008702517,95.1340125912419,95.28582390468887,91218900,0.00023840341663605713,94.36024589538575,92.04555389404297,94.70516967773438
2011-01-03,96.43962097167969,96.85710502358691,95.41487422783693,96.18153476194941,138725200,0.010338103675493038,94.54253311157227,92.19035354614257,97.20389556884766
2011-01-04,96.38650512695312,96.68254133089141,95.78684041375624,96.65217790084233,137409700,-0.0005507678710409136,94.7270721435547,92.33076904296875,97.20389556884766
2011-01-05,96.88746643066406,96.94819327771646,95.99176570594936,96.08285597652795,133975300,0.005197421600161789,94.93401565551758,92.47591735839843,97.20389556884766
2011-01-06,96.69768524169922,97.03167706043328,96.40924144721163,96.92540798924155,122519000,-0.0019587795610349623,95.11448211669922,92.6169679260254,97.20389556884766
2011-01-07,96.50792694091797,96.98613780451493,95.75645107205688,96.82673418331593,156034600,-0.0019623872102723094,95.26733741760253,92.75935836791992,97.20389556884766
2011-01-10,96.38650512695312,96.52313766655787,95.79442692784441,96.08287661769454,122401700,-0.001258153789161609,95.38693771362304,92.89901916503906,97.20389556884766
2011-01-11,96.72808074951172,96.96339008646531,96.36372539081819,96.73567305460982,110287000,0.003543811678913933,95.52059745788574,93.04415130615234,97.20389556884766
2011-01-12,97.60101318359375,97.70728229294347,96.75085451756382,97.32016159084039,107929200,0.009024602031984852,95.69374961853028,93.20613830566407,97.20389556884766
2011-01-13,97.44156646728516,97.68447381432068,97.19867070270944,97.63893158236647,129048400,-0.0016336584130398624,95.88045082092285,93.35074066162109,97.20389556884766
2011-01-14,98.14752960205078,98.17030072354787,97.23664999477943,97.30496335927069,117677900,0.007244989590788675,96.07526588439941,93.50221313476563,97.20389556884766
2011-01-18,98.31452941894531,98.40561390851994,97.94258178241049,98.05643739437876,114401300,0.0017015182916131355,96.27338447570801,93.62213989257812,97.20389556884766
2011-01-19,97.35051727294922,98.32971036210057,97.09243681006765,98.23103935127175,151958400,-0.009805388396746273,96.41191635131835,93.71583984375,97.20389556884766
2011-01-20,97.22147369384766,97.46436953805953,96.5003553011764,97.13038340884435,175745700,-0.0013255561728526821,96.51401176452637,93.81043182373047,97.20389556884766
2011-01-21,97.44156646728516,98.04882325241417,97.33529739857207,97.82869860381554,151462900,0.00226382881348397,96.61231002807617,93.92271606445313,97.20389556884766
2011-01-24,97.9957275390625,98.10958315732343,97.35810132941018,97.38087245306237,113715500,0.0056871116903010055,96.74514846801758,94.0386831665039,97.20389556884766
2011-01-25,98.04885864257812,98.13235662545222,97.24424803440809,97.73763783527794,167552200,0.0005421777545806528,96.87874488830566,94.16266006469726,97.20389556884766
2011-01-26,98.4283676147461,98.71681722397749,98.09437576878575,98.29174090455925,141281500,0.00387061080997797,97.02448539733886,94.31597366333008,97.20389556884766
2011-01-27,98.67127990722656,98.83827583853353,98.27656119845902,98.4511436421121,123302700,0.0024679093879849123,97.17895545959473,94.47671325683594,97.20389556884766
2011-01-28,96.94821166992188,98.9445651590769,96.78880800959178,98.78515570751482,295637300,-0.017462712948740133,97.25486259460449,94.63123123168945,97.20389556884766
2011-01-31,97.67691802978516,97.75282950423004,96.97098996380011,97.21389741605184,149249200,0.0075164497344655246,97.3660675048828,94.79941726684571,97.20389556884766
2011-02-01,99.24057006835938,99.41515249267675,98.20823696300653,98.26896380243439,167194300,0.01600840884534671,97.5061149597168,94.97259994506835,79.42161560058594
2011-02-02,99.05082702636719,99.31649398293452,98.92937331809823,98.98250207642646,118323600,-0.0019119503431055396,97.6393310546875,95.13700332641602,79.42161560058594
2011-02-03,99.27095794677734,99.42276930037691,98.3524917288985,98.87623916144742,145886700,0.002222403658997729,97.75850563049316,95.3073194885254,79.42161560058594
2011-02-04,99.55177307128906,99.58972879140443,98.85343183451299,99.30887731097806,134634800,0.0028287741986157133,97.90121002197266,95.5095295715332,79.42161560058594
2011-02-07,100.17424011230469,100.50063390749915,99.76433676198772,99.771934857433,112439100,0.006252696680448588,98.08452568054199,95.6977606201172,79.42161560058594
2011-02-08,100.62968444824219,100.68281320338244,99.99205830932216,100.26532334529861,99072800,0.004546521495215838,98.29668464660645,95.9162435913086,79.42161560058594
2011-02-09,100.40198516845703,100.67525026843163,99.9009972214261,100.35644291553879,146436700,-0.002262744646707837,98.48037986755371,96.12473571777343,79.42161560058594
2011-02-10,100.43989562988281,100.553751210854,99.66564293189903,99.89336567630131,162708500,0.0003775867714386205,98.62232398986816,96.34410415649414,79.42161560058594
2011-02-11,101.03959655761719,101.1686367974715,100.02244766761392,100.04521879332559,137710300,0.005970744234385261,98.80222549438477,96.53741012573242,79.42161560058594
2011-02-14,101.28245544433594,101.36595340227898,100.86497723708129,100.97883282406701,101690700,0.0024036011127603896,98.95897178649902,96.71216506958008,79.42161560058594
2011-02-15,100.96367645263672,101.12308590145584,100.43992902357681,100.97127454886758,119575400,-0.00314742558620551,99.0914291381836,96.87556106567382,79.42161560058594
2011-02-16,101.6012954711914,101.72273759518458,101.1003076189071,101.30525930074394,130183500,0.006315330829437471,99.3039680480957,97.05367248535157,79.42161560058594
2011-02-17,101.9049301147461,102.04155686369697,101.21417510847854,101.30527119024343,109810500,0.0029884918508817915,99.53814086914062,97.23679916381836,79.42161560058594
2011-02-18,102.1174545288086,102.23890823309877,101.76069151149545,101.99600082451843,130002400,0.002085516508604668,99.7719352722168,97.4173811340332,79.42161560058594
2011-02-22,100.0679931640625,102.14024674827617,99.79472806419633,101.04718634881155,233116400,-0.020069647977446592,99.8755485534668,97.54972457885742,79.42161560058594
2011-02-23,99.453125,100.25014897612272,98.83828157290776,100.00724157741541,227584000,-0.006144503798076739,99.9457618713379,97.65889709472657,79.42161560058594
2011-02-24,99.38483428955078,99.77196664178584,98.45118326689295,99.34689013008686,260431400,-0.0006866622888844764,99.99358520507812,97.76549606323242,79.42161560058594
2011-02-25,100.4474868774414,100.50821371764273,99.74154749475377,99.8022743349551,141686900,0.010692301249853209,100.08239555358887,97.89168640136718,79.42161560058594
2011-02-28,101.0699234008789,101.1989751838748,100.48544924242091,100.81944109437475,141585500,0.006196636100980424,100.28848114013672,98.0389340209961,79.42161560058594
2011-03-01,99.38483428955078,101.4798707864475,99.3544766454864,101.38878627178809,258565500,-0.01667250804816056,100.373876953125,98.14160614013672,90.01448822021484
2011-03-02,99.59734344482422,100.06037550931626,98.94454433066267,99.24816697714925,200277400,0.0021382453046538963,100.39171562194824,98.24650985717773,90.01448822021484
2011-03-03,101.3128662109375,101.42672184462293,100.49307090100655,100.50065741576381,176480100,0.017224583576003427,100.50481758117675,98.38116958618164,90.01448822021484
2011-03-04,100.55380249023438,101.43432470698411,99.89341661890498,101.23695948937058,277202300,-0.0074922736774885035,100.5689598083496,98.48865432739258,90.01448822021484
2011-03-07,99.76433563232422,101.07753205860273,99.24058826334709,100.84980926461216,216790400,-0.007851188501666329,100.57958793640137,98.57442901611329,90.01448822021484
2011-03-08,100.63727569580078,100.95608298902847,99.49108674283005,99.92374964704514,174615000,0.008750021317174284,100.60273971557618,98.6803953552246,90.01448822021484
2011-03-09,100.4930419921875,100.8042627446859,99.89338318983918,100.4399132392396,153806000,-0.0014332035780585395,100.59590759277344,98.78271759033203,90.01448822021484
2011-03-10,98.63333129882812,99.5745685259828,98.53464871889904,99.43794179912322,301291800,-0.018505865246908892,100.50747489929199,98.84511306762695,90.01448822021484
2011-03-11,99.31651306152344,99.67327615905782,98.29177760511931,98.31454873198616,225621800,0.006926479656511608,100.45130577087403,98.91980575561523,90.01448822021484
2011-03-14,98.71681213378906,99.04320586849055,97.96533051912735,98.67126989940843,234974100,-0.006038280133363938,100.33516654968261,98.98554061889648,90.01448822021484
2011-03-15,97.58584594726562,98.17033194398371,96.0221666673788,96.0904800535953,359585400,-0.011456672496581999,100.1503360748291,99.02820114135743,90.01448822021484
2011-03-16,95.77921295166016,97.59339103597809,95.09605050439839,97.27457224187259,468670300,-0.018513268784714487,99.89111289978027,99.01499298095703,90.01448822021484
2011-03-17,97.0468978881836,97.45679553647582,96.47759656409426,97.16075931124797,254303700,0.013235491266390342,99.66339302062988,99.02820083618164,90.01448822021484
2011-03-18,97.39982604980469,98.25367757507371,97.20923465887401,98.22317643817061,230435400,0.0036366763832855753,99.43813781738281,99.03844802856446,90.01448822021484
2011-03-21,98.90935516357422,99.11518557911972,98.49767106692249,98.61203293056147,153992600,0.015498273200176493,99.2777328491211,99.08268142700196,90.01448822021484
2011-03-22,98.56625366210938,99.02367772328208,98.47477350298567,98.8940769535978,129538600,-0.003468847824327992,99.20264587402343,99.12384796142578,90.01448822021484
2011-03-23,98.84832763671875,99.10752915186508,97.82676051271193,98.29179236665186,148603100,0.0028617702725757255,99.17240600585937,99.17308441162109,90.01448822021484
2011-03-24,99.79368591308594,99.93853728699364,98.85597916723583,99.4125029850256,159129800,0.009563725547704793,99.19284858703614,99.23439651489258,90.01448822021484
2011-03-25,100.09862518310547,100.53316761104661,99.78605243410858,100.05288509940411,155642800,0.003055697033629068,99.17540550231934,99.28434875488281,90.01448822021484
2011-03-28,99.85468292236328,100.57130873389653,99.82419340460423,100.31210711821275,109762400,-0.002437019092879189,99.11464347839356,99.33261108398438,90.01448822021484
2011-03-29,100.52552795410156,100.55601745952026,99.44297020371218,99.77078182626053,129798800,0.00671821302822484,99.17167816162109,99.38017105102539,90.01448822021484
2011-03-30,101.21927642822266,101.51659852476078,100.90670376364348,101.05155507809602,135835000,0.0069012169171382975,99.25277481079101,99.43826599121094,90.01448822021484
2011-03-31,101.08208465576172,101.36416792886672,100.97535390271052,101.08971575919513,132537100,-0.0013553917524615766,99.24123573303223,99.51289733886719,90.01448822021484
2011-04-01,101.5090103149414,101.9816850617334,101.2650592870829,101.70723288490512,153850100,0.004223554160300402,99.28899612426758,99.59864807128906,136.8883056640625
2011-04-04,101.59288024902344,101.90545307405235,101.30318910418924,101.72248106196155,100768900,0.0008262314234157575,99.38042335510254,99.68167434692383,136.8883056640625
2011-04-05,101.57759094238281,102.02738382888066,101.34887894886309,101.39461902101199,120791500,-0.00015049584777149239,99.42743911743165,99.75331161499024,136.8883056640625
2011-04-06,101.89779663085938,102.15699816268932,101.48611266122191,102.06551800622623,120411600,0.003152326074145506,99.49767684936523,99.83029037475586,136.8883056640625
2011-04-07,101.63861846923828,102.14177107825415,101.13545422744298,101.71484807289308,170731500,-0.002543510951075856,99.64794120788574,99.89449539184571,136.8883056640625
2011-04-08,101.28789520263672,102.14937206266212,100.86859179143956,102.08838141805381,147945400,-0.0034506890381209576,99.7465103149414,99.9468276977539,136.8883056640625
2011-04-11,100.98300170898438,101.73773657583156,100.73903901435553,101.3946742151936,121385400,-0.0030101671383572226,99.85981979370118,100.02752349853516,136.8883056640625
2011-04-12,100.2282485961914,100.61705102822329,99.86231621117429,100.41884007650168,161187400,-0.0074740609807583125,99.99193992614747,100.07855010986329,136.8883056640625
2011-04-13,100.22061920166016,100.76951190844805,99.83943627878158,100.69328230354012,162059000,-7.612020201996916e-05,100.21401023864746,100.09815109252929,136.8883056640625
2011-04-14,100.29684448242188,100.44931531844384,99.31339770221798,99.64120941802624,161220400,0.0007605748334915674,100.37650756835937,100.1230714416504,136.8883056640625
2011-04-15,100.66275787353516,100.91433994038134,100.18247541208058,100.47979755784843,170006700,0.00364830412164574,100.5396541595459,100.15090744018555,136.8883056640625
2011-04-18,99.53446960449219,100.65514817799611,98.7339832473068,99.55733964617365,210759300,-0.011208596832410045,100.5709098815918,100.15056137084962,136.8883056640625
2011-04-19,100.10626220703125,100.13676335669949,99.44300761149944,99.6869586449444,124258800,0.00574466920666894,100.6479103088379,100.14920181274414,136.8883056640625
2011-04-20,101.47084045410156,101.69192130399317,101.23449740610116,101.30311913372603,156133800,0.013631297553076127,100.77903594970704,100.16602493286133,136.8883056640625
2011-04-21,101.9892807006836,102.03502078067021,101.4708776171324,101.99690016975562,135935400,0.005109253498462252,100.88881568908691,100.19777084350586,136.8883056640625
2011-04-25,101.88256072998047,102.05028212949651,101.54711793094836,101.91305024226591,65757100,-0.0010463841883180391,100.97801246643067,100.22662414550781,136.8883056640625
2011-04-26,102.75931549072266,102.96515758286341,102.08844127225134,102.19517205469789,146600000,0.00860554303366845,101.12324409484863,100.26101852416993,136.8883056640625
2011-04-27,103.43017578125,103.58264662809592,102.53820911278244,102.95751266619368,143031000,0.0065284620408736505,101.26847648620605,100.3039729309082,136.8883056640625
2011-04-28,103.76564025878906,103.9028605597264,103.23198636717322,103.24722531208911,124791100,0.003243390770683252,101.39579467773437,100.36001220703125,136.8883056640625
2011-04-29,104.00959777832031,104.11634019603534,103.66653537195216,103.80376731416928,115094100,0.002351043360045102,101.5421703338623,100.40817825317383,136.8883056640625
2011-05-02,103.84949493408203,104.58135976198916,103.64365286189117,104.49751067149174,126278700,-0.0015393083682480047,101.65919456481933,100.44706954956055,91.01776885986328
2011-05-03,103.47588348388672,103.82657679136663,102.94984933905498,103.65123595401484,138375000,-0.0035976241428277156,101.7533447265625,100.47423812866211,91.01776885986328
2011-05-04,102.7897720336914,103.47589653265315,102.33234794586507,103.43015645042607,182678500,-0.006630641141635252,101.81395378112794,100.52867370605469,91.01776885986328
2011-05-05,101.85973358154297,102.88130134858335,101.40994038105578,102.2180465738723,226900000,-0.009047966872069657,101.8120506286621,100.57680587768554,91.01776885986328
2011-05-06,102.30947875976562,103.39966780399223,101.9130453225216,102.87363358842913,222787200,0.004415338253978662,101.84559364318848,100.63529876708985,91.01776885986328
2011-05-09,102.70594787597656,103.00327014900175,102.14179285133153,102.30189482885983,114104500,0.0038751943712067582,101.91649627685547,100.68046798706055,91.01776885986328
2011-05-10,103.5826416015625,103.76561358856652,102.91938705193941,103.04898784710832,114806900,0.008535958663704601,102.04647827148438,100.73072235107422,91.01776885986328
2011-05-11,102.49248504638672,103.44544252914056,102.01982185743098,103.4301919522376,193564200,-0.010524510075434645,102.15969009399414,100.79287536621094,91.01776885986328
2011-05-12,102.98036193847656,103.19382340755757,101.69196202188051,102.21799622525074,171550700,0.0047601235531467,102.29767723083496,100.86053573608399,91.01776885986328
2011-05-13,102.18751525878906,103.17859320822161,101.82158290136685,103.0337418328641,157444900,-0.007699008478540548,102.39221076965332,100.87802871704102,91.01776885986328
2011-05-16,101.53950500488281,102.62206306884845,101.3717835945578,101.82157663462071,141675400,-0.0063413838008016254,102.4360481262207,100.89774276733398,91.01776885986328
2011-05-17,101.5242691040039,101.66150101991178,100.72378255408711,101.1583367162177,192686200,-0.00015004899697090845,102.5355381011963,100.93294143676758,91.01776885986328
2011-05-18,102.43146514892578,102.53819589123378,101.3565266231806,101.57761921046188,135217900,0.008935755489089203,102.65179824829102,100.96882522583007,91.01776885986328
2011-05-19,102.67544555664062,102.94227830523248,102.11130217117933,102.76693738538222,119489500,0.002381889269670312,102.71202850341797,101.01247329711914,91.01776885986328
2011-05-20,101.85973358154297,102.67545924744486,101.66914205935856,102.4086380960567,182594900,-0.00794456718132941,102.70555114746094,101.07700134277344,91.01776885986328
2011-05-23,100.67805480957031,101.18121917498598,100.31974184929997,100.61706413199427,168700000,-0.011601039296128435,102.64532585144043,101.10423217773437,91.01776885986328
2011-05-24,100.59415435791016,101.1887986884769,100.4035629280419,100.96771774825191,147199600,-0.0008333539202645124,102.53706779479981,101.1417790222168,91.01776885986328
2011-05-25,100.92961883544922,101.3489223978646,100.15963348103566,100.1901229979476,151050100,0.00333483073326013,102.41203994750977,101.20865447998047,91.01776885986328
2011-05-26,101.39464569091797,101.57761766041605,100.46455853666474,100.65514997593337,164850000,0.004607436952941413,102.29349021911621,101.32096313476562,91.01776885986328
2011-05-27,101.78347778320312,102.05793000126371,101.3641858005059,101.6767470113341,120921900,0.003834838512779326,102.18218421936035,101.41569473266601,91.01776885986328
2011-05-31,102.84313201904297,102.85838259077556,102.0350262088828,102.74403238472566,164731200,0.01041086686089554,102.13186607360839,101.52456085205078,91.01776885986328
2011-06-01,100.5331802368164,102.85839839014024,100.44931952857262,102.54582560188793,233094300,-0.022460924097477353,101.98473091125489,101.55703735351562,105.34491729736328
2011-06-02,100.42646026611328,100.81527433370655,99.83944687816175,100.60181280485493,200466800,-0.0010615397866826637,101.86656532287597,101.5942414855957,105.34491729736328
2011-06-03,99.42774963378906,100.19011545981056,99.1685480448088,99.22190760358505,234690200,-0.009944696145595566,101.74496612548828,101.60582992553711,105.34491729736328
2011-06-06,98.37567138671875,99.3819997617324,98.24607060498727,99.17615775179267,179951200,-0.010581334194380454,101.54827575683593,101.57746963500976,105.34491729736328
2011-06-07,98.31468200683594,99.16090836658047,98.23082131775217,98.87882515814766,161660500,-0.0006199640523220085,101.3287124633789,101.54179077148437,105.34491729736328
2011-06-08,97.90301513671875,98.49004006287477,97.72004315599014,98.1622167181667,198696400,-0.004187236959059315,101.04473114013672,101.50275741577148,105.34491729736328
2011-06-09,98.6501235961914,99.05417651388547,97.9335095612773,98.16984108301025,160964400,0.007631107769554779,100.85261306762695,101.46524932861328,105.34491729736328
2011-06-10,97.27787780761719,98.29181993129343,97.0186762197812,98.23084090232672,238629400,-0.013910228781783274,100.56748886108399,101.38642135620117,105.34491729736328
2011-06-13,97.3541030883789,97.7657871040977,96.85857000836792,97.49895444084375,207599800,0.0007835828913997922,100.32581825256348,101.31186172485351,105.34491729736328
2011-06-14,98.5891342163086,98.932196441908,98.20795138058104,98.24606035793221,160570400,0.012685968939681214,100.17829971313476,101.25346420288086,105.34491729736328
2011-06-15,96.83568572998047,98.57388435924672,96.57648419167592,97.76577860289899,300958000,-0.017785413172216158,99.9438705444336,101.1583203125,105.34491729736328
2011-06-16,97.04916381835938,97.55994748290915,96.30204281247124,96.86619184769953,308032800,0.0022045394398730878,99.67475547790528,101.06775177001953,105.34491729736328
2011-06-17,97.3387680053711,98.02063689189619,97.00932527461656,98.01297380181583,233284900,0.0029840977048885,99.4079216003418,100.97657119750977,105.34491729736328
2011-06-20,97.83675384521484,98.04361635244437,96.97867483811409,97.00932135197124,159479000,0.005116007219407859,99.20677261352539,100.90053390502929,105.34491729736328
2011-06-21,99.17752075195312,99.36905710400033,97.87507589612235,98.34242506273559,193157300,0.013704122980812361,99.13174591064453,100.85832641601563,105.34491729736328
2011-06-22,98.57991027832031,99.4533154166442,98.51861725399682,98.87104922124462,176703000,-0.006025664577031131,99.03103370666504,100.81026458740234,105.34491729736328
2011-06-23,98.29645538330078,98.55694200888932,96.67988815087064,97.42305011068858,334286500,-0.0028753819537800096,98.89937553405761,100.77162872314453,105.34491729736328
2011-06-24,97.1548843383789,98.35006914471327,97.00932070505921,98.27346162841853,226129300,-0.0116135524975991,98.68738746643066,100.7103140258789,105.34491729736328
2011-06-27,98.0206527709961,98.39605656737203,97.02466132730399,97.21619769376585,168904700,0.008911218808123067,98.4992462158203,100.6647901916504,105.34491729736328
2011-06-28,99.30013275146484,99.3154589369568,98.27350044213371,98.41140104019868,165556300,0.013053167310137948,98.32209625244141,100.63753768920898,105.34491729736328
2011-06-29,100.15052032470703,100.31140430032993,99.31542470527337,99.75212147241429,244295500,0.008563811041125247,98.30296325683594,100.64985870361328,105.34491729736328
2011-06-30,101.10820770263672,101.26909168732587,100.14286872314928,100.47230562828953,223322700,0.00956248030289486,98.33705062866211,100.6698976135254,105.34491729736328
2011-07-01,102.60218811035156,102.74010035808651,100.96263746119644,101.20014065904192,202385700,0.014776054700808228,98.49577255249024,100.69252456665039,84.391845703125
2011-07-05,102.51787567138672,102.72473812516392,102.19609612687032,102.49489225323887,165936000,-0.0008217411394205731,98.70288276672363,100.70309646606445,84.391845703125
2011-07-06,102.64051055908203,102.77075388740678,101.98162498079358,102.2727640031973,143331600,0.001196229310178154,98.91917419433594,100.71825546264648,84.391845703125
2011-07-07,103.7054443359375,103.96593097256981,103.33769780831238,103.55221759029797,170464200,0.010375374898807355,99.20929565429688,100.73717803955078,84.391845703125
2011-07-08,102.96996307373047,103.70546798717245,102.1961602329828,102.53326616454147,194100500,-0.007092021705481066,99.42528762817383,100.7279737854004,84.391845703125
2011-07-11,101.10820770263672,102.03523707466694,100.87070450303312,101.70580016952668,195918600,-0.01808056753172438,99.6168041229248,100.67482513427734,84.391845703125
2011-07-12,100.67145538330078,101.72873929838407,100.64081472494792,100.8936439955307,214675700,-0.004319652471938218,99.7826717376709,100.60806228637695,84.391845703125
2011-07-13,101.00861358642578,102.06589805113514,100.76345312081965,101.20014994942665,204062600,0.003349094356898785,99.90364570617676,100.55124465942383,84.391845703125
2011-07-14,100.31141662597656,101.72879036302315,100.11988026640009,101.26144117803848,226111800,-0.006902351548986219,100.07743225097656,100.48795532226562,84.391845703125
2011-07-15,100.89368438720703,101.03158494067056,100.18883205845356,100.87070096162978,220012800,0.00580460111934733,100.26965827941895,100.45003356933594,84.391845703125
2011-07-18,100.0662612915039,100.57957735861368,99.31544199682342,100.42635060119248,196872100,-0.008200940432779302,100.40603294372559,100.41416412353516,84.391845703125
2011-07-19,101.69043731689453,101.81302334037039,100.60251266205121,100.6254960801471,166554900,0.016231005380117347,100.59871711730958,100.40178329467773,84.391845703125
2011-07-20,101.6291732788086,102.01224594354659,101.45296312635512,101.95096460478449,137145400,-0.0006024562358308838,100.72129974365234,100.38024780273437,84.391845703125
2011-07-21,103.03888702392578,103.29171637926001,101.64449694731577,102.20377975068862,245246300,0.013871152343725157,100.94424858093262,100.36937271118164,84.391845703125
2011-07-22,103.10781860351562,103.21507845992872,102.47957395134776,103.06185176368822,126019400,0.0006689860651720725,101.18481674194337,100.38167938232422,84.391845703125
2011-07-25,102.53327178955078,103.03893071462939,102.01995561668177,102.12721553802075,136653800,-0.005572291429946419,101.45373611450195,100.37273757934571,84.391845703125
2011-07-26,102.15019226074219,102.63286772028391,101.92034624712927,102.46431475633136,131278200,-0.003736148492314406,101.66021308898925,100.37199111938476,84.391845703125
2011-07-27,100.05858612060547,101.61386022619781,99.92833112515672,101.58320786593336,249020100,-0.020475792495796896,101.6981357574463,100.34237274169922,84.391845703125
2011-07-28,99.7674789428711,100.95500693686598,99.606583226336,100.05861800590895,207939900,-0.0029093672919132674,101.67898368835449,100.30723693847656,84.391845703125
2011-07-29,99.08557891845703,100.02027717503408,98.04362078114738,98.76379927625922,307038400,-0.006834892809154058,101.57785224914551,100.24031921386718,84.391845703125
2011-08-01,98.66419982910156,100.33440281500228,97.7065181164488,100.24245742108121,325790900,-0.004252678280279754,101.38095283508301,100.16009429931641,78.92475891113281
2011-08-02,96.1435775756836,98.44967669763759,96.1435775756836,97.92103453983972,346653800,-0.025547485894417576,101.06223793029785,100.04577117919922,78.92475891113281
2011-08-03,96.66453552246094,96.77179537956003,94.64191272398682,96.27380569098158,370830800,0.005418541309920144,100.7634391784668,99.96550079345702,78.92475891113281
2011-08-04,92.13665008544922,95.4770445929534,91.98341749391535,95.32381200141955,520721800,-0.04684122685263015,100.18499946594238,99.79635070800781,78.92475891113281
2011-08-05,91.99873352050781,93.52336110531492,89.53174459877243,93.28585792118606,655619200,-0.0014968697561014155,99.63643798828124,99.61773300170898,78.92475891113281
2011-08-08,86.00747680664062,92.02937959775785,85.82359771797177,89.57005377775579,702263900,-0.06512325207750447,98.88140144348145,99.30998962402344,78.92475891113281
2011-08-09,90.00674438476562,90.12932458231114,84.48283212085617,87.3941863391714,717828700,0.04649906876254528,98.3481658935547,99.0744549560547,78.92475891113281
2011-08-10,86.03050994873047,89.08742996044785,85.77001734518923,88.30596384028094,662607400,-0.04417707209847899,97.59926071166993,98.73820251464844,78.92475891113281
2011-08-11,89.89183044433594,91.10999867907766,86.05344081229393,86.77361927271723,487979700,0.04488315247586705,97.07828140258789,98.52537551879882,78.92475891113281
2011-08-12,90.4970932006836,91.33218884820165,89.85352805042331,90.7116129690286,313731600,0.006733234303449409,96.55845184326172,98.32678817749023,78.92475891113281
2011-08-15,92.41246795654297,92.50440167126298,91.1713102007887,91.31687970939673,258810600,0.02116504175014655,96.17576217651367,98.18648254394532,78.92475891113281
2011-08-16,91.62329864501953,92.46606301344542,90.64263375654993,91.53136496499039,294095200,-0.00853964112174288,95.67240524291992,98.05143508911132,78.92475891113281
2011-08-17,91.6845932006836,92.85679440251981,90.9567576105258,92.12895881236203,238201100,0.0006689843802889506,95.17517623901367,97.91883331298828,78.92475891113281
2011-08-18,87.73130798339844,91.71526157058143,86.87322306444312,89.25593563352257,512956300,-0.04311831551274947,94.4097972869873,97.71539916992188,78.92475891113281
2011-08-19,86.29861450195312,88.7809238782642,86.19135461715868,86.54378078794403,428281300,-0.016330469867341102,93.56933708190918,97.46836898803711,78.92475891113281
2011-08-22,86.36758422851562,88.28294796613241,86.12241790390972,88.23697526167575,275090600,0.0007991985382447275,92.76105270385742,97.25016311645508,78.92475891113281
2011-08-23,89.2099838256836,89.3095806363298,86.25266173021325,86.68936443108704,331136600,0.032910490927329894,92.11404228210449,97.08728073120118,78.92475891113281
2011-08-24,90.46646881103516,90.58904906068824,88.81159160151815,89.01845417532114,246869700,0.01408457810962882,91.63443641662597,96.9248274230957,78.92475891113281
2011-08-25,89.08738708496094,91.47776286161069,88.77327050727595,90.96444684123185,312365400,-0.01524412021601973,91.10043182373047,96.76986145019531,78.92475891113281
2011-08-26,90.38219451904297,90.79591383143277,87.22567264223198,88.63538354132615,314495900,0.014534127405119612,90.66526260375977,96.63652206420899,78.92475891113281
2011-08-29,92.97941589355469,93.03304584333016,90.4511334721947,91.60035169186267,190977200,0.02873598487326512,90.38102340698242,96.54933502197265,78.92475891113281
2011-08-30,93.22453308105469,93.799141888052,91.37046339999685,92.57331093550233,241315700,0.0026362521762948177,90.23507118225098,96.45709060668945,78.92475891113281
2011-08-31,93.63829803466797,94.62662636871059,92.93344562201345,93.82217130639829,301828400,0.004438369814665943,90.08375930786133,96.34630615234374,78.92475891113281
2011-09-01,92.65760040283203,94.54231685362615,92.53501436771182,93.6918952319573,254585900,-0.010473253491566581,90.10980682373047,96.22785995483399,86.95156860351562
2011-09-02,90.29020690917969,92.60396859061902,89.96842734136852,90.72690942127305,255517200,-0.025549911538395365,90.02438049316406,96.06773498535156,86.95156860351562
2011-09-06,89.63137817382812,89.7616273770163,87.63173755486892,87.63940064805115,285130500,-0.007296790625524463,90.20557556152343,95.91726486206055,86.95156860351562
2011-09-07,92.15961456298828,92.19791831907645,90.68095396877683,90.98741324360462,209803200,0.028207045798815944,90.31321907043457,95.8000440979004,86.95156860351562
2011-09-08,91.2019271850586,92.65760426404042,90.99506470347887,91.60798321417359,250568200,-0.010391616571650664,90.57178993225098,95.63807998657227,86.95156860351562
2011-09-09,88.81158447265625,91.21728086191447,88.32125182294924,90.16000218196366,380195100,-0.026209344321771577,90.517777633667,95.41130126953125,86.95156860351562
2011-09-12,89.38619232177734,89.45514845493699,87.37889489225381,87.70067459306239,305793500,0.006469965067428918,90.46223258972168,95.17686096191406,86.95156860351562
2011-09-13,90.20596313476562,90.54306900132615,89.0414246292693,89.67732675201722,272514700,0.009171112357456934,90.3519073486328,94.92893646240235,86.95156860351562
2011-09-14,91.45474243164062,92.55033015533918,89.42445675335995,90.66560807089346,319389500,0.013843644627011598,90.34347953796387,94.70767379760743,86.95156860351562
2011-09-15,93.03301239013672,93.063658899735,91.477738560674,92.43542006603026,326777200,0.017257387824101134,90.41090049743653,94.51552383422852,86.95156860351562
2011-09-16,93.58362579345703,93.93017830466712,92.65949751449205,93.40650404646316,284528300,0.005918473337306329,90.70351638793946,94.3130874633789,86.95156860351562
2011-09-19,92.65181732177734,93.12928704483457,91.42734676047763,92.05113320676497,241517000,-0.009956960566330553,91.02117652893067,94.10672454833984,86.95156860351562
2011-09-20,92.54402923583984,93.94562786722402,92.42081480832222,93.04460143464864,218932200,-0.0011633672069610856,91.32999877929687,93.9354409790039,86.95156860351562
2011-09-21,89.81780242919922,92.87513582268296,89.67148572775265,92.59019927875845,316251300,-0.029458700136051896,91.36038970947266,93.71836791992187,86.95156860351562
2011-09-22,86.91454315185547,87.9541896164965,85.71317442608967,87.21488533329692,513911300,-0.03232387342845877,91.18279342651367,93.43648651123047,86.95156860351562
2011-09-23,87.43818664550781,87.91565639572123,86.26761754029626,86.3369304135291,307242500,0.0060248086760053,91.10033340454102,93.17902191162109,86.95156860351562
2011-09-26,89.51749420166016,89.64071449724126,87.00694237159954,88.26221828662985,260673700,0.023780314253111,91.05709838867188,92.95149810791015,86.95156860351562
2011-09-27,90.51860809326172,92.07422561120643,89.97952829461407,91.28101432046707,311753900,0.011183444091344974,90.93405799865722,92.76054504394531,86.95156860351562
2011-09-28,88.67034149169922,91.25020522516814,88.53942438406287,90.70342859139438,286696800,-0.020418637012825314,90.70634841918945,92.5001431274414,86.95156860351562
2011-09-29,89.37115478515625,90.58792258044222,87.73852153545924,90.14126381087766,298108900,0.007903581757634726,90.49299125671386,92.25498275756836,86.95156860351562
2011-09-30,87.1378402709961,88.90908756251359,87.0762301368218,88.1389785117323,288392300,-0.024989209544499347,90.21700325012208,91.93696182250977,86.95156860351562
2011-10-03,84.65809631347656,87.7539324095722,84.56568110334447,86.62957379256368,365136800,-0.028457716530586485,89.93539772033691,91.56796737670898,83.35044860839844
2011-10-04,86.51405334472656,86.6988837587865,82.73282072460928,83.44131968544056,459177500,0.02192297148258171,89.77953147888184,91.2475830078125,83.35044860839844
2011-10-05,88.1158676147461,88.34690265770841,85.92876094335432,86.72967498336779,284108000,0.018515075968489114,89.57734413146973,90.96689651489258,83.35044860839844
2011-10-06,89.70999908447266,89.84092208467099,87.41507746981266,88.0696689689419,257800800,0.01809130991816721,89.50274772644043,90.75992477416992,83.35044860839844
2011-10-07,89.10932922363281,90.29529802211357,88.60875710001606,90.23368787987565,312657900,-0.006695684616764286,89.51763496398925,90.54676177978516,83.35044860839844
2011-10-10,92.08966064453125,92.12816257971033,90.61874923476252,90.62645197198513,230666300,0.03344578448591906,89.65280838012696,90.40684341430664,83.35044860839844
2011-10-11,92.18203735351562,92.44387744718058,91.45043621398968,91.5428514015417,209088000,0.001003117052857272,89.75161209106446,90.27720016479492,83.35044860839844
2011-10-12,92.99065399169922,94.06110494235321,92.66720964879619,92.87513647624387,281544900,0.00877195450869217,89.82840766906739,90.21414169311524,83.35044860839844
2011-10-13,92.80587005615234,93.0831098642361,91.73541863762182,92.44391775807256,212538800,-0.001987123733567575,89.81705055236816,90.13696838378907,83.35044860839844
2011-10-14,94.39228820800781,94.41539054486292,93.36034465869908,93.8840191707942,211397600,0.017093941912247557,89.8574836730957,90.18208114624024,83.35044860839844
2011-10-17,92.59020233154297,94.37685487379713,92.35916729464064,93.94558986327712,202311600,-0.019091452391679198,89.85440292358399,90.19391052246094,83.35044860839844
2011-10-18,94.39999389648438,95.1084930010358,91.79702085405167,92.52092543396618,318857900,0.019546253484369558,89.94720115661622,90.36176086425782,83.35044860839844
2011-10-19,93.2833251953125,94.78504165921592,92.9598807417211,94.24596169443,226601300,-0.01182911836198186,90.12047729492187,90.42729248046875,83.35044860839844
2011-10-20,93.69145965576172,94.03030360560108,92.2744561025962,93.5143320083166,262075600,0.004375213464943295,90.45932312011719,90.58051147460938,83.35044860839844
2011-10-21,95.47042846679688,95.58594600979373,94.50779206760026,94.79272868146403,278999400,0.018987523703562603,90.86093521118164,90.69208343505859,83.35044860839844
2011-10-24,96.6409683227539,96.87970608721533,95.53971231393601,95.62442476657314,203215600,0.012260758380948644,91.21710891723633,90.8149609375,83.35044860839844
2011-10-25,94.76193237304688,96.22513504401407,94.55399961422674,96.1789303755947,268596800,-0.01944347187656037,91.42927513122558,90.86195022583007,83.35044860839844
2011-10-26,95.72457122802734,96.08651759893131,94.11504002351127,95.76307316086395,289053800,0.010158497519772824,91.781986618042,90.94397567749023,83.35044860839844
2011-10-27,99.05912017822266,99.66750109169858,97.50349677473658,98.28900533581415,393220200,0.03483482775025459,92.26638488769531,91.09146621704102,83.35044860839844
2011-10-28,99.03604125976562,99.22856854701172,98.41995159039149,98.57397107000176,225906500,-0.00023298125821735738,92.86129493713379,91.31756088256836,83.35044860839844
2011-10-31,96.64871215820312,99.05144928980515,96.51009225634398,97.92709635040052,228146700,-0.024105659628505083,93.46082572937011,91.52456283569336,83.35044860839844
2011-11-01,93.95331573486328,95.11618218949917,93.58366075988151,93.97641806914967,416565800,-0.027888591199516255,93.83278884887696,91.6762774658203,76.33993530273438
2011-11-02,95.48583984375,95.80158744186305,94.56171113670109,95.36262542469476,244717600,0.016311548952796073,94.20128746032715,91.80179458618164,76.33993530273438
2011-11-03,97.22628784179688,97.41881514445389,95.18549725853902,96.47157823017585,291174800,0.018227288997980207,94.57710189819336,91.93699096679687,76.33993530273438
2011-11-04,96.63326263427734,96.80268164860674,95.5012016665322,96.44073541868705,249401600,-0.006099432783903902,94.95329856872559,92.0879084777832,76.33993530273438
2011-11-07,97.2339859008789,97.3340979782758,95.6475570079943,96.56398880469948,196617200,0.006216526796524402,95.21051483154297,92.22494430541992,76.33993530273438
2011-11-08,98.48152923583984,98.58934989298123,96.81039424438993,97.74222535771635,224426300,0.012830321861254212,95.52548942565917,92.33498657226562,76.33993530273438
2011-11-09,94.84662628173828,96.8797135507267,94.61559123393559,96.17891154773314,337982000,-0.03690948934593441,95.61828804016113,92.3674284362793,76.33993530273438
2011-11-10,95.73993682861328,96.2174064548765,94.73879292290364,96.10188894645391,231866500,0.009418474666894827,95.76499137878417,92.4094612121582,76.33993530273438
2011-11-11,97.54200744628906,97.7961389475121,96.87201051014668,96.90281557478757,189924400,0.01882255908421704,95.92247734069824,92.50714935302734,76.33993530273438
2011-11-14,96.61788940429688,98.15040490660463,96.20202977481043,97.18007164660254,159258300,-0.009474051910414616,96.12386169433594,92.63370300292969,76.33993530273438
2011-11-15,97.0953598022461,97.61133150541724,96.04801092315658,96.39455767890644,184709400,0.004941842560348686,96.25862998962403,92.78298263549804,76.33993530273438
2011-11-16,95.55513000488281,97.29557218512286,95.41651014424315,96.11730630741852,235782500,-0.015863062874479916,96.37222023010254,92.85089294433594,76.33993530273438
2011-11-17,94.03801727294922,95.61674318751167,93.36032341901887,95.37800538489901,331219600,-0.01587683185461697,96.38954811096191,92.90761474609376,76.33993530273438
2011-11-18,93.93789672851562,94.53087806272677,93.54513950039559,94.33835081616317,215580400,-0.0010646815759948192,96.31292152404785,93.01014099121093,76.33993530273438
2011-11-21,92.1512222290039,92.6825933079995,91.37341069249119,92.56707581240431,229611600,-0.01901974135822182,96.08843421936035,93.06544158935547,76.33993530273438
2011-11-22,91.78929901123047,92.49009518737753,91.27332148540312,91.95102120572595,216494900,-0.0039274923220662394,95.93980255126954,93.09710830688476,76.33993530273438
2011-11-23,89.763916015625,91.78930673599449,89.763916015625,90.92678241729826,224329100,-0.022065567745077397,95.64176979064942,93.06329177856445,76.33993530273438
2011-11-25,89.5945053100586,90.64185433654417,89.48669048752042,89.62531038442195,99557000,-0.0018872918326883203,95.16853904724121,92.99452163696289,76.33993530273438
2011-11-28,92.18977355957031,92.55172583123283,91.50437682723931,92.05885640293788,210686000,0.028966823808338482,94.82622566223145,92.96664459228515,76.33993530273438
2011-11-29,92.45158386230469,93.18318503095672,92.11273403658872,92.45158386230469,199241500,0.0028399061265207415,94.61636924743652,92.96263992309571,76.33993530273438
2011-11-30,96.25593566894531,96.43306334881592,92.41309286894233,95.10077200808352,324439500,0.041149666103143634,94.73150024414062,93.03687805175781,76.33993530273438
2011-12-01,96.24053955078125,96.75651126117161,95.82467991278311,96.14812433940396,176954800,-0.00015994980524647318,94.76923522949218,93.16533279418945,83.15767669677734
2011-12-02,96.15581512451172,97.41879347902466,96.09420499125116,97.12615415923555,221109700,-0.0008803403084084449,94.71571159362793,93.35015823364257,83.15767669677734
2011-12-05,97.20317077636719,97.94247480148746,96.60248662317359,97.68063465430768,225263900,0.010892275734954326,94.74420700073242,93.54545791625976,83.15767669677734
2011-12-06,97.2339859008789,97.88857752332545,96.84893131409073,97.1954780920134,178842100,0.0003170176884723652,94.74420700073242,93.69978775024414,83.15767669677734
2011-12-07,97.59590911865234,98.00406591915025,96.24051573124433,96.9105067526409,237802500,0.0037221884346321232,94.69992599487304,93.84133377075196,83.15767669677734
2011-12-08,95.45502471923828,97.17237067164655,95.22399550453567,96.9567410544042,240862800,-0.02193621042877192,94.73034591674805,93.97702743530273,83.15767669677734
2011-12-09,97.07225799560547,97.31869268170172,95.80157675851346,95.88628923268402,209111400,0.016942358782305655,94.79696197509766,94.13104949951172,83.15767669677734
2011-12-12,95.65522003173828,96.2405044057948,94.84660926047363,96.22509893845779,215826100,-0.014597764522293666,94.70262260437012,94.30139709472657,83.15767669677734
2011-12-13,94.76193237304688,96.70260482772466,94.29986218698726,96.15582804138502,245159800,-0.00933861903610711,94.60982475280761,94.50347381591797,83.15767669677734
2011-12-14,93.75304412841797,94.74648519036435,93.54511733659844,94.38453311250825,238618800,-0.010646556263302465,94.44270896911621,94.6482536315918,83.15767669677734
2011-12-15,94.09194946289062,94.8774583215582,93.94562682358821,94.7465411576915,199109200,0.003614872856911644,94.3695499420166,94.76777526855469,83.15767669677734
2011-12-16,94.2314224243164,95.28541367253746,94.0066795945703,94.72742352294603,220481400,0.001482304939178558,94.37922019958496,94.85820373535157,83.15767669677734
2011-12-19,93.22394561767578,94.7971810850029,93.02244570227175,94.59568116959888,183903000,-0.01069151648909683,94.34352264404296,94.94049606323242,83.15767669677734
2011-12-20,96.04489135742188,96.20763919251966,93.28591792156412,94.68865348554584,225418100,0.030259883563769963,94.53820610046387,95.01960067749023,83.15767669677734
2011-12-21,96.23090362548828,96.37815422464425,95.13041470739854,96.044906914211,194230900,0.0019367221456285666,94.76028633117676,95.1005780029297,83.15767669677734
2011-12-22,97.08340454101562,97.18415745048009,96.27741674167643,96.58740932016254,119465400,0.008858910011331877,95.12626075744629,95.18243301391601,83.15767669677734
2011-12-23,97.95137786865234,97.98237830231666,97.19188793842528,97.39338188815107,92187200,0.00894049123782037,95.54410438537597,95.28534317016602,83.15767669677734
2011-12-27,98.0289077758789,98.28465700197322,97.6956603968642,97.78091013889563,86075700,0.0007915142074930159,95.8360610961914,95.35807556152344,83.15767669677734
2011-12-28,96.74242401123047,98.0599103780674,96.66492585660421,98.04441311223422,119107100,-0.013123514214701815,96.0506031036377,95.44111999511719,83.15767669677734
2011-12-29,97.7421646118164,97.84291161995115,96.76567132345089,97.06016667142711,123507200,0.010334045387056623,96.12491455078126,95.50796340942382,83.15767669677734
2011-12-30,97.26165771484375,97.90490356340737,97.26165771484375,97.66465162329628,95599000,-0.004916065639440137,96.17597045898438,95.58753005981445,83.15767669677734
2012-01-03,98.81163024902344,99.49362803018268,98.75738096304292,99.01313013097764,193697900,0.015936110596880493,96.30876121520996,95.6899334716797,85.34132385253906
2012-01-04,98.96663665771484,99.05188638909269,98.19939498804351,98.579140028808,127186500,0.0015687061158768945,96.39693450927734,95.75985763549805,85.34132385253906
2012-01-05,99.23013305664062,99.3773836699681,97.98239933204096,98.43189684755578,173895000,0.0026624770511005647,96.49674186706542,95.81164093017578,85.34132385253906
2012-01-06,98.97440338134766,99.3696516588395,98.64890758234506,99.35414848018401,148050000,-0.0025771372809406667,96.5656665802002,95.8958903503418,85.34132385253906
2012-01-09,99.21466827392578,99.33865824294122,98.74192177975978,99.1991650932506,99530200,0.002427545752939686,96.75364875793457,95.96569229125977,85.34132385253906
2012-01-10,100.07488250732422,100.47787048440621,99.93537757259693,100.27637649586521,115282000,0.008670232419902169,96.90377998352051,95.9860075378418,85.34132385253906
2012-01-11,100.12911224365234,100.26085965960901,99.60212257982566,99.76486451846633,111540700,0.0005418915812782643,97.12747459411621,96.00786895751953,85.34132385253906
2012-01-12,100.36936950683594,100.5166201134113,99.61762512360461,100.41587903427417,118983700,0.0023994746163229497,97.40784645080566,96.0822821044922,85.34132385253906
2012-01-13,99.85013580322266,100.01288960247172,98.98214707511967,99.69513950541277,179836200,-0.005173228706771171,97.7127010345459,96.20021850585937,85.34132385253906
2012-01-17,100.23760986328125,100.9971116546116,99.89661098969732,100.81110904389577,132209200,0.003880556164912896,98.01998405456543,96.29525390625,85.34132385253906
2012-01-18,101.34586334228516,101.40010671665488,100.0361229516828,100.21436807526571,163395200,0.01105626401622617,98.37570610046387,96.37764541625977,85.34132385253906
2012-01-19,101.8806381225586,101.96588787004173,101.3691396376598,101.69463544837879,126328900,0.00527673022496522,98.80854072570801,96.48259292602539,85.34132385253906
2012-01-20,102.26036834716797,102.26036834716797,101.46212615691353,101.71012970071988,138230200,0.0037272069708924604,99.11931457519532,96.58312057495117,85.34132385253906
2012-01-23,101.9968490600586,102.49284420360217,101.50859959085928,101.91934501478801,129295800,-0.002576944434766193,99.40761184692383,96.65342697143555,85.34132385253906
2012-01-24,101.8806381225586,101.91163265552478,101.21414332190707,101.3691396376598,103083300,-0.0011393581132254083,99.64747352600098,96.79410720825196,85.34132385253906
2012-01-25,102.73311614990234,102.97336219531375,101.3303800844022,101.72562243406676,198613200,0.008367419394431419,99.88656044006348,96.93397079467773,85.34132385253906
2012-01-26,102.20609283447266,103.38407382087594,101.80309311519989,103.19032554772929,184880500,-0.005130023649440263,100.09541969299316,97.0272525024414,85.34132385253906
2012-01-27,102.15962982177734,102.33787498245458,101.64037386706774,101.71013225642852,135259100,-0.0004546012024014834,100.36627998352051,97.13808731079102,85.34132385253906
2012-01-30,101.81086730957031,101.865122517469,100.7956279659525,101.14437259022023,147311800,-0.0034138975720200415,100.5697151184082,97.2323974609375,85.34132385253906
2012-01-31,101.77210998535156,102.43859276713304,101.27610299814357,102.3146028457885,157212000,-0.00038067963904975244,100.7952377319336,97.35673706054688,85.34132385253906
2012-02-01,102.663330078125,103.18257400155166,102.39983527975124,102.52382518016184,166234500,0.00875701695584108,100.98782272338867,97.5292433166504,79.63497161865234
2012-02-02,102.82608032226562,103.08958696743196,102.4618444394057,102.86483234291859,113090400,0.0015852811711520864,101.18079490661621,97.7070069885254,79.63497161865234
2012-02-03,104.26756286621094,104.32956373112228,103.67082671416892,103.84907180987915,160598500,0.01401864720922541,101.43266639709472,97.94933380126953,79.63497161865234
2012-02-06,104.19786834716797,104.2443660627009,103.71737618604536,103.83362047487769,107694500,-0.0006684199489001008,101.69383964538574,98.19750518798828,79.63497161865234
2012-02-07,104.46133422851562,104.6395911890902,103.57009672747655,103.98084220104674,135528100,0.0025285150793088462,101.95617294311523,98.4914535522461,79.63497161865234
2012-02-08,104.77135467529297,104.79460353015486,104.08935673145021,104.51560544635194,139361400,0.002967800948235677,102.19099655151368,98.79499053955078,79.63497161865234
2012-02-09,104.9030990600586,105.08134421727364,104.28310202246638,104.94185109218185,148602900,0.0012574466100387927,102.42969589233398,99.04925704956055,79.63497161865234
2012-02-10,104.12812042236328,104.21337017488776,103.72512051720561,103.97312409744467,167907500,-0.007387566665229106,102.61763343811035,99.28278778076172,79.63497161865234
2012-02-13,104.9030990600586,105.02710083266902,104.42260697301809,104.87210452963595,115841900,0.0074425489920673105,102.87028160095215,99.45573104858398,79.63497161865234
2012-02-14,104.77135467529297,104.83335556341143,104.04285902172643,104.62410404419417,165329500,-0.0012558674238041245,103.09696884155274,99.62634735107422,79.63497161865234
2012-02-15,104.28307342529297,105.26731800911,104.07382196957764,105.112321748581,195195100,-0.004660446087704773,103.24382934570312,99.78889251708985,79.63497161865234
2012-02-16,105.43785095214844,105.53084637292905,104.10486140214441,104.29086406916605,186567800,0.011073489579138007,103.42168998718262,99.95358612060546,79.63497161865234
2012-02-17,105.71685791015625,105.88735741286679,105.36811322750702,105.80210766151153,129869400,0.0026461745520063307,103.59451446533203,100.12324356079101,79.63497161865234
2012-02-21,105.7633056640625,106.21280306565149,105.4378099923165,105.9647996059655,134042300,0.000439359954736096,103.78283729553223,100.28659149169921,79.63497161865234
2012-02-22,105.42229461669922,105.82529427931233,105.23629204346521,105.6005396918061,124455300,-0.0032242850695914926,103.95992012023926,100.48593688964844,79.63497161865234
2012-02-23,105.88731384277344,105.96480605955296,105.01156783242337,105.3680698710701,137704300,0.004411014081650899,104.11763000488281,100.66223800659179,79.63497161865234
2012-02-24,106.11980438232422,106.32905584006576,105.88731590200781,106.11980438232422,105539100,0.0021956411123620345,104.3133155822754,100.87152969360352,79.63497161865234
2012-02-27,106.29810333251953,106.58484712188405,105.24411177848332,105.41461128174369,145728900,0.0016801665931549525,104.5202392578125,101.10225311279297,79.63497161865234
2012-02-28,106.60810089111328,106.73210268564543,106.11985121605669,106.32910276614695,129355900,0.0029163037615451692,104.76010093688964,101.35935424804687,79.63497161865234
2012-02-29,106.18955993652344,107.09630046208778,105.81755472696642,106.76304727337502,185934700,-0.003925977023240712,104.98097343444825,101.60130645751953,79.63497161865234
2012-03-01,106.73980712890625,106.94131292354336,106.11981022121672,106.41431141309717,145023500,0.005181744728123272,105.1847972869873,101.85147415161133,92.4458236694336
2012-03-02,106.41431427001953,106.80956836982999,106.17406827038606,106.67006344476225,120638300,-0.00304940460023162,105.364208984375,102.1152815246582,92.4458236694336
2012-03-05,105.98030090332031,106.32904541505913,105.61605321926149,106.2515532043703,140765000,-0.004078524300762165,105.44984588623046,102.31398971557617,92.4458236694336
2012-03-06,104.43032836914062,104.95731804201964,104.12808150958774,104.89532899558682,202129900,-0.01462510033438802,105.4614688873291,102.47797821044922,92.4458236694336
2012-03-07,105.15886688232422,105.32936639345702,104.56986427097016,104.67061720722009,143692200,0.006976311619057096,105.49634552001953,102.6394874572754,92.4458236694336
2012-03-08,106.20504760742188,106.422056551545,105.58506259720515,105.80205971587222,116968900,0.009948573583132614,105.56803016662597,102.80456085205078,92.4458236694336
2012-03-09,106.6158218383789,106.89480804222609,106.27482293306619,106.40657036003556,122836800,0.003867746780505499,105.65366630554199,102.97629913330078,92.4458236694336
2012-03-12,106.62353515625,106.76302821584159,106.24378434049342,106.60028631298474,104003500,7.234684062917829e-05,105.77843704223633,103.17392135620118,92.4458236694336
2012-03-13,108.54557037353516,108.59982558608769,107.01883247645414,107.19708946730351,184090500,0.01802636926705281,105.96056060791015,103.38998947143554,92.4458236694336
2012-03-14,108.4293212890625,108.84781249043102,108.09606800285022,108.5765719160777,145163600,-0.001070970322166187,106.14345893859863,103.61334274291993,92.4458236694336
2012-03-15,109.05703735351562,109.10353505058724,108.31303872399859,108.59203673188534,165118500,0.005789172679405485,106.38215713500976,103.81825088500976,92.4458236694336
2012-03-16,109.20803833007812,109.34814272500533,108.97451912791944,109.25473979505387,152893500,0.0013846055259416623,106.57066650390625,104.02307891845703,92.4458236694336
2012-03-19,109.63619232177734,109.97089418657004,109.06017967675068,109.13802339647572,125291100,0.003920535504951861,106.76663322448731,104.23120010375976,92.4458236694336
2012-03-20,109.31706237792969,109.44938721498231,108.69434817975791,109.0134908394477,121729700,-0.002910808347949767,106.94432106018067,104.4380532836914,92.4458236694336
2012-03-21,109.13803100585938,109.48051251558964,108.91229132928808,109.37932992563327,122388400,-0.0016377257875020979,107.13010787963867,104.63652053833007,92.4458236694336
2012-03-22,108.35186004638672,108.62430123298823,107.9938073821924,108.33628892442165,135216700,-0.007203455589467667,107.25333518981934,104.80206008911132,92.4458236694336
2012-03-23,108.70211029052734,108.82665548555538,107.84588879859753,108.44525215704687,120521000,0.003232526363559307,107.3824504852295,104.97352005004883,92.4458236694336
2012-03-26,110.22779083251953,110.22779083251953,109.44162133346109,109.48053132543757,120164000,0.014035427076020124,107.5789348602295,105.1706884765625,92.4458236694336
2012-03-27,109.88522338867188,110.39896321150191,109.81517119754385,110.3289110203739,119868500,-0.0031078137487864366,107.74279098510742,105.37139022827148,92.4458236694336
2012-03-28,109.34040069580078,110.00203668316188,108.69433582787799,109.83079000119275,148562100,-0.004958106978078525,107.90033302307128,105.55344604492187,92.4458236694336
2012-03-29,109.15357208251953,109.35596098331827,108.26620839897646,108.69432506149349,164963700,-0.0017086878417523765,108.02102127075196,105.70960021972657,92.4458236694336
2012-03-30,109.60502624511719,109.79184400545606,109.01345448663295,109.69064956727898,135486800,0.0041359540872960565,108.18055686950683,105.86408798217774,92.4458236694336
2012-04-02,110.4067611694336,110.69477335404575,109.25474806282766,109.47269616739416,151741100,0.007314764220059056,108.4018798828125,106.02701583862304,88.75997924804688
2012-04-03,109.95530700683594,110.4379166195287,109.30924223479293,110.25109884584612,155806700,-0.0040890082981860365,108.67812881469726,106.1861849975586,88.75997924804688
2012-04-04,108.86557006835938,109.23919375119132,108.46080415020985,109.14579079980402,146896000,-0.009910726168122275,108.86346397399902,106.32588363647461,88.75997924804688
2012-04-05,108.81111145019531,109.1302541379087,108.39856578160446,108.49198063976841,137439400,-0.0005002372938466282,108.9937671661377,106.44744354248047,88.75997924804688
2012-04-09,107.58903503417969,108.85002266172269,107.2932431206433,107.44113907741149,127555900,-0.011231172990774807,109.04242782592773,106.55510238647462,88.75997924804688
2012-04-10,105.78315734863281,107.68243015056488,105.67418326379824,107.37885863729112,235360300,-0.016784960335160304,109.00040893554687,106.62757293701172,88.75997924804688
2012-04-11,106.63935089111328,107.05967595329403,106.44475353547257,106.86507859765331,154133000,0.008093855051600318,108.90509796142578,106.72414260864258,88.75997924804688
2012-04-12,108.03269958496094,108.11832292574294,106.66273800973268,106.740581729456,154321500,0.01306599001404618,108.8852668762207,106.84935440063477,88.75997924804688
2012-04-13,106.74832153320312,108.05602189761906,106.64712711076533,107.78358085749251,169246700,-0.011888789752474205,108.76983108520508,106.93105422973633,88.75997924804688
2012-04-16,106.67828369140625,107.44888169740916,106.31243967505449,107.29320617236785,147825300,-0.0006561025109429464,108.64334335327149,107.00809829711915,88.75997924804688
2012-04-17,108.2584228515625,108.4763709810417,107.18424144392768,107.29321550866727,147877600,0.014812191436517574,108.57445487976074,107.08791549682617,88.75997924804688
2012-04-18,107.89258575439453,108.25842982615045,107.71355946734899,107.77583206225243,123884200,-0.0033792945392302487,108.50323104858398,107.1618098449707,88.75997924804688
2012-04-19,107.19981384277344,108.31290524040287,106.69386536699322,107.90815121069166,198666700,-0.006420940853138046,108.40632019042968,107.21657943725586,88.75997924804688
2012-04-20,107.37883758544922,108.06382419999318,107.3165649952832,107.67462941941722,143199600,0.0016700004996124118,108.35766906738282,107.26872909545898,88.75997924804688
2012-04-23,106.47590637207031,106.56932119905571,105.81428234953738,106.2813089753343,171844900,-0.00840883766003131,108.24635887145996,107.30018524169923,88.75997924804688
2012-04-24,106.8806381225586,107.15307914182652,106.48366383591669,106.56928713820558,137484200,0.00380115806738468,108.07900123596191,107.35523559570312,88.75997924804688
2012-04-25,108.34403228759766,108.3907337554577,107.83029238657556,107.92369532229569,150252200,0.01369185467774825,108.0019416809082,107.42405426025391,88.75997924804688
2012-04-26,109.09911346435547,109.22365867861835,108.04828251960114,108.11055512673258,136291600,0.006969291808832212,107.98987731933593,107.51060943603515,88.75997924804688
2012-04-27,109.27811431884766,109.58946540465787,108.81886731022871,109.42601024165641,130725000,0.0016407177731161404,107.99610443115235,107.61051025390626,88.75997924804688
2012-04-30,108.87335968017578,109.13802119553313,108.57757968121048,109.06017747737793,115092200,-0.0037038947935256195,107.95952110290527,107.67922042846679,88.75997924804688
2012-05-01,109.55055236816406,110.26666934735911,108.68653947028963,108.8110727747671,138832200,0.00622000358928565,107.9167106628418,107.75589431762695,96.01668548583984
2012-05-02,109.22360229492188,109.33257633182569,108.55418696043296,108.91223941999725,121081000,-0.0029844675921251174,107.8801254272461,107.82510025024413,96.01668548583984
2012-05-03,108.39078521728516,109.32485064980449,108.18840813471333,109.23922729231518,143759700,-0.007624881986477372,107.85638618469238,107.88447006225586,96.01668548583984
2012-05-04,106.63935089111328,108.42964893846388,106.57707831203466,107.82250613904725,193927300,-0.016158516820972135,107.74779815673828,107.89951080322265,96.01668548583984
2012-05-07,106.71720123291016,107.07525373831945,106.21903244652452,106.25794241825281,127765900,0.0007300339053673,107.7042064666748,107.91145874023438,96.01668548583984
2012-05-08,106.28909301757812,106.46033966487721,105.02031427912071,106.07892451820528,213377700,-0.00401161397025096,107.72950325012206,107.91127853393554,96.01668548583984
2012-05-09,105.65863037109375,106.33582566202955,104.6856431704227,105.16046139944157,220752500,-0.005931583651580419,107.68046722412109,107.89228912353515,96.01668548583984
2012-05-10,105.87657928466797,106.5226442156472,105.63528035760163,106.39030750343154,150600000,0.002062764894914304,107.57266120910644,107.88602951049805,96.01668548583984
2012-05-11,105.55741882324219,106.53818548701665,105.16822400594202,105.21492548365273,153032400,-0.0030144576220928476,107.5131160736084,107.86238174438476,96.01668548583984
2012-05-14,104.38985443115234,105.55743910741877,104.23417884977393,104.54553001253076,163910000,-0.011060941098275157,107.3986946105957,107.82189254760742,96.01668548583984
2012-05-15,103.79046630859375,104.93469996962035,103.6270111440372,104.319777412246,207629300,-0.00574182353088637,107.17529678344727,107.77809585571289,96.01668548583984
2012-05-16,103.39349365234375,104.73232473600947,103.37014291415167,104.25750659729916,207265500,-0.003824750676711508,106.95034217834473,107.75735916137695,96.01668548583984
2012-05-17,101.86006927490234,103.54139375625878,101.80557629873383,103.41684856268793,247992900,-0.014830956216621116,106.68335494995117,107.69138320922852,96.01668548583984
2012-05-18,100.98828125,102.43608652832837,100.84038531059423,102.25704835047722,319615900,-0.008558682819560404,106.36382713317872,107.58704788208007,96.01668548583984
2012-05-21,102.72406768798828,102.7629895401203,101.15171750465169,101.31518453269352,177861100,0.017187998612346655,106.17623519897461,107.50921279907226,96.01668548583984
2012-05-22,102.90310668945312,103.70484705800615,102.233691132699,102.9887300238269,197531200,0.0017429119143592686,105.97735862731933,107.43480422973633,96.01668548583984
2012-05-23,102.95760345458984,103.10549939006901,101.1828759834071,102.16364267728694,204958400,0.0005295930015134509,105.70803718566894,107.32304489135743,96.01668548583984
2012-05-24,103.15996551513672,103.40126437387708,102.29595264453873,103.23780922059962,167357600,0.0019654892281570913,105.41107978820801,107.2176577758789,96.01668548583984
2012-05-25,102.82525634765625,103.40904846497311,102.5761660098395,103.12103627721235,135465600,-0.0032445645537886314,105.08843688964843,107.09302215576172,96.01668548583984
2012-05-29,104.07071685791016,104.24974319138504,102.10139155782812,103.65039157990692,152883500,0.012112398786957135,104.84830474853516,106.99027572631836,96.01668548583984
2012-05-30,102.56058502197266,104.06288276877706,102.3504284316105,103.18329892929137,162370400,-0.014510631631367676,104.49880638122559,106.84876358032227,96.01668548583984
2012-05-31,102.33491516113281,103.0977338931995,101.45533082447372,102.52173300210872,196186000,-0.0022003566066973734,104.15437202453613,106.70912063598632,96.01668548583984
2012-06-01,99.75841522216797,102.35823366782179,99.75841522216797,100.73140223421952,253240900,-0.025177134655439803,103.72275352478027,106.5215283203125,78.17115783691406
2012-06-04,99.71173095703125,100.20989991809844,98.96447157678801,99.93745875678525,202545800,-0.0004679732033908701,103.37637252807617,106.34872573852539,78.17115783691406
2012-06-05,100.46672821044922,100.61461222343702,99.46259920667327,99.5170862285656,164149400,0.007571799688677716,103.06384887695313,106.18401809692382,78.17115783691406
2012-06-06,102.72406768798828,102.77076915963403,101.13614638834254,101.16728862096083,184202800,0.022468527817593342,102.88559761047364,106.0339436340332,78.17115783691406
2012-06-07,102.78636932373047,103.93838283325495,102.57620076464852,103.8916813484112,184772700,0.0006064950224851096,102.74198455810547,105.89196655273437,78.17115783691406
2012-06-08,103.60363006591797,103.6269807968735,102.19473532701873,102.52166931495461,143915400,0.007951061483780109,102.62833709716797,105.77723114013672,78.17115783691406
2012-06-11,102.28816223144531,104.4987854568568,102.18696780047796,104.43651287451385,169756100,-0.01269712107226062,102.46487426757812,105.63992294311524,78.17115783691406
2012-06-12,103.46353149414062,103.53358369898545,102.09357024228983,102.58394755348482,181931800,0.011490765275808057,102.41855812072754,105.5170930480957,78.17115783691406
2012-06-13,102.8019027709961,103.80601995901677,102.45161800846543,103.15995527510736,172223900,-0.00639480127528802,102.36912994384765,105.36499588012695,78.17115783691406
2012-06-14,103.89165496826172,104.30420048267482,102.7318502542373,103.01207096943129,230615500,0.010600506098541684,102.39403800964355,105.24372283935547,78.17115783691406
2012-06-15,104.95415496826172,105.04804184899852,104.14044081129596,104.35951815889521,169444500,0.010227000429674504,102.54874229431152,105.16549453735351,78.17115783691406
2012-06-18,105.15763092041016,105.41583190500126,104.2813211100349,104.51605036319278,131360900,0.0019387126904120144,102.75720977783203,105.09242492675781,78.17115783691406
2012-06-19,106.17474365234375,106.60507846694706,105.13412016932892,105.68964546432981,137382600,0.009672267462010442,102.9297435760498,105.06413909912109,78.17115783691406
2012-06-20,106.00263977050781,106.48775003483638,105.05591484887448,106.18260561414448,206451800,-0.0016209493511891715,103.08472023010253,105.06852874755859,78.17115783691406
2012-06-21,103.62406158447266,106.23735046871754,103.53799461217369,106.12781177113908,205272200,-0.022438858043391186,103.11804313659668,105.00822296142579,78.17115783691406
2012-06-22,104.42216491699219,104.61777064092428,103.76492061107265,104.1639639287427,130029200,0.007701911315924681,103.18115310668945,104.9360122680664,78.17115783691406
2012-06-25,102.74775695800781,103.3580457223457,102.38001732580125,103.31892219871926,146375700,-0.016034986061775336,103.17727813720703,104.8560009765625,78.17115783691406
2012-06-26,103.26416778564453,103.5771440992006,102.44262137844508,103.04509033556809,141634000,0.0050260058508895256,103.13695068359375,104.78771865844726,78.17115783691406
2012-06-27,104.19523620605469,104.39866182311957,103.25633129362828,103.60841914343521,108088000,0.009016374608691535,103.21868324279785,104.70645492553712,78.17115783691406
2012-06-28,103.89790344238281,104.05439753097465,102.71644948197996,103.5066920985487,169242100,-0.002853611878031348,103.29683265686035,104.62656127929688,78.17115783691406
2012-06-29,106.48771667480469,106.6207270791989,105.50968846118165,105.78352919770352,212250900,0.024926520618946624,103.63329772949218,104.6123193359375,78.17115783691406
2012-07-02,106.80850982666016,106.91804851823372,106.03391905725503,106.7850381026674,129524500,0.0030124897206229573,103.98813667297364,104.60091278076172,77.82243347167969
2012-07-03,107.5127182006836,107.59095331621543,106.67552008660537,106.78505879940938,80450000,0.006593186022034292,104.34043617248535,104.62164901733398,77.82243347167969
2012-07-05,107.0276107788086,107.8178654566635,106.6363993743496,107.11367776534254,126177500,-0.004512093359685054,104.55561332702636,104.62458847045899,77.82243347167969
2012-07-06,106.01044464111328,106.22952201869688,105.50969464394765,105.99479284590825,151192100,-0.009503773187999776,104.71681709289551,104.57791671752929,77.82243347167969
2012-07-09,105.8774185180664,106.07302414322794,105.39230844926828,105.92436195789399,103780500,-0.001254839780148287,104.83050651550293,104.51348281860352,77.82243347167969
2012-07-10,104.95415496826172,106.58941514813466,104.59423536073723,106.41728124090382,167884800,-0.008720117686352058,104.96380615234375,104.4270036315918,77.82243347167969
2012-07-11,104.96983337402344,105.31410127576636,104.35954461686936,105.00895689718932,141733400,0.0001493833737831185,105.03912124633788,104.34893310546875,77.82243347167969
2012-07-12,104.46125030517578,105.02459560388337,103.74925472218455,104.35954347264727,143583200,-0.004845040260619382,105.12208862304688,104.24714706420899,77.82243347167969
2012-07-13,106.21390533447266,106.32344405947453,104.71947477715567,104.73512657753469,129642600,0.016778039935158917,105.23820114135742,104.186953125,77.82243347167969
2012-07-16,105.96351623535156,106.27649252503194,105.54883309799669,105.97134810435901,97525200,-0.0023574041302087956,105.28866920471191,104.13840774536133,77.82243347167969
2012-07-17,106.6911392211914,106.91021657972772,105.27495631821712,106.38599490474292,138860300,0.0068667312268473335,105.36534461975097,104.1394435119629,77.82243347167969
2012-07-18,107.48141479492188,107.69267229100039,106.37820773501029,106.44079105201756,113349700,0.007407134083478706,105.43067817687988,104.15472778320313,77.82243347167969
2012-07-19,107.76306915283203,108.11515696054471,107.35621796734382,107.7004739076441,129847300,0.0026204935843798793,105.5186996459961,104.1842073059082,77.82243347167969
2012-07-20,106.77719116210938,107.31706455501134,106.65983257183457,107.15275058980768,142904500,-0.009148570085030339,105.67635612487793,104.20657852172852,77.82243347167969
2012-07-23,105.697509765625,106.70684202168322,104.71948111221853,105.21241137395982,145210900,-0.01011153585080915,105.74012336730956,104.20299713134766,77.82243347167969
2012-07-24,104.7898941040039,105.82269807089612,104.08571826390545,105.77575460673303,173301200,-0.008586916225686414,105.84223022460938,104.1876466369629,77.82243347167969
2012-07-25,104.81336975097656,105.28281629549525,104.25784427698049,105.00897546256564,129122300,0.000224025867889166,105.91969032287598,104.19611694335937,77.82243347167969
2012-07-26,106.54252624511719,106.76943557480898,105.83051853154471,106.32344878537583,156526500,0.016497480218877536,106.0370548248291,104.25115814208985,77.82243347167969
2012-07-27,108.50636291503906,108.81151919727567,106.51901471874066,107.10583168214025,236768900,0.018432420735019717,106.26747779846191,104.35341552734376,77.82243347167969
2012-07-30,108.50636291503906,109.0227647081479,108.18557871521844,108.38118436968497,106782000,0.0,106.36841011047363,104.48634140014649,77.82243347167969
2012-07-31,107.74745178222656,108.65505317980977,107.74745178222658,108.35774062664663,120575900,-0.006994162484339594,106.41535720825195,104.62152481079102,77.82243347167969
2012-08-01,107.6535873413086,108.54554916359959,107.50492504778867,108.52207742660472,138293800,-0.0008711523044432345,106.4224006652832,104.72011520385742,82.80802154541016
2012-08-02,106.91024017333984,107.63789951242175,106.0808739988769,106.83982499373222,199556600,-0.0069049920799388875,106.41653213500976,104.80025787353516,82.80802154541016
2012-08-03,109.03060150146484,109.2574988178163,106.94152251120909,108.41248091968214,157825000,0.019833098538429406,106.56753997802734,104.92171783447266,82.80802154541016
2012-08-06,109.24188995361328,109.67222496976801,109.19494648618311,109.32013702521483,86326200,0.0019378821105155986,106.73576354980469,105.0433563232422,82.80802154541016
2012-08-07,109.7895278930664,110.25897421678621,109.56261868860521,109.67997728483027,109545100,0.00501307639116888,106.97753219604492,105.1826417541504,82.80802154541016
2012-08-08,109.92259216308594,110.04777074747895,109.39053840882032,109.42184200903763,89754700,0.0012119941908224074,107.22517013549805,105.29967926025391,82.80802154541016
2012-08-09,110.01649475097656,110.23557222838984,109.65657493018213,109.76611366888876,90291700,0.0008542610399080441,107.50293235778808,105.44879745483398,82.80802154541016
2012-08-10,110.19644165039062,110.23556518432024,109.39054699451137,109.57050092399594,99792700,0.0016356356364686242,107.70205917358399,105.60602798461915,82.80802154541016
2012-08-13,110.14163970947266,110.19640308674838,109.57046257940391,110.00862929172055,79426900,-0.0004973113477823032,107.91096534729004,105.81369247436524,82.80802154541016
2012-08-14,110.15731811523438,110.61895671347645,109.82870192011676,110.5485295768734,102379400,0.0001423476698101389,108.08427429199219,106.02260421752929,82.80802154541016
2012-08-15,110.28245544433594,110.47024115330606,109.96949120153967,110.03990636534574,71085900,0.0011359874336325237,108.2243263244629,106.21891876220702,82.80802154541016
2012-08-16,111.09620666503906,111.22921709520442,110.1651217150583,110.43896250463759,112014200,0.0073787912812102174,108.39098320007324,106.38636154174804,82.80802154541016
2012-08-17,111.2448959350586,111.33879481306096,110.99452678431638,111.28401947265729,90813700,0.0013383829608857312,108.6143684387207,106.5555320739746,82.80802154541016
2012-08-20,111.252685546875,111.27615727275305,110.78322715166794,111.08837152690565,78255700,7.002219518414954e-05,108.8921272277832,106.70851318359375,82.80802154541016
2012-08-21,110.916259765625,111.95688359673628,110.67371059048351,111.52654863818269,105581100,-0.0030239789682042773,109.19844551086426,106.88107513427734,82.80802154541016
2012-08-22,110.96319580078125,111.14314968338059,110.37637876120566,110.63456775245447,133243500,0.000423166407300668,109.5059368133545,107.03106842041015,82.80802154541016
2012-08-23,110.05560302734375,110.69718356828619,109.88346904198288,110.6893636376154,111466400,-0.008179223452314366,109.68159065246581,107.17614242553711,82.80802154541016
2012-08-24,110.72063446044922,110.97101546069567,109.71131440791083,109.78172958717145,99481200,0.006042685831635808,109.79230422973633,107.31272201538086,82.80802154541016
2012-08-27,110.74408721923828,111.16660210008236,110.58760509029725,111.01793989900096,68785900,0.00021181922324919888,109.9041904449463,107.4285206604004,82.80802154541016
2012-08-28,110.63457489013672,110.97884281911018,110.29813882970976,110.46244092565,75689600,-0.0009888774367227127,110.0485466003418,107.53805953979492,82.80802154541016
2012-08-29,110.72063446044922,111.01795891353606,110.41549007816336,110.72846632847141,65421300,0.0007778722917131109,110.20189895629883,107.62897735595703,82.80802154541016
2012-08-30,109.92259216308594,110.27468006316553,109.68786291675772,110.24337646294822,96589900,-0.007207710660729227,110.35251655578614,107.7073764038086,82.80802154541016
2012-08-31,110.44683837890625,110.96324044682464,109.82089756374712,110.54854525495463,151970400,0.004769230833298721,110.4233283996582,107.84383193969727,82.80802154541016
2012-09-04,110.3450927734375,110.68154080466617,109.64091698911726,110.35291270390324,120226200,-0.0009212179086529604,110.47848854064941,107.96229049682617,74.87835693359375
2012-09-05,110.25114440917969,110.68929904757822,110.03206708998042,110.39197471202843,100660300,-0.0008514050049394095,110.50156936645507,108.1123582458496,74.87835693359375
2012-09-06,112.48885345458984,112.49667337934055,110.90835712134998,110.91617704610069,158272500,0.020296470004023348,110.62988243103027,108.29685195922852,74.87835693359375
2012-09-07,112.92709350585938,112.9740369675339,112.57500560447502,112.67671245849466,107272100,0.003895853125096105,110.77541236877441,108.4714891052246,74.87835693359375
2012-09-10,112.28546905517578,113.01312832042152,112.24635747413352,112.81752265992198,86458500,-0.005681758298776263,110.87986373901367,108.63924041748047,74.87835693359375
2012-09-11,112.59846496582031,112.95837275833765,112.3246122177024,112.35591581459687,88760000,0.0027875014752865024,111.00270500183106,108.76145538330078,74.87835693359375
2012-09-12,112.97401428222656,113.09920478077053,112.59062285749431,112.97401428222656,87640900,0.0033352969467235205,111.14353981018067,108.88476547241211,74.87835693359375
2012-09-13,114.69536590576172,115.04745381028793,112.66107360248493,112.95838617535178,225470200,0.015236704072805196,111.36418533325195,109.02841842651367,74.87835693359375
2012-09-14,115.2039566040039,115.88466073322792,114.82838500134623,114.92228387142389,169777000,0.004434274168147789,111.5695728302002,109.19194534301758,74.87835693359375
2012-09-17,114.812744140625,115.16483206858271,114.5232395404064,114.9692263376255,119427800,-0.003395824891011645,111.74796524047852,109.36799133300781,74.87835693359375
2012-09-18,114.71887969970703,114.86754201006187,114.42938695143496,114.61717280748789,98326600,-0.0008175437458667334,111.92127494812011,109.54482055664063,74.87835693359375
2012-09-19,114.78142547607422,115.14916515712433,114.55452811102137,114.85184066466046,128318300,0.0005452090931405973,112.11453323364258,109.74136596679688,74.87835693359375
2012-09-20,114.78923797607422,114.85182128504098,113.94422003914971,114.2571843392746,154009800,6.806414859883425e-05,112.30583534240722,109.9377540588379,74.87835693359375
2012-09-21,114.74127197265625,115.37055401017847,114.69407792028949,115.34695698399509,108737500,-0.0004178615022077947,112.54011878967285,110.1433544921875,74.87835693359375
2012-09-24,114.56818389892578,114.82776310971605,114.08835784308067,114.17488424667742,95682000,-0.0015085075383486357,112.73249626159668,110.31044006347656,74.87835693359375
2012-09-25,113.34896850585938,115.03229059569725,113.31749781115964,114.81204374301217,133165200,-0.010641832239760562,112.86274032592773,110.45814910888672,74.87835693359375
2012-09-26,112.71182250976562,113.35683977764623,112.44438159493653,113.32538108283575,146502200,-0.005621100963621117,112.96660270690919,110.57856277465821,74.87835693359375
2012-09-27,113.77374267578125,114.03332193163985,112.88488146655834,113.18379309498125,111830300,0.009421550839741055,113.11925811767578,110.70440933227539,74.87835693359375
2012-09-28,113.2467041015625,113.71079481581955,112.8455427726789,113.34109217834617,150696100,-0.004632339253536233,113.28546371459962,110.81408203125,74.87835693359375
2012-10-01,113.54566955566406,114.59971025503762,113.27821654028975,113.67939006207186,135911200,0.0026399483894334885,113.4404052734375,110.94945159912109,69.28050994873047
2012-10-02,113.66365051269531,114.17493548906477,113.13663018245902,113.99402092854979,113422200,0.001039061705241151,113.6063331604004,111.1087744140625,69.28050994873047
2012-10-03,114.12773132324219,114.39517230250378,113.37260244032035,113.9704138061799,121283100,0.004082930721066802,113.80016250610352,111.29553115844726,69.28050994873047
2012-10-04,114.94580078125,115.11097997207075,114.40304514915334,114.5603626650731,124311600,0.007168016471744254,113.92300987243652,111.49817977905273,69.28050994873047
2012-10-05,114.95362091064453,115.75595555518689,114.60751529917322,115.55930573071934,124842100,6.803318904546884e-05,114.02433624267579,111.66640167236328,69.28050994873047
2012-10-08,114.56034088134766,114.93790524827234,114.30076162828854,114.52888218516843,78415400,-0.0034212061019163187,114.13807983398438,111.78748123168945,69.28050994873047
2012-10-09,113.42764282226562,114.56820966983375,113.38831044768281,114.47382157287946,148872900,-0.009887348888523162,114.17953872680664,111.88590682983398,69.28050994873047
2012-10-10,112.7039566040039,113.52202666900453,112.55450080351991,113.41189123491834,124247500,-0.006380157431250644,114.16603584289551,111.98503692626953,69.28050994873047
2012-10-11,112.76689910888672,113.65576033984478,112.7433020852821,113.49056917205722,123601500,0.0005584764437682743,114.06961250305176,112.0873031616211,69.28050994873047
2012-10-12,112.397216796875,113.23101045567776,112.15337284034483,112.84558433182974,124181900,-0.0032782874667393047,113.92927551269531,112.19704269409179,69.28050994873047
2012-10-15,113.33323669433594,113.45122179675774,112.30279345800675,112.66462244046936,107689100,0.008327785368142271,113.85530014038086,112.28309539794923,69.28050994873047
2012-10-16,114.48168182373047,114.56034657191827,113.78948245041063,113.86813519604301,108815500,0.010133348017686394,113.84344024658203,112.38789123535156,69.28050994873047
2012-10-17,115.0008773803711,115.09527750909982,114.38733055515115,114.56038345483465,128834100,0.004535184567257211,113.85441284179687,112.49211822509766,69.28050994873047
2012-10-18,114.70193481445312,115.25255201576124,114.31649677226004,114.70193481445312,148108500,-0.0025994807407355713,113.85004768371581,112.587705078125,69.28050994873047
2012-10-19,112.79049682617188,114.49741622521675,112.5230558886379,114.48955455148528,185645200,-0.01666439185505697,113.7525089263916,112.64318511962891,69.28050994873047
2012-10-22,112.8062515258789,113.01076310097505,111.91739013698755,112.60172794822539,125578600,0.00013968109149575803,113.66441230773925,112.69538131713867,69.28050994873047
2012-10-23,111.2409439086914,111.74436730797916,110.77685290049313,111.58704974618185,192056300,-0.01387607154758086,113.55901107788085,112.71736740112304,69.28050994873047
2012-10-24,110.92623138427734,111.77576002828128,110.75317858628289,111.64202759137922,120179400,-0.002829106921929614,113.46973152160645,112.7327456665039,69.28050994873047
2012-10-25,111.24876403808594,111.91737842921951,110.57229997525091,111.71286687551748,134457400,0.0029076319440732856,113.34348258972167,112.75207183837891,69.28050994873047
2012-10-26,111.18587493896484,111.57130111914225,110.43073392856803,111.14654255255348,146023500,-0.0005653015533688688,113.2404411315918,112.75386520385742,69.28050994873047
2012-10-31,111.18587493896484,111.7207569859699,110.6588425656592,111.57917479796004,103438500,0.0,113.12245140075683,112.75268478393555,69.28050994873047
2012-11-01,112.35005187988281,112.49163408392101,111.31960805306962,111.4218578662437,100995600,0.010470547104630246,113.05677146911621,112.7746321105957,81.66366577148438
2012-11-02,111.35102844238281,113.05008632146789,111.23304331295596,113.01861561858313,137702200,-0.008892060313137051,112.91793632507324,112.78332748413087,81.66366577148438
2012-11-05,111.57914733886719,111.8308529453498,110.85546521415866,111.18584757666117,98378500,0.002048646516115582,112.74960365295411,112.79564651489258,81.66366577148438
2012-11-06,112.45230102539062,112.8927949472922,111.79942181880106,111.91740697553928,107068100,0.007825419958369606,112.62453765869141,112.84358047485351,81.66366577148438
2012-11-07,109.90367889404297,111.44540713360769,109.38452036329846,111.42968378604965,264304500,-0.022664028286732862,112.39170455932617,112.82724136352539,81.66366577148438
2012-11-08,108.58219146728516,110.44644047438499,108.49566504077373,109.88794953916462,181517300,-0.01202405087851377,112.14943199157715,112.78400344848633,81.66366577148438
2012-11-09,108.67662048339844,109.68346716745806,108.19679417282634,108.25184991204124,201055300,0.0008696547273290278,111.94806518554688,112.74484436035156,81.66366577148438
2012-11-12,108.76312255859375,109.1878810322013,108.51927861980454,109.0148281719206,97677500,0.0007959584573991041,111.74787635803223,112.70569412231445,81.66366577148438
2012-11-13,108.38558197021484,109.53402296791712,108.04734981491819,108.18893201874641,123018300,-0.0034712187320248278,111.54729461669922,112.67495391845704,81.66366577148438
2012-11-14,106.92243957519531,108.8889378709435,106.67859570693102,108.71589706326648,191505000,-0.01349941909636665,111.22675476074218,112.60446594238282,81.66366577148438
2012-11-15,106.74153900146484,107.36295926532404,106.33250394193578,106.96178587908327,178128400,-0.0016918859544281517,110.83974761962891,112.53239486694336,81.66366577148438
2012-11-16,107.26854705810547,107.48093223844867,105.95492761404432,106.8988444118816,239483900,0.00493723494686904,110.45313110351563,112.47274291992187,81.66366577148438
2012-11-19,109.43961334228516,109.4553366934716,107.3000613302298,108.47208712920197,151495800,0.020239542193143167,110.19001502990723,112.41175811767579,81.66366577148438
2012-11-20,109.48676300048828,109.66767748623084,108.61363726139564,109.26651614761386,119807400,0.0004308280773586137,110.02482833862305,112.34295150756836,81.66366577148438
2012-11-21,109.69132995605469,109.785730085402,109.36095950973753,109.58120647394897,81710800,0.0018684172402236854,109.86908226013183,112.29106872558594,81.66366577148438
2012-11-23,111.18587493896484,111.22519532281702,110.15541922624773,110.22622232281184,65409200,0.013625005581652694,109.8663288116455,112.26281692504882,81.66366577148438
2012-11-26,110.9498291015625,111.19367295412349,110.27335325128739,110.6351821929739,100124400,-0.002122984034904851,109.86750869750976,112.22233322143555,81.66366577148438
2012-11-27,110.38349914550781,111.21729261858236,110.31270807761766,110.83972825394676,128646200,-0.005104378804732357,109.82424545288086,112.13609588623046,81.66366577148438
2012-11-28,111.27238464355469,111.3353020492739,109.33734434736104,109.93515572215257,177086500,0.008052702667770584,109.82857093811035,112.05746444702149,81.66366577148438
2012-11-29,111.79154205322266,112.09831544659819,111.20159229653441,111.68929225713649,151085900,0.0046656446820207975,109.85885429382324,111.99704040527344,81.66366577148438
2012-11-30,111.81511688232422,112.02750211327916,111.42969079945196,111.80725520805039,136568300,0.00021088204589170267,109.83210754394531,111.93896514892577,81.66366577148438
2012-12-03,111.2645263671875,112.4208288988911,111.17799991914984,112.32644077468967,124656300,-0.004924115186644817,109.82778244018554,111.86862716674804,81.38964080810547
2012-12-04,111.10716247558594,111.59485025059068,110.80825087023256,111.25661827826262,127512200,-0.0014143222169682446,109.80418319702149,111.79498565673828,81.38964080810547
2012-12-05,111.30382537841797,111.82298391097301,110.41496413351815,111.20156360615715,147300500,0.001770029028283826,109.74675941467285,111.72623672485352,81.38964080810547
2012-12-06,111.6813735961914,111.72856763730849,111.0363683633352,111.20154750724497,103220600,0.0033920506908888814,109.83564414978028,111.66850051879882,81.38964080810547
2012-12-07,112.01961517333984,112.23986202889263,111.43752733934836,112.11400325356148,108726400,0.0030286301668478455,110.00751533508301,111.64191345214844,81.38964080810547
2012-12-10,112.06681823730469,112.3342591545032,111.81510066637358,111.86230671283896,98840700,0.0004213821292975428,110.17702522277833,111.62901336669921,81.38964080810547
2012-12-11,112.82987976074219,113.3569001982446,112.47591224332245,112.53096798922473,152570400,0.006808987133209099,110.38036308288574,111.61013610839844,81.38964080810547
2012-12-12,112.88487243652344,113.7029425112234,112.72755496140543,113.27031045273341,145880100,0.0004873946147763153,110.60532760620117,111.60289947509766,81.38964080810547
2012-12-13,112.19266510009766,113.13658188567086,111.90948886417038,112.81407328314614,135715000,-0.006131976069822964,110.86883888244628,111.57583938598633,81.38964080810547
2012-12-14,111.77581787109375,112.15338235185264,111.60276498354624,111.94887075864125,137701700,-0.003715458837099561,111.12055282592773,111.5380827331543,81.38964080810547
2012-12-17,113.08937072753906,113.15230010405824,112.03531867403197,112.06678936356721,143238200,0.01175167295988988,111.41159400939941,111.51731552124023,81.38964080810547
2012-12-18,114.34796142578125,114.45022319797863,113.10513281947594,113.27032398975204,177762800,0.01112916881706294,111.65701141357422,111.50535873413087,81.38964080810547
2012-12-19,113.49845123291016,114.51317144039889,113.45913085487636,114.4738390598077,150895400,-0.007429167798697289,111.85759582519532,111.47625534057617,81.38964080810547
2012-12-20,114.15129852294922,114.16703387131096,113.25457570719489,113.56922266165942,168487000,0.0057520369921115755,112.08059425354004,111.46807449340821,81.38964080810547
2012-12-21,113.11516571044922,114.14500020542678,112.44182122011827,112.62401889542136,245883800,-0.009076837722452158,112.17705879211425,111.46182495117188,81.38964080810547
2012-12-24,112.76659393310547,112.93294461894244,112.6398424949652,112.8695688998723,53874600,-0.0030815653688385236,112.26789703369141,111.4630776977539,81.38964080810547
2012-12-26,112.29127502441406,113.05177151776253,111.97440853666653,112.99631323418178,106947700,-0.004215068417987133,112.36328582763672,111.45356521606445,81.38964080810547
2012-12-27,112.1407470703125,112.5526831299284,110.84157527092115,112.3229446766563,167920600,-0.0013405133575056238,112.40670394897461,111.44843582153321,81.38964080810547
2012-12-28,110.92874908447266,112.02987666332027,110.80199762948834,111.4119784298768,148806700,-0.01080782871082464,112.3635643005371,111.40034606933594,81.38964080810547
2012-12-31,112.8141098022461,112.93293170711594,110.54054995839397,110.63561956997091,243935200,0.016996141517270136,112.4135139465332,111.36699462890626,81.38964080810547
2013-01-02,115.70557403564453,115.77686718990167,114.65197532345158,114.953006980559,192059000,0.025630342148397434,112.63556632995605,111.38108856201171,74.83155822753906
2013-01-03,115.44416809082031,115.95116184147363,115.13521896288601,115.65014223456618,144761800,-0.0022592338096321107,112.85241661071777,111.39593322753906,74.83155822753906
2013-01-04,115.95116424560547,116.14129143892424,115.39664170803164,115.63429767775892,116817700,0.004391700015424771,113.08478355407715,111.45914657592773,74.83155822753906
2013-01-07,115.63428497314453,115.74518946847434,115.20650185709853,115.53922743077138,110002500,-0.0027328683978518065,113.28242912292481,111.51570724487304,74.83155822753906
2013-01-08,115.30155944824219,115.58674413326823,114.85001199375007,115.42831088329424,121265100,-0.0028773950993826736,113.44652633666992,111.59691955566406,74.83155822753906
2013-01-09,115.59468841552734,115.91156707676235,115.37287939650531,115.55507707191235,90745600,0.0025422810297439646,113.62291984558105,111.69028869628906,74.83155822753906
2013-01-10,116.51358795166016,116.52150538324001,115.63426953902407,116.23632070650177,130735400,0.00794932318022834,113.80710525512696,111.79558517456054,74.83155822753906
2013-01-11,116.50569915771484,116.56906280129238,116.14129172487783,116.48192268176732,113917300,-6.770707248826557e-05,113.98814659118652,111.90198165893554,74.83155822753906
2013-01-14,116.42644500732422,116.50566767191326,115.99866195883381,116.36306929318928,89567200,-0.0006802598582180686,114.19983558654785,112.00679306030274,74.83155822753906
2013-01-15,116.50569915771484,116.61660366550268,115.81649563504035,115.88778879982864,93172600,0.0006807229266996284,114.4363296508789,112.08990600585938,74.83155822753906
2013-01-16,116.48982238769531,116.67202001363839,116.14126199880823,116.26801342889111,104849500,-0.00013627462119292222,114.60635223388672,112.19268188476562,74.83155822753906
2013-01-17,117.24236297607422,117.57507633940376,116.56900673201844,117.00470712007342,133833500,0.006460140233318645,114.75107231140137,112.30594619750977,74.83155822753906
2013-01-18,117.50375366210938,117.63050503179485,116.79078627338552,117.21856912415501,169906000,0.002229490087030328,114.95133743286132,112.40697525024414,74.83155822753906
2013-01-22,118.13761138916016,118.13761138916016,117.2265986470468,117.50386602240467,111797300,0.005394361518641144,115.15065307617188,112.57165390014649,74.83155822753906
2013-01-23,118.32766723632812,118.43065428202272,117.92366066024239,118.13755218296139,104596100,0.0016087666318382876,115.41127815246583,112.76656341552734,74.83155822753906
2013-01-24,118.3593978881836,118.93768483453738,118.04251922137762,118.1534237328384,146426400,0.00026815919384337583,115.69091835021973,112.96021896362305,74.83155822753906
2013-01-25,119.02483367919922,119.02483367919922,118.32771264882557,118.73173146764941,147211600,0.005622162691671262,116.02759628295898,113.16545318603515,74.83155822753906
2013-01-28,118.8822250366211,119.08818708074347,118.4385949537914,119.0564931738423,113357700,-0.001198141918538509,116.36467018127442,113.37538604736328,74.83155822753906
2013-01-29,119.34957885742188,119.50009465997407,118.56531803302512,118.64454069363603,105694400,0.0039312337959422905,116.78571166992188,113.62392883300781,74.83155822753906
2013-01-30,118.8822250366211,119.57141641567392,118.77130845015083,119.33376046465038,137447700,-0.003915839714517033,117.08911743164063,113.86674255371094,74.83155822753906
2013-01-31,118.5890884399414,119.12777596657176,118.5098778629862,118.73960425014226,108975800,-0.0024657731346244827,117.23329315185546,114.09315338134766,74.83155822753906
2013-02-01,119.80907440185547,119.95166072228137,119.13571787713134,119.34167992475231,131173000,0.010287506025749682,117.45153846740723,114.30054260253907,90.6574935913086
2013-02-04,118.46232604980469,119.83280307757884,118.37518596184033,119.08023618389409,159073600,-0.011240787551146658,117.57709655761718,114.48005386352538,90.6574935913086
2013-02-05,119.65855407714844,119.99918499941408,119.05649073519645,119.1040315945744,113912400,0.010097961666233335,117.77831001281739,114.67939834594726,90.6574935913086
2013-02-06,119.74566650390625,119.82487707585645,119.15153281971634,119.2386729102381,138762800,0.0007280083520118108,118.00051536560059,114.8505941772461,90.6574935913086
2013-02-07,119.58726501464844,119.89621412892504,118.71586387813292,119.78530962861251,162490000,-0.0013228160473985895,118.20014419555665,115.02334289550781,90.6574935913086
2013-02-08,120.2526626586914,120.3239558012692,119.79319781594393,119.79319781594393,103133700,0.005564117918086531,118.3870979309082,115.22072616577148,90.6574935913086
2013-02-11,120.2289047241211,120.33187968413877,119.9278731001887,120.20514034198766,73775000,-0.00019756680679694494,118.57325820922851,115.39985656738281,90.6574935913086
2013-02-12,120.42693328857422,120.64874221744934,120.10213732569275,120.23680616910409,65392700,0.0016470961363868053,118.77328262329101,115.57256439208984,90.6574935913086
2013-02-13,120.52995300292969,120.89436042867804,120.18932205266637,120.67255141741715,82322600,0.000855454104345732,118.97449531555176,115.74686111450195,90.6574935913086
2013-02-14,120.64085388183594,120.78345229203657,120.03088516304773,120.16555405243022,80834300,0.0009201105297331758,119.18204689025879,115.93438766479493,90.6574935913086
2013-02-15,120.4982681274414,120.87851041029558,120.05465011616418,120.75175895344944,215226500,-0.0011819027286907868,119.34484214782715,116.12220977783203,90.6574935913086
2013-02-19,121.40132904052734,121.42509342340652,120.53785756209844,120.70420824225269,95105400,0.007494389148654301,119.53972091674805,116.32415985107421,90.6574935913086
2013-02-20,119.88826751708984,121.35380228657233,119.82489179913405,121.31419095188969,160574800,-0.0124633027940938,119.62725372314453,116.48829772949219,90.6574935913086
2013-02-21,119.15946960449219,119.95164797874438,118.77922736940229,119.5872526956907,183257000,-0.0060789760974214735,119.66884384155273,116.63109481811523,90.6574935913086
2013-02-22,120.32398223876953,120.32398223876952,119.21493726272186,119.73776584418223,106356600,0.009772724216904782,119.76707305908204,116.79623809814453,90.6574935913086
2013-02-25,118.03460693359375,121.09241669739428,118.03460693359376,120.91021901084073,245824800,-0.019026758112383413,119.71756172180176,116.90033264160157,90.6574935913086
2013-02-26,118.84258270263672,118.98516898345399,117.82066600605701,118.60492681359395,186596200,0.0068452447128284355,119.71557960510253,117.01948684692383,90.6574935913086
2013-02-27,120.33980560302734,120.6725190306231,118.63661504576933,118.73960209038752,150781900,0.012598370603716269,119.76509094238281,117.18242965698242,90.6574935913086
2013-02-28,120.1021499633789,121.10029024834577,119.94371672432275,120.33187634685811,126866000,-0.0019748713940290763,119.8260871887207,117.34895629882813,90.6574935913086
2013-03-01,120.4982681274414,120.68046579185508,119.1515671395829,119.69024269965261,170634800,0.003298177128246982,119.9215461730957,117.49713424682618,81.59033203125
2013-03-04,121.13992309570312,121.13992309570312,120.03087813765126,120.22099322321245,99010200,0.005325014029107011,119.98808860778809,117.6329734802246,81.59033203125
2013-03-05,122.22518920898438,122.54998522530646,121.71027812959147,121.72612508074138,121431900,0.008958781593611187,120.17623176574708,117.8075082397461,81.59033203125
2013-03-06,122.39154052734375,122.724253944275,122.12220282140142,122.66087823328607,94469900,0.001361023201812639,120.31288108825683,117.97231307983398,81.59033203125
2013-03-07,122.6133804321289,122.77181370576558,122.40741838516963,122.55000470513745,86101400,0.0018125427936386274,120.45626678466797,118.16227737426757,81.59033203125
2013-03-08,123.13617706298828,123.30252771010669,122.51827905547493,123.152024010988,123477800,0.004263781236736763,120.63371238708496,118.36966903686523,81.59033203125
2013-03-11,123.60359954833984,123.61151698107905,122.89064379593766,123.04115963176744,83746800,0.0037959801619669165,120.80125923156739,118.59591552734375,81.59033203125
2013-03-12,123.32633972167969,123.6590653197873,122.95402695748176,123.51646690807199,105755800,-0.002243137155174213,120.95613098144531,118.81962738037109,81.59033203125
2013-03-13,123.50057220458984,123.6748523694793,122.96981427976455,123.3896677439947,92550900,0.001412775918780751,121.1098129272461,119.07106384277344,81.59033203125
2013-03-14,124.15811920166016,124.21357749262094,123.50853918903117,123.8254057189453,126329900,0.005324242514285871,121.29122123718261,119.29794403076171,81.59033203125
2013-03-15,123.99421691894531,124.16130750308271,123.58044857009934,124.01013435505955,138601100,-0.0013201092588124297,121.45888938903809,119.46371688842774,81.59033203125
2013-03-18,123.30986785888672,123.84298643040096,122.69717427729015,122.80857200654026,126704300,-0.005519201435869814,121.59946937561035,119.62103088378906,81.59033203125
2013-03-19,123.02342224121094,123.73954880938003,122.21180322689474,123.57245827614712,167567300,-0.0023229740056455173,121.68057403564453,119.76247604370117,81.59033203125
2013-03-20,123.8827896118164,124.08966766619055,123.54063159489534,123.74752179071291,113759300,0.006985396398098143,121.88030014038085,119.92744613647461,81.59033203125
2013-03-21,122.82453918457031,123.84303659064902,122.61766107258292,123.14281507092737,128605000,-0.008542352255402785,122.06355361938476,120.07790573120117,81.59033203125
2013-03-22,123.81118774414062,123.81118774414062,123.11891901808592,123.21441147700905,111163600,0.008032992153853336,122.23791389465332,120.24223571777344,81.59033203125
2013-03-25,123.29393768310547,124.34426942869325,122.81652409628971,124.13737928044318,151322300,-0.004177732807992052,122.50088043212891,120.37784271240234,81.59033203125
2013-03-26,124.28069305419922,124.31251579086872,123.66799913563653,123.80326701401687,86856600,0.008003275664939302,122.77278594970703,120.53334259033203,81.59033203125
2013-03-27,124.28069305419922,124.32048058112251,123.33380576408831,123.54068390606143,99950600,0.0,122.96983032226562,120.69042755126954,81.59033203125
2013-03-28,124.66256713867188,124.80579973898547,123.9305231299656,124.20105875768347,102932800,0.003072674243183693,123.19785118103027,120.85356491088868,81.59033203125
2013-04-01,124.1692886352539,124.85359278087971,123.86691801651638,124.59896233532224,99194100,-0.003956909557856769,123.3814022064209,121.00715423583985,75.89672088623047
2013-04-02,124.78190612792969,125.0922292050639,124.42383076540212,124.61480348265412,101504300,0.0049337279725854,123.56350135803223,121.15794509887695,75.89672088623047
2013-04-03,123.51676177978516,124.94902715546094,123.19053333593288,124.85354684423037,154167400,-0.010138844544075765,123.62807998657226,121.27820526123047,75.89672088623047
2013-04-04,124.01807403564453,124.2647396331166,123.40538029449309,123.67591597291761,131885000,0.00405865769662217,123.7094066619873,121.39581451416015,75.89672088623047
2013-04-05,123.4610824584961,123.6122677287469,122.35505754735752,122.49827802984055,159666000,-0.004491212925854304,123.75179176330566,121.49848281860352,75.89672088623047
2013-04-08,124.29658508300781,124.30453773018726,123.13485509816526,123.5486234389724,86571200,0.0067673359723909865,123.80981216430663,121.6172265625,75.89672088623047
2013-04-09,124.7262191772461,125.17977489305562,124.1135255781751,124.5272937878087,101922200,0.003456523716652171,123.86594314575196,121.73125427246094,75.89672088623047
2013-04-10,126.25398254394531,126.41312044968429,125.02860731416695,125.06043003873715,135711100,0.012248935121877969,124.01232528686523,121.87868942260742,75.89672088623047
2013-04-11,126.66771697998047,127.08148513754242,126.15050374766786,126.27781889483164,110142500,0.0032770010711633546,124.17068252563476,122.0250521850586,75.89672088623047
2013-04-12,126.35740661621094,126.54836721473787,125.65718537776708,126.26191417550555,116359900,-0.00244979834773984,124.2806468963623,122.1745558166504,75.89672088623047
2013-04-15,123.42928314208984,125.82435379266015,123.41337784486254,125.72090865344134,217259000,-0.023173342604401292,124.25240020751953,122.27135971069336,75.89672088623047
2013-04-16,125.25139617919922,125.31505376641331,124.05784373718231,124.36020209964515,147507800,0.014762404761046843,124.34947662353515,122.38020614624024,75.89672088623047
2013-04-17,123.42129516601562,124.38409959640317,122.76086127667362,124.36021737450162,226834800,-0.014611422060040291,124.36937026977539,122.47938552856445,75.89672088623047
2013-04-18,122.64949798583984,123.66004286110905,122.18003674967593,123.62820798392438,167583200,-0.006253355056253684,124.30770568847656,122.53920440673828,75.89672088623047
2013-04-19,123.71566009521484,123.77136502552884,122.63350561963598,122.93587606090443,149687600,0.008692755591205747,124.35226173400879,122.61860427856445,75.89672088623047
2013-04-22,124.26473999023438,124.55914575045743,123.1348449699392,123.9544167955156,106553500,0.004438240838685603,124.37493934631348,122.71215377807617,75.89672088623047
2013-04-23,125.5457992553711,125.66514964048486,124.26471917556351,124.88536546104116,166141300,0.010309113150177573,124.48753242492675,122.81801651000977,75.89672088623047
2013-04-24,125.62535858154297,125.95955175956136,125.35481084000678,125.58557107766046,96781200,0.000633707592318844,124.55476570129395,122.9259455871582,75.89672088623047
2013-04-25,126.13468933105469,126.73146585419742,125.80049593506868,125.99145665194672,131060600,0.004054362552773139,124.64746551513672,123.04010070800781,75.89672088623047
2013-04-26,125.91184997558594,126.19830309280137,125.50603431035434,125.98346021952848,95918800,-0.0017666778001401706,124.70992965698242,123.14773864746094,75.89672088623047
2013-04-29,126.75526428222656,127.03375255071242,126.05504300568141,126.25396840093242,88572800,0.006698450597018235,124.83922843933105,123.27002685546876,75.89672088623047
2013-04-30,127.05764770507812,127.0894825738096,126.20625315890832,126.73141921997286,116010700,0.0023855689510321465,124.95301551818848,123.40121444702149,75.89672088623047
2013-05-01,125.94364929199219,126.84279599250247,125.80042883073018,126.77913840701615,138874200,-0.008767661240445035,125.07435989379883,123.49206085205078,95.10787200927734
2013-05-02,127.11334228515625,127.224740033739,126.14258527260198,126.26193566699635,96407600,0.009287431321385764,125.22912330627442,123.63656234741211,95.10787200927734
2013-05-03,128.40243530273438,128.8082511168011,127.13727196329617,128.21942723172467,144202300,0.010141288037932794,125.47619094848633,123.82142166137696,95.10787200927734
2013-05-06,128.72865295410156,128.91166099226882,128.44219978323443,128.49790474436435,66882100,0.0025405877279356393,125.69779434204102,123.9895150756836,95.10787200927734
2013-05-07,129.381103515625,129.42087888815783,128.64109460826745,129.0071227388374,90359200,0.005068417532156255,125.93053855895997,124.21644500732423,95.10787200927734
2013-05-08,129.9699249267578,130.00971244377004,129.16627050547106,129.23788075122576,97419200,0.004551061902650311,126.11633567810058,124.43899185180663,95.10787200927734
2013-05-09,129.6038818359375,130.25635084114668,129.2776412626114,129.91420497749468,106738600,-0.002816367640641415,126.26314392089844,124.62427337646484,95.10787200927734
2013-05-10,130.0255889892578,130.1369867169931,129.3094503325809,129.69139580605196,103203000,0.0032538157603501094,126.44655303955078,124.82274215698243,95.10787200927734
2013-05-13,130.12905883789062,130.3439017099707,129.55616474808565,129.8585231568684,81843200,0.0007957652754133626,126.78154182434082,125.0153579711914,95.10787200927734
2013-05-14,131.47384643554688,131.56933893781525,130.2325531791058,130.2325531791058,119000900,0.010334260538466866,127.0926643371582,125.22203643798828,95.10787200927734
2013-05-15,132.18197631835938,132.44455936374604,131.219183960054,131.25897147749666,120718500,0.005386089340283062,127.53069839477538,125.42117218017579,95.10787200927734
2013-05-16,131.56137084960938,132.37299032057624,131.36244534192286,131.91148168576956,109913600,-0.004695083898997532,127.97629203796387,125.60456878662109,95.10787200927734
2013-05-17,132.83445739746094,132.91402029077423,131.8716528992386,132.04670826255176,129801000,0.009676750398921019,128.43223190307617,125.80899032592774,95.10787200927734
2013-05-20,132.82644653320312,133.3436597968298,132.57182836490068,132.7070961639116,85071200,-6.030712523519277e-05,128.8603172302246,126.00279571533203,95.10787200927734
2013-05-21,133.0174102783203,133.5187060783581,132.48429176243533,132.94580006158367,95804200,0.0014376936980653454,129.23389778137206,126.19107192993164,95.10787200927734
2013-05-22,132.03074645996094,134.52926087102634,131.42601767992005,133.15268850924033,244031800,-0.007417553960003542,129.55416717529297,126.36516006469726,95.10787200927734
2013-05-23,131.6488494873047,132.01487762725077,130.447344239654,130.62239959248325,211064400,-0.0028924851437696075,129.82987518310546,126.52812561035157,95.10787200927734
2013-05-24,131.5374298095703,131.5931347495714,130.4791452225359,130.86904337821477,151573900,-0.0008463399275291383,130.11115417480468,126.67571182250977,95.10787200927734
2013-05-28,132.3251953125,133.50283043044595,131.9352971080667,132.91400680075077,143679800,0.005988907522901599,130.38965072631837,126.84233139038086,95.10787200927734
2013-05-29,131.46585083007812,131.9273593256552,130.76562936900316,131.62498875992813,160363400,-0.006494186389768286,130.61006088256835,127.00545104980469,95.10787200927734
2013-05-30,131.95120239257812,132.55593125877525,131.4658239139715,131.5692690108454,107793800,0.0036918451402814245,130.91043853759766,127.18400665283202,95.10787200927734
2013-05-31,130.05740356445312,132.33311026693085,129.8027854061904,131.58514893835243,176850100,-0.014352266548436687,131.0576416015625,127.30749893188477,95.10787200927734
2013-06-03,130.77357482910156,130.86110249879934,129.42883705894656,130.35980655948987,168390700,0.005506578211009083,131.17619857788085,127.46647964477539,83.71731567382812
2013-06-04,130.14498901367188,131.3703766277064,129.48455503961753,130.84521050740588,157631500,-0.004806673032003106,131.24701538085938,127.59315567016601,83.71731567382812
2013-06-05,128.32278442382812,130.03353779384105,128.21138669938227,129.77095484162413,211737800,-0.014001342684444973,131.19409942626953,127.69373260498047,83.71731567382812
2013-06-06,129.48451232910156,129.49247711527812,127.51117584664809,128.26708990543804,200225500,0.009053169400037753,131.16982879638672,127.79780899047852,83.71731567382812
2013-06-07,131.1316680908203,131.25101851245387,129.8108000979908,130.37575375709872,188337800,0.012720870875524426,131.24621810913087,127.93482849121094,83.71731567382812
2013-06-10,131.1316680908203,131.60908191880128,130.7895099797262,131.53747166582116,105667100,0.0,131.301522064209,128.0642105102539,83.71731567382812
2013-06-11,129.77894592285156,130.92474611726644,129.49249283888688,129.93808382695553,159505400,-0.01031575505492599,131.28401641845704,128.17640365600585,83.71731567382812
2013-06-12,128.70474243164062,130.80539431086407,128.5853920402135,130.6701264867654,177361500,-0.00827717842499287,131.14556121826172,128.25486038208007,83.71731567382812
2013-06-13,130.6621856689453,130.89293382707345,128.34669073410626,128.63314384090535,163587800,0.015208788738646062,131.069571685791,128.39776885986328,83.71731567382812
2013-06-14,129.8426055908203,131.02820556790482,129.62777486040287,130.51895693413638,141197500,-0.006272511621698618,130.98363342285157,128.5142594909668,83.71731567382812
2013-06-17,130.84519958496094,131.46584598752648,129.87444246475428,130.72583703588583,136295600,0.007721610249413535,130.88417053222656,128.6619418334961,83.71731567382812
2013-06-18,131.879638671875,132.07856414897913,130.90888137229103,130.91683402045408,114695600,0.007905823753529218,130.83683013916016,128.81360290527343,83.71731567382812
2013-06-19,130.05740356445312,131.99891710465045,130.00171077479354,131.76816901930482,206149500,-0.013817410525029716,130.6888298034668,128.9202265930176,83.71731567382812
2013-06-20,126.83480834960938,130.07331913201273,126.50061519211177,128.79223929088482,321255900,-0.024778252729355077,130.4290328979492,128.93184310913085,83.71731567382812
2013-06-21,127.24205017089844,127.79397938234875,125.96218566141663,127.69799381613001,271956800,0.003210804877526563,130.2086929321289,128.94332977294923,83.71731567382812
2013-06-24,125.63421630859375,126.73009218768411,124.57033154906921,125.91419047898685,222329000,-0.012636026063280292,129.91353225708008,128.92886596679688,83.71731567382812
2013-06-25,126.84205627441406,128.0659207021085,125.9221501178164,126.77005491549346,162262200,0.009613941180271368,129.63937530517578,128.99712142944335,83.71731567382812
2013-06-26,128.09793090820312,128.3858997697461,127.38600958462345,127.88195121062323,134848000,0.009901090148460412,129.47097930908203,129.05405212402343,83.71731567382812
2013-06-27,128.8498077392578,129.44174692746438,128.7458152885182,128.8658093945301,129483700,0.005869547038925171,129.315909576416,129.16262237548827,83.71731567382812
2013-06-28,128.32186889648438,129.1057791614374,127.87392017365407,128.48985577038937,160402900,-0.0040973196005210655,129.22913284301757,129.27606979370117,83.71731567382812
2013-07-01,129.07379150390625,129.9696889735049,128.84981713650657,128.9937954273974,131954800,0.005859660663362298,129.1441436767578,129.383232421875,82.97300720214844
2013-07-02,128.953857421875,129.82575883303363,128.38591436167087,128.88185604403776,154863700,-0.0009291900441896761,129.08458709716797,129.47701477050782,82.97300720214844
2013-07-03,129.00982666015625,129.4017879958091,128.1619217598003,128.36989451843974,75216400,0.0004340253126213778,129.1189392089844,129.5462953186035,82.97300720214844
2013-07-05,130.4016571044922,130.44964987137848,129.0258074938728,129.96170306522058,122416900,0.010788561463634494,129.1647964477539,129.6418212890625,82.97300720214844
2013-07-08,131.14561462402344,131.49757797680417,130.4496948528296,131.07362544887084,108092500,0.00570512320203953,129.16549377441407,129.74203979492188,82.97300720214844
2013-07-09,132.0894775390625,132.24945750406926,131.4015527044134,131.96948341104073,119298000,0.007197060441136216,129.21338424682617,129.86559234619142,82.97300720214844
2013-07-10,132.137451171875,132.58539989129764,131.68950245245236,131.96146957414652,121410100,0.0003631904199055125,129.33130950927733,129.97323608398438,82.97300720214844
2013-07-11,133.93727111816406,134.07325469742605,132.1294621340825,133.67329868582414,135592200,0.013620816281282533,129.59293594360352,130.1108285522461,82.97300720214844
2013-07-12,133.9932403564453,134.329201895734,133.68928212891012,133.89725483255916,104212700,0.0004178765015443453,129.7594886779785,130.27182037353515,82.97300720214844
2013-07-15,134.5052490234375,134.69723237043007,134.12928926413528,134.36127066746292,69450600,0.003821152959881724,129.99262084960938,130.41965850830078,82.97300720214844
2013-07-16,134.00131225585938,134.67323566020926,133.64135416107857,134.5932395477277,88702100,-0.0037465955510056492,130.1504264831543,130.5316360473633,82.97300720214844
2013-07-17,134.34523010253906,134.76918252440572,134.16924847017674,134.5132170082266,92873900,0.002566525960753463,130.2737060546875,130.64396759033204,82.97300720214844
2013-07-18,135.08116149902344,135.40113368394051,134.54522182068956,134.63321264583038,103620100,0.005477912359989734,130.524893951416,130.75796875,82.97300720214844
2013-07-19,135.32110595703125,135.3690987221285,134.6331811773651,134.8011680608935,103831700,0.0017762984515761193,130.9492088317871,130.86499237060548,82.97300720214844
2013-07-22,135.5850830078125,135.77706628045547,135.19312173663295,135.51309385770455,79428600,0.0019507455907512572,131.36636047363282,130.98461639404297,82.97300720214844
2013-07-23,135.297119140625,135.8490603896444,135.22512998788912,135.8250640053991,80829700,-0.0021238609793888807,131.84950561523436,131.09004699707032,82.97300720214844
2013-07-24,134.80116271972656,135.87304178338826,134.52918338547192,135.81704208920166,112914000,-0.0036656835271041688,132.2474609375,131.18348907470704,82.97300720214844
2013-07-25,135.129150390625,135.24914453365335,134.3372451928141,134.56121961297177,111088600,0.0024331219722517616,132.5990219116211,131.2565951538086,82.97300720214844
2013-07-26,135.2731170654297,135.31311510605207,134.00125993118095,134.5611958828293,107814600,0.0010654005770664998,132.9201873779297,131.31841796875,82.97300720214844
2013-07-29,134.85711669921875,135.23307619175057,134.47316248336998,134.92910582612456,79695000,-0.003075262662940781,133.2469497680664,131.3843328857422,82.97300720214844
2013-07-30,134.85711669921875,135.40905775019885,134.53715688695885,135.26507949638724,85209600,0.0,133.53611602783204,131.42478607177733,82.97300720214844
2013-07-31,134.95315551757812,135.8650546865592,134.7771739055214,135.13713185538717,142388700,0.0007121523929181084,133.8360809326172,131.46732025146486,82.97300720214844
2013-08-01,136.5129852294922,136.6329671475509,135.90504429615874,135.97704565268245,110438400,0.011558304849795809,134.21123886108398,131.53723175048827,73.97581481933594
2013-08-02,136.74493408203125,136.76093573729807,136.0250182689514,136.20899458461642,91116700,0.0016990973580215396,134.52840270996094,131.6315155029297,73.97581481933594
2013-08-05,136.54498291015625,136.75296785238507,136.26502101931692,136.44100264473096,54072700,-0.0014622199587668305,134.7983711242676,131.72943817138673,73.97581481933594
2013-08-06,135.76904296875,136.57696179700545,135.4650847475141,136.28098609501177,87495000,-0.005682668999393403,134.98234939575195,131.8140704345703,73.97581481933594
2013-08-07,135.3291778564453,135.52915596218355,134.8252413298575,135.3371847923196,84854700,-0.0032398041754329032,135.14193572998047,131.87415008544923,73.97581481933594
2013-08-08,135.82505798339844,136.12901623892535,135.12912625407358,135.9690362824867,102181300,0.0036642513817615185,135.2363250732422,131.96133422851562,73.97581481933594
2013-08-09,135.43309020996094,136.0650274852185,134.96114508914528,135.64906985390738,91757700,-0.0028858281325777613,135.30831756591797,132.03097198486327,73.97581481933594
2013-08-12,135.2731170654297,135.43309702223087,134.68918473054558,134.7531791544037,68593300,-0.0011811968868409295,135.3467109680176,132.1352862548828,73.97581481933594
2013-08-13,135.67312622070312,135.90509541810346,134.71323389809567,135.5131462012174,80806000,0.002957048406594831,135.43030166625977,132.23327728271485,73.97581481933594
2013-08-14,134.9771270751953,135.8250316651445,134.94512376669576,135.6090520526733,79829200,-0.005129970576307152,135.46189651489257,132.32992004394532,73.97581481933594
2013-08-15,133.0894012451172,133.92929932529407,132.85741986233742,133.91330986873078,152931800,-0.013985523851211323,135.36230850219727,132.4252523803711,73.97581481933594
2013-08-16,132.6494140625,133.28934613083587,132.38544162659812,132.83339041272652,130868200,-0.003305952078083485,135.2287239074707,132.48855041503907,73.97581481933594
2013-08-19,131.80154418945312,132.95341977659024,131.7935372553502,132.49746393764337,96437600,-0.006391810163951295,135.03954696655273,132.50194793701172,73.97581481933594
2013-08-20,132.44943237304688,132.94537391452198,131.8734947481196,132.0174730515071,89294400,0.004915634240691968,134.89716262817382,132.52830322265626,73.97581481933594
2013-08-21,131.633544921875,132.8094167898345,131.33758132439235,132.08149378477555,159530500,-0.006159992055488117,134.73878173828126,132.56539520263672,73.97581481933594
2013-08-22,132.8334197998047,133.0254031244851,131.89752397765957,131.9055187057202,101471400,0.009115266770653552,134.62399520874024,132.64796875,73.97581481933594
2013-08-23,133.2813720703125,133.44935900938611,132.60145399713838,133.22538456108265,90888900,0.0033722859140639105,134.52440795898437,132.70035247802736,73.97581481933594
2013-08-26,132.78543090820312,133.82531925404433,132.6974400741929,133.41735620286417,89702100,-0.003721008828208472,134.4208236694336,132.759208984375,73.97581481933594
2013-08-27,130.64964294433594,132.78540675700987,130.55365739948897,131.47355141944533,158619400,-0.016084505274857275,134.21044998168946,132.7552978515625,73.97581481933594
2013-08-28,131.11358642578125,131.5775368772733,130.4256615778019,130.59363627232278,108113000,0.003551050511810372,134.01847152709962,132.7399768066406,73.97581481933594
2013-08-29,131.32156372070312,132.0174833192455,130.70562800614502,130.82562214065587,119200500,0.0015862375562398778,133.75890045166017,132.76526000976563,73.97581481933594
2013-08-30,130.90557861328125,131.60950499680408,130.52162431576292,131.59350334108208,134928900,-0.0031676831712619258,133.46693267822266,132.84667541503907,73.97581481933594
2013-09-03,131.49749755859375,132.44939453355894,130.94555647524854,132.1694205271509,142375100,0.004521724372504643,133.21455841064454,132.93178436279297,90.95674896240234
2013-09-04,132.58547973632812,132.80945423092035,131.28962555965956,131.5295895140837,97389400,0.008273786177942943,133.05538024902344,133.07080963134766,90.95674896240234
2013-09-05,132.7533721923828,133.10532314352108,132.56938368406105,132.66538140317678,63090500,0.0012662959502698357,132.9265899658203,133.18903594970703,90.95674896240234
2013-09-06,132.81739807128906,133.56931738890242,131.56953716362852,133.19335773009576,159756500,0.00048229192109316976,132.77620697021484,133.28342529296876,90.95674896240234
2013-09-09,134.08929443359375,134.16927833521433,133.1453916312095,133.1453916312095,87559300,0.009576278264553872,132.7090171813965,133.38821502685548,90.95674896240234
2013-09-10,135.08116149902344,135.10515788718087,134.5932145970044,134.8971851212529,105847200,0.0073970637970721675,132.69941940307618,133.52340087890624,90.95674896240234
2013-09-11,135.50509643554688,135.50509643554688,134.66519854730186,134.89716767138046,94545900,0.0031383720114555036,132.69101791381837,133.65202697753907,90.95674896240234
2013-09-12,135.14515686035156,135.633103765708,134.96118048132269,135.45712211422267,83209000,-0.0026562807205300354,132.69941940307618,133.7758529663086,90.95674896240234
2013-09-13,135.44915771484375,135.5531502246492,134.97721236459293,135.2891776883156,72727800,0.002249439503084316,132.8174072265625,133.90463958740236,90.95674896240234
2013-09-16,136.23301696777344,136.97694150859138,136.0170373003503,136.91294708099602,106299200,0.005787110574581256,132.99658737182617,134.02126678466797,90.95674896240234
2013-09-17,136.8409423828125,136.87293349013166,136.35299560780362,136.35299560780362,82523300,0.0044623941286043856,133.24855728149413,134.13517333984376,90.95674896240234
2013-09-18,138.4247589111328,138.80071848649501,136.4489755106334,136.79293177430807,203460600,0.011574142217535943,133.54732360839844,134.26187896728516,90.95674896240234
2013-09-19,138.19276428222656,138.86469950024775,138.05678073489818,138.8007050887369,146616900,-0.0016759619502403345,133.87528457641602,134.3829852294922,90.95674896240234
2013-09-20,137.22665405273438,138.52079062256598,137.11412097123537,138.52079062256598,132867100,-0.006991033391003931,134.0949462890625,134.44877288818358,90.95674896240234
2013-09-23,136.5916290283203,137.1703740637883,136.157576384312,137.0417735954951,104616500,-0.00462756327331304,134.26045913696288,134.50074066162108,90.95674896240234
2013-09-24,136.2701416015625,137.07395297761852,136.01292833912245,136.567547885843,106333100,-0.002353639304581101,134.43469467163087,134.5360385131836,90.95674896240234
2013-09-25,135.87619018554688,136.63177439979373,135.7556234556909,136.35848163533282,117306500,-0.002890959174075669,134.6960220336914,134.57353607177734,90.95674896240234
2013-09-26,136.398681640625,136.78450746116542,135.8842431248439,136.10127551491487,77146900,0.003845349611029114,134.96027679443358,134.61460510253906,90.95674896240234
2013-09-27,135.77169799804688,135.95657106526167,135.41801925020602,135.71542534944464,99141800,-0.004596698699992352,135.1827835083008,134.62841583251952,90.95674896240234
2013-09-30,135.04835510253906,135.47437418289493,134.35707677617478,134.6223360221832,143937000,-0.005327641225480018,135.38992233276366,134.62296081542968,90.95674896240234
2013-10-01,136.1173858642578,136.24599860009124,135.01616844349994,135.15281487587836,127160000,0.007915911015036414,135.62091674804688,134.6336068725586,100.4593276977539
2013-10-02,135.98878479003906,136.11739753690156,134.90364693450158,135.3216322292114,113350000,-0.000944780664146716,135.79108200073242,134.64744018554688,100.4593276977539
2013-10-03,134.7348175048828,135.79585408234712,134.10784580553917,135.67527505389828,176698000,-0.00922110810161536,135.89015426635743,134.64611328125,100.4593276977539
2013-10-04,135.7556610107422,135.89230743077408,134.66247738530245,134.8393168147989,96878000,0.007576686744852568,136.03706741333008,134.65864349365233,100.4593276977539
2013-10-07,134.58206176757812,135.4019523726345,134.43738168354676,134.57402807352585,96295000,-0.00864493778326636,136.06170578002929,134.6448223876953,100.4593276977539
2013-10-08,133.0146484375,134.73480358506978,132.91819503685338,134.55796417376214,178015000,-0.011646524874801112,135.95838012695313,134.60797302246092,100.4593276977539
2013-10-09,133.111083984375,133.5933631436664,132.25100047260904,133.2718437041388,168973000,0.0007249994493674361,135.83867950439452,134.57305236816407,100.4593276977539
2013-10-10,135.980712890625,136.0530529409671,134.42131750227415,134.46954420250222,195955000,0.02155815143528428,135.8804573059082,134.593603515625,100.4593276977539
2013-10-11,136.85690307617188,136.90514205536178,135.65923212780288,135.7717652155393,105040000,0.006443488689838128,135.95084457397462,134.6004818725586,100.4593276977539
2013-10-14,137.40357971191406,137.51611286401678,135.90848939672438,136.01298884696035,112106000,0.003994512687737206,136.00937271118164,134.61365478515626,100.4593276977539
2013-10-15,136.40675354003906,137.57227728729643,136.22188040458903,137.05783862742908,155485000,-0.007254732183579082,135.98766326904297,134.61089019775392,100.4593276977539
2013-10-16,138.311767578125,138.38410762600887,137.16231144595614,137.22661779913605,161676000,0.01396568709867263,135.98201370239258,134.6617446899414,100.4593276977539
2013-10-17,139.2361297607422,139.3165157595174,137.72496129307436,137.74907463967065,129389000,0.006683178147478097,136.03418197631837,134.73988372802734,100.4593276977539
2013-10-18,140.17660522460938,140.273058623484,139.4692475923743,139.75058635933587,138316000,0.006754536092631103,136.18167953491212,134.82691467285156,100.4593276977539
2013-10-21,140.1846466064453,140.46598538883404,139.87116077772995,140.2248396132414,104104000,5.7366076336773375e-05,136.36133041381837,134.92194580078126,100.4593276977539
2013-10-22,140.9964599609375,141.41443275961288,140.20871652036803,140.59455454785586,126663000,0.005791029004561965,136.5976463317871,135.0364126586914,100.4593276977539
2013-10-23,140.3213348388672,140.5785480592089,139.8310094891175,140.51424168782694,105484000,-0.004788241649878011,136.8199035644531,135.12937683105469,100.4593276977539
2013-10-24,140.78750610351562,140.96434552276693,140.2730675016529,140.60263298891064,70350000,0.00332216954167186,137.03934478759766,135.24558441162108,100.4593276977539
2013-10-25,141.43057250976562,141.47076552118932,140.8036007801479,141.07689363353305,93625000,0.004567638308595301,137.3222885131836,135.41240783691407,100.4593276977539
2013-10-28,141.65562438964844,141.84854346594273,141.22960549486777,141.3823315637861,84979000,0.0015912534036250925,137.65265197753905,135.59253204345703,100.4593276977539
2013-10-29,142.41123962402344,142.4675122995768,141.7762341245847,141.9771869398128,87401000,0.00533417037008399,137.96734466552735,135.80472595214843,100.4593276977539
2013-10-30,141.70388793945312,142.684538701541,141.19749516342787,142.5800515734145,140002000,-0.004966965293173309,138.25309982299805,135.98981506347656,100.4593276977539
2013-10-31,141.302001953125,142.1861994076093,141.0930154026054,141.59137455048452,133795000,-0.0028360971048292383,138.58145904541016,136.18318420410156,100.4593276977539
2013-11-01,141.6395263671875,141.96104582629408,140.84374914790408,141.48680033129847,142805000,0.0023886739706240334,138.87565231323242,136.35930633544922,72.95311737060547
2013-11-04,142.13795471191406,142.19421512543678,141.45471019573867,142.02542161968145,85677000,0.0035189918909672713,139.25344696044922,136.53643798828125,72.95311737060547
2013-11-05,141.6877899169922,142.07361582132182,141.1251245845981,141.58329054626745,85825000,-0.0031670977384912202,139.68710403442384,136.71448516845703,72.95311737060547
2013-11-06,142.41123962402344,142.67649881194689,141.90483460478896,142.29870653810315,87348000,0.0051059424912696105,140.15211181640626,136.94971710205078,72.95311737060547
2013-11-07,140.6106719970703,142.78900550823494,140.47402557979197,142.67647244311254,157000000,-0.012643437636711496,140.38360977172852,137.13965881347656,72.95311737060547
2013-11-08,142.50765991210938,142.52373956784072,140.54637119431285,140.56243858486056,136713000,0.013491066418334086,140.6661476135254,137.36338073730468,72.95311737060547
2013-11-11,142.53179931640625,142.70059278977124,142.20223380054253,142.3710272739075,62614000,0.0001693902230361921,140.92255859375,137.5959051513672,72.95311737060547
2013-11-12,142.242431640625,142.5639512061692,141.7681737234472,142.2263519827922,83990000,-0.00203019731154086,141.2143424987793,137.8108038330078,72.95311737060547
2013-11-13,143.38388061523438,143.42406137284763,141.5431456515334,141.5431456515334,103844000,0.008024672816992151,141.46794815063475,138.02677185058593,72.95311737060547
2013-11-14,144.09921264648438,144.21977939981767,143.27932192826762,143.51242173977315,103435000,0.004988929217012661,141.7111022949219,138.25368865966797,72.95311737060547
2013-11-15,144.7261962890625,144.78245669021976,144.1474512947295,144.33232442022396,102818000,0.004351055297687756,141.93858184814454,138.49186462402344,72.95311737060547
2013-11-18,144.21981811523438,145.08793576782827,143.89829850991222,144.96736898212916,104796000,-0.0034988701894488328,142.14034042358398,138.69447509765624,72.95311737060547
2013-11-19,143.90626525878906,144.58146347496017,143.65708584081025,144.1474109831876,93891000,-0.0021741315482368684,142.28583068847655,138.87097717285155,72.95311737060547
2013-11-20,143.45614624023438,144.62970339973802,143.0622744455066,144.19565086825168,124909000,-0.003127862555151628,142.44257125854492,139.02999816894533,72.95311737060547
2013-11-21,144.61361694335938,144.7261499748463,143.76961307461707,143.8580327611554,92841000,0.008068463662662895,142.6338768005371,139.21936737060548,72.95311737060547
2013-11-22,145.33709716796875,145.35317682578463,144.50113893932192,144.66993241824028,81296000,0.005002849938348097,142.82920303344727,139.41712615966796,72.95311737060547
2013-11-25,145.1923828125,145.6264353497141,144.9833841057231,145.59428830684658,79486000,-0.000995715191019042,143.00604095458985,139.5963134765625,72.95311737060547
2013-11-26,145.23260498046875,145.66666990669137,145.01558478254327,145.26476429769272,86994000,0.00027702670890583647,143.1471092224121,139.7641467285156,72.95311737060547
2013-11-27,145.5862579345703,145.68272360386567,145.2084657482213,145.38530516588185,58800000,0.0024350796031589184,143.34122772216796,139.90737670898437,72.95311737060547
2013-11-29,145.48980712890625,146.09266544573873,145.329047364121,145.74703256470968,55870900,-0.0006624993803151513,143.55061798095704,140.05331756591798,72.95311737060547
2013-12-02,145.11203002929688,145.83545517866767,144.88696388215106,145.5621623235885,99726000,-0.002596588084515461,143.7242431640625,140.21102508544922,77.77902221679688
2013-12-03,144.48507690429688,144.9995156304836,144.01886489225478,144.63780300921252,116563000,-0.004320476564716458,143.84159927368165,140.36889404296875,77.77902221679688
2013-12-04,144.4689483642578,145.07180661746474,143.3596975186812,143.96255577188813,123033000,-0.0001116277222854567,143.98065719604492,140.53287017822265,77.77902221679688
2013-12-05,143.83396911621094,144.4770204891262,143.69732269255897,144.21176133785423,106934000,-0.004395264555023037,144.0517936706543,140.69202575683593,77.77902221679688
2013-12-06,145.4416046142578,145.57825105031,144.80658687974872,145.22457214985215,127728000,0.011177022423319194,144.29334030151367,140.8728842163086,77.77902221679688
2013-12-09,145.81137084960938,146.0284033436967,145.61846397947625,145.86764353018992,70124000,0.00254236905823646,144.45852584838866,141.07367767333983,77.77902221679688
2013-12-10,145.28884887695312,145.77917411342457,145.20042916987848,145.47372198622432,80976000,-0.0035835474943527457,144.59637832641602,141.27848754882814,77.77902221679688
2013-12-11,143.65711975097656,145.3692413066523,143.48028032902022,145.3451279550386,130591000,-0.011230931613743445,144.6671127319336,141.4292822265625,77.77902221679688
2013-12-12,143.182861328125,143.76963994015676,142.88544290954766,143.59280053403495,115565000,-0.0033013220902219365,144.6570617675781,141.5731637573242,77.77902221679688
2013-12-13,143.1667938232422,143.60889237606534,142.8935009961093,143.4802796579379,107808000,-0.00011221667686878156,144.610440826416,141.7418032836914,77.77902221679688
2013-12-16,144.0590362548828,144.53328189293393,143.80181079786092,143.8420038086687,96195000,0.0062321883993730065,144.57708282470702,141.90787078857423,77.77902221679688
2013-12-17,143.60086059570312,144.21176493454192,143.27934103381907,144.1876515806599,89886000,-0.0031804715003718176,144.54613494873047,142.08824676513672,77.77902221679688
2013-12-18,146.052490234375,146.07660358877175,142.53180557541174,143.8178961155843,234906000,0.017072527480000543,144.65344619750977,142.34900360107423,77.77902221679688
2013-12-19,145.8836669921875,146.05246043852952,145.2566953754086,145.63447527228266,136531200,-0.0011559080020928647,144.77482223510742,142.60445526123047,77.77902221679688
2013-12-20,146.7322540283203,147.07977569795023,145.93216865428857,146.02914571010524,197087000,0.005816874867686561,144.88075408935546,142.81948608398437,77.77902221679688
2013-12-23,147.51617431640625,147.60507405518922,147.1444207409657,147.45151883985764,85598000,0.005342521951135826,144.98970794677734,143.03267150878906,77.77902221679688
2013-12-24,147.8394775390625,147.90413303230497,147.51621240462458,147.52428971686447,45368800,0.002191645927332786,145.12206268310547,143.24138946533202,77.77902221679688
2013-12-26,148.59104919433594,148.67187162334656,148.1546401402839,148.170794760669,63365000,0.005083700698785609,145.28998489379882,143.48507537841797,77.77902221679688
2013-12-27,148.58291625976562,148.8496030457654,148.42936110119402,148.78495992488263,61814000,-5.4733677529061886e-05,145.4398178100586,143.69049835205078,77.77902221679688
2013-12-30,148.55874633789062,148.7203788845038,148.36477988289113,148.5991452257143,56857000,-0.00016266958869448622,145.5932647705078,143.87695068359375,77.77902221679688
2013-12-31,149.26185607910156,149.26185607910156,148.64763513180682,148.76079148043308,86119900,0.004732873415690619,145.80075607299804,144.0586557006836,77.77902221679688
2014-01-02,147.8314208984375,148.7608298705132,147.4758218017669,148.68808472308427,119636900,-0.009583394031399406,145.96807327270508,144.21159118652344,70.37248992919922
2014-01-03,147.8071746826172,148.3809845504756,147.59705355179173,148.0819513148757,81390600,-0.00016401260079190738,146.13498458862304,144.34780548095702,70.37248992919922
2014-01-06,147.3787841796875,148.34859165204625,147.15249618052948,148.2920258181423,108028200,-0.0028983065527743435,146.31222534179688,144.48895446777342,70.37248992919922
2014-01-07,148.2839813232422,148.53451366060406,147.85564945644128,147.9687934904684,86144200,0.006141977277075661,146.4543441772461,144.63888397216797,70.37248992919922
2014-01-08,148.31625366210938,148.56678589546073,147.80709955447946,148.2596755026973,96582300,0.00021763874006608397,146.5795883178711,144.77659759521484,70.37248992919922
2014-01-09,148.41326904296875,148.809279265857,147.73440494525138,148.79311231159528,90683400,0.0006541115923841545,146.73580932617188,144.91175048828126,70.37248992919922
2014-01-10,148.81735229492188,148.8820077783354,147.90411054789305,148.66379706328632,102026400,0.0027226895179846,146.99382095336915,145.0398727416992,70.37248992919922
2014-01-13,146.83731079101562,148.84965855368037,146.55444462166076,148.4374937625762,149892000,-0.013305178955087538,147.17654342651366,145.14254119873047,70.37248992919922
2014-01-14,148.43751525878906,148.51833769938668,147.04745313656696,147.32222970376193,105016100,0.010897805599633381,147.44007949829103,145.28525146484375,70.37248992919922
2014-01-15,149.23760986328125,149.4638978940308,148.46984602096867,148.78503380178216,98525800,0.0053901104656548515,147.69900817871093,145.4372131347656,70.37248992919922
2014-01-16,149.0436248779297,149.23759130807258,148.56680461040443,148.93048087662248,72290600,-0.0012998398026426994,147.97114639282228,145.57532653808593,70.37248992919922
2014-01-17,148.41326904296875,149.06788887518,148.15465943364575,148.78503500035086,107848700,-0.00422933778937018,148.08918533325195,145.70983612060547,70.37248992919922
2014-01-21,148.84959411621094,149.32642650942438,147.93636519026833,149.26984836733777,88621200,0.002939933040056353,148.23748168945312,145.8386032104492,70.37248992919922
2014-01-22,148.94664001464844,149.16485069563993,148.6314522895588,149.1001952223176,61270900,0.0006519728791583024,148.34820098876952,146.0053225708008,70.37248992919922
2014-01-23,147.72630310058594,148.21929034477975,146.94238469434842,148.1950460812761,132496900,-0.008193114755341124,148.35870742797852,146.1096954345703,70.37248992919922
2014-01-24,144.57447814941406,146.81312717132164,144.52598960475797,146.76463862666557,208677100,-0.02133557047742418,148.1954574584961,146.15054901123048,70.37248992919922
2014-01-27,143.86326599121094,145.0836184616622,143.14399054108955,144.71185243572552,180843100,-0.004919347918849848,147.95906829833984,146.18296569824219,70.37248992919922
2014-01-28,144.71990966796875,144.9057864734195,143.9521335180739,143.968300471696,110463200,0.005954568533222071,147.76591796875,146.20968627929688,70.37248992919922
2014-01-29,143.32986450195312,144.29967219338292,142.95002120361227,143.5157413292985,216597300,-0.009605072095503764,147.5044738769531,146.19429931640624,70.37248992919922
2014-01-30,144.84921264648438,145.31795566140642,144.06528185122528,144.52594755498018,118938100,0.010600359874829435,147.28384170532226,146.19675964355469,70.37248992919922
2014-01-31,144.00064086914062,144.89771576994954,142.9823446297524,143.05507743289996,194677900,-0.005858311286888074,147.09230270385743,146.19237609863282,70.37248992919922
2014-02-03,140.75985717773438,144.15419016732326,140.4850806004503,143.8309250566095,254837100,-0.022505342141853957,146.73993682861328,146.12944793701172,77.91596984863281
2014-02-04,141.74574279785156,142.10941890200417,140.7112802949542,141.39014400027452,165012400,0.0070040254365442145,146.4582847595215,146.09523986816407,77.91596984863281
2014-02-05,141.56805419921875,141.88324204707249,140.38812526387932,141.25286635136501,164230500,-0.0012535727361224769,146.12248840332032,146.03432861328125,77.91596984863281
2014-02-06,143.43490600585938,143.43490600585938,141.60843481211757,141.89937832660297,132877600,0.0131869567410563,145.8784210205078,145.99628479003906,77.91596984863281
2014-02-07,145.21290588378906,145.36646113627285,143.63696679840788,144.1057098679679,170787200,0.01239586602341447,145.71840286254883,145.99669525146484,77.91596984863281
2014-02-10,145.47958374023438,145.5280846010663,144.83305357707755,145.22905145224524,92218800,0.0018364611245968998,145.55151443481446,146.00163482666017,77.91596984863281
2014-02-11,147.0717315673828,147.44349761601137,145.50386957704762,145.60085899465017,117814100,0.010944132408237772,145.5632354736328,146.0313442993164,77.91596984863281
2014-02-12,147.14447021484375,147.75867895091213,146.85352663843761,147.28993583715913,94717700,0.0004945793911974583,145.49858322143555,146.06443756103516,77.91596984863281
2014-02-13,147.90406799316406,148.05762318061898,146.1422528211992,146.1503301298872,100542200,0.005162258406389508,145.4319061279297,146.1202783203125,77.91596984863281
2014-02-14,148.7203826904297,148.99515925988118,147.62934139226738,147.76672967699312,96498400,0.005519217343659122,145.41574401855468,146.20498443603515,77.91596984863281
2014-02-18,148.8981475830078,149.10019130742106,148.42131502124718,148.84964673046161,80460900,0.001195296094336662,145.43998794555665,146.29356842041017,77.91596984863281
2014-02-19,147.9121551513672,149.47192659403518,147.79092153246782,148.5101966102365,126524300,-0.006621925441288368,145.39311599731445,146.37513214111328,77.91596984863281
2014-02-20,148.78506469726562,149.1244968138736,147.57280185290477,148.11427777690625,104998100,0.0059015403095514785,145.38503723144532,146.44200134277344,77.91596984863281
2014-02-21,148.61532592773438,149.42350106733417,148.54259312479616,149.06790203282642,118116400,-0.0011408320443763165,145.42948837280272,146.49808044433593,77.91596984863281
2014-02-24,149.43963623046875,150.44176529803906,148.86582657744756,148.9304820546733,114063900,0.005546603606247258,145.67274627685546,146.58109619140626,77.91596984863281
2014-02-25,149.3831024169922,149.98923382270775,148.89011504707256,149.56090194921077,117085000,-0.000378305347246477,145.94873809814453,146.69561584472658,77.91596984863281
2014-02-26,149.39114379882812,149.99727500872584,148.9708893737365,149.60126484548843,98677200,5.383059868102613e-05,146.1822998046875,146.8197814941406,77.91596984863281
2014-02-27,150.1751251220703,150.21552401760238,149.00326118903587,149.17298341101628,93880800,0.005247843368131111,146.52456283569336,146.9599481201172,77.91596984863281
2014-02-28,150.55496215820312,151.2499933676822,149.55283273879772,150.15087453250075,150842000,0.0025292939548016147,146.8098503112793,147.0898666381836,77.91596984863281
2014-03-03,149.4962158203125,149.87605907660458,148.50216397152187,149.22951657663256,167748500,-0.007032291215869013,147.0846290588379,147.20777374267578,69.00352478027344
2014-03-04,151.5974578857422,151.92072293150895,150.9266712005937,150.95899277246195,167545900,0.01405548664827272,147.6265090942383,147.31867309570313,69.00352478027344
2014-03-05,151.73487854003906,151.99350049728145,151.49242353806775,151.72680122829038,88376900,0.0009064838963226407,148.12596588134767,147.43569732666015,69.00352478027344
2014-03-06,152.0823516845703,152.42987331533766,151.75908664681666,152.10660827758403,82516500,0.0022900017970459707,148.65168075561525,147.54269927978515,69.00352478027344
2014-03-07,152.14706420898438,152.7127967348418,151.47627728893872,152.7127967348418,114513500,0.00042550975637389854,149.0872886657715,147.63531707763673,69.00352478027344
2014-03-10,152.066162109375,152.12272792868225,151.19333190995332,151.9126069356201,74939200,-0.0005317361858409031,149.4299514770508,147.71985076904298,69.00352478027344
2014-03-11,151.31459045410156,152.5106982433134,150.9670811494024,152.29248755677503,99009100,-0.0049423990508346005,149.72170181274413,147.77432159423827,69.00352478027344
2014-03-12,151.3550262451172,151.41160441931382,150.23974070145044,150.57918508308435,104824400,0.00026722995379535597,149.93586654663085,147.82976379394532,69.00352478027344
2014-03-13,149.65785217285156,151.9288344574442,149.23761001917646,151.80760079899065,155014300,-0.01121319928627329,150.06153564453126,147.85174591064452,69.00352478027344
2014-03-14,149.23760986328125,150.1589289404109,149.05981036315336,149.39116509809833,153919600,-0.002808020451108284,150.12821273803712,147.85126098632813,69.00352478027344
2014-03-17,150.58724975585938,150.9428487301851,149.92454033429385,149.98919581433233,98359500,0.009043564111047786,150.2215560913086,147.90637756347655,69.00352478027344
2014-03-18,151.662109375,151.86415310623653,150.73270081224965,150.8943456626554,101804600,0.007137786372241051,150.3597541809082,147.9834762573242,69.00352478027344
2014-03-19,150.85400390625,151.88846729992687,149.89227332968093,151.678333830358,176267300,-0.005328328031834695,150.50684661865233,148.05298065185548,69.00352478027344
2014-03-20,151.73487854003906,151.84802256338918,150.25591659296512,150.5226158619562,117241000,0.005839252595088551,150.65433731079102,148.12199859619142,69.00352478027344
2014-03-21,151.1463623046875,153.43548075642798,151.00836764703087,152.3721006873912,163128000,-0.0038785824394110824,150.78088912963867,148.17860076904296,69.00352478027344
2014-03-24,150.52127075195312,151.85253914803323,149.86376189879425,151.66582962251672,121411000,-0.004135670506408173,150.8349708557129,148.22076080322265,69.00352478027344
2014-03-25,151.2356414794922,151.747042874135,150.39143529719541,151.28434401494403,103852000,0.0047459785847561164,150.9275978088379,148.26912658691407,69.00352478027344
2014-03-26,150.14791870117188,152.07174327720705,150.10732912393993,151.82821820001527,119843000,-0.007192238335351764,150.96543655395507,148.33533874511718,69.00352478027344
2014-03-27,149.831298828125,150.44821812020353,149.27930797841552,149.96929344400323,142383000,-0.002108719693124872,150.9482452392578,148.3632144165039,69.00352478027344
2014-03-28,150.56997680664062,151.3248906644004,150.1722189029483,150.2615109880141,101642000,0.004930064574578452,150.9489959716797,148.3898617553711,69.00352478027344
2014-03-31,151.80384826660156,152.03926035388295,150.5943607627157,151.5278589932771,99745000,0.008194671249404983,151.06437759399415,148.44506622314452,69.00352478027344
2014-04-01,152.81045532226562,152.89974745163374,151.79577766408326,152.2990538189571,89193000,0.006630971923032192,151.12502746582032,148.53300994873047,119.83855438232422
2014-04-02,153.32179260253906,153.52472804917048,152.7210992214793,153.00521380124195,78774000,0.003346219204668044,151.20437316894532,148.62245391845704,119.83855438232422
2014-04-03,153.118896484375,153.59782128874934,152.64808464091888,153.55723171175833,77435000,-0.0013233351549054584,151.25620040893554,148.70589904785157,119.83855438232422
2014-04-04,151.30874633789062,153.98749816741042,151.06523357846436,153.95503392822138,169381000,-0.011821859927452438,151.21428451538085,148.77754791259767,119.83855438232422
2014-04-07,149.6365509033203,151.19509440689646,149.32809729668307,150.9434563121913,140803000,-0.011051545102595095,151.09280395507812,148.87878936767578,119.83855438232422
2014-04-08,150.2534637451172,150.496976459804,149.02772527892165,149.5715909853907,112660000,0.00412274165685278,151.0397476196289,149.0065933227539,119.83855438232422
2014-04-09,151.86875915527344,151.91746167787932,150.22092441406286,150.65927188990767,100254000,0.010750470371161391,151.06543426513673,149.1495703125,119.83855438232422
2014-04-10,148.6786651611328,151.9337460666765,148.49195558624794,151.86069226060837,172959000,-0.021005597279418198,151.01647491455077,149.2565463256836,119.83855438232422
2014-04-11,147.33924865722656,148.88967845737264,147.17690277556972,147.85064995133263,167251000,-0.00900880097662049,150.92155685424805,149.30634704589843,119.83855438232422
2014-04-14,148.5000762939453,148.84911939172162,147.28246335271743,148.49195094716953,132382000,0.007878604291103208,150.81719818115235,149.39633575439453,119.83855438232422
2014-04-15,149.52285766601562,149.6283880781259,147.33926994163235,148.80853320629592,157093000,0.006887413108433549,150.71023559570312,149.57159576416015,119.83855438232422
2014-04-16,151.08953857421875,151.09765153498006,149.88815152676295,150.55378589518034,105197000,0.01047786895367242,150.72201232910157,149.7584716796875,119.83855438232422
2014-04-17,151.3005828857422,151.72269217156253,150.6268355750172,150.88659894666026,105255000,0.0013968161761230835,150.7002975463867,149.95312225341797,119.83855438232422
2014-04-21,151.8281707763672,151.87688568554935,151.1544360267981,151.34113316031016,68329000,0.0034870182292914276,150.7343879699707,150.1209875488281,119.83855438232422
2014-04-22,152.51824951171875,152.93223359653373,151.90132986619383,151.98249665875562,85790000,0.0045451297464949025,150.834236907959,150.26709442138673,119.83855438232422
2014-04-23,152.16107177734375,152.54259159939312,152.03931540273348,152.46142481172058,73869000,-0.002341868828933502,150.88050842285156,150.4007241821289,119.83855438232422
2014-04-24,152.46949768066406,152.9240712079432,151.73892246650863,152.9078329001976,88170000,0.0020269698400365854,150.99658737182617,150.50867950439454,119.83855438232422
2014-04-25,151.21939086914062,152.06360936895146,150.87846076251643,151.9743172658214,100380000,-0.008199061651935735,151.06599197387695,150.59017791748047,119.83855438232422
2014-04-28,151.6983184814453,152.35582738770736,150.1397756405507,151.83631310740918,135121000,0.0031671044933592185,151.12240905761718,150.6660629272461,119.83855438232422
2014-04-29,152.40457153320312,152.63997128031673,151.86070584017443,152.18539770920023,84098000,0.004655641926869514,151.15244522094727,150.73974670410155,119.83855438232422
2014-04-30,152.85911560058594,153.01334854377458,151.94184328764186,152.15290410935202,101508000,0.0029824831552627273,151.15487823486328,150.81896606445312,119.83855438232422
2014-05-01,152.8753662109375,153.28935015529095,152.3883160760045,152.7860740990731,93019000,0.00010631103214042703,151.1325569152832,150.91823028564454,93.22154235839844
2014-05-02,152.65623474121094,153.53291779546362,152.428947918205,152.85917028933787,98122000,-0.0014333994753883417,151.109423828125,150.99565368652344,93.22154235839844
2014-05-05,152.9484100341797,153.05394044664166,151.48727211093134,151.90938137458056,75883000,0.0019139427450445279,151.19140701293946,151.08231536865233,93.22154235839844
2014-05-06,151.6171417236328,152.7129981754061,151.58467749956588,152.60746777134267,85454000,-0.008704034976560915,151.2904365539551,151.12586547851564,93.22154235839844
2014-05-07,152.5100860595703,152.5831398645524,150.99212014536693,152.12856634084216,106500000,0.0058894682077912375,151.40326766967775,151.1884051513672,93.22154235839844
2014-05-08,152.34776306152344,153.45985824639308,151.86072519590826,152.3721267216965,93618000,-0.001064342708346988,151.42721786499024,151.24753753662108,93.22154235839844
2014-05-09,152.57504272460938,152.63997118941518,151.65777023516645,152.37210721003888,83679000,0.001491847720758166,151.62203674316407,151.29553588867188,93.22154235839844
2014-05-12,154.06053161621094,154.1335978205771,152.60751867028964,153.2569148439993,86940000,0.009736119781285524,151.95810089111328,151.36564727783204,93.22154235839844
2014-05-13,154.19851684570312,154.57191123203614,154.04428388283512,154.26344530630013,66454000,0.0008956559350057347,152.24302291870117,151.45969329833986,93.22154235839844
2014-05-14,153.4679412841797,154.13357567279115,153.24876747497834,154.06050947892402,72367000,-0.00473788967927935,152.44027709960938,151.4971029663086,93.22154235839844
2014-05-15,152.12046813964844,153.1919736820597,151.3736668765444,153.1594970610281,154956000,-0.008780160424750272,152.49182357788087,151.50481475830077,93.22154235839844
2014-05-16,152.6480712890625,152.7130121293279,151.56845304377302,152.20972371382078,97458000,0.0034683245184974343,152.55919799804687,151.5161291503906,93.22154235839844
2014-05-19,153.2082061767578,153.32996253550004,152.2178798383168,152.35587450695843,63839000,0.003669452767828263,152.6281997680664,151.5373519897461,93.22154235839844
2014-05-20,152.24221801757812,153.15136511453886,151.85258531690928,153.13512680603594,111644000,-0.006305068007031012,152.61439819335936,151.54087310791016,93.22154235839844
2014-05-21,153.5247344970703,153.5977882882386,152.65616480363437,152.68051606735713,89093000,0.008424184146766045,152.6825813293457,151.58507598876952,93.22154235839844
2014-05-22,153.8981475830078,154.2147264362424,153.30557944976331,153.5653304232436,61549000,0.0024322666126781467,152.7540138244629,151.63593841552733,93.22154235839844
2014-05-23,154.5150909423828,154.62060897723188,153.89815911003612,154.03615376037692,61092800,0.0040087770324996885,152.918798828125,151.73308319091797,93.22154235839844
2014-05-27,155.4647979736328,155.51350050139808,155.00209918746793,155.09139128377007,72010000,0.006146370723129735,153.10712280273438,151.857626953125,93.22154235839844
2014-05-28,155.3511505126953,155.7083188884758,155.09138718987424,155.46479386988028,66723000,-0.0007310173262294883,153.25445175170898,151.95290496826172,93.22154235839844
2014-05-29,156.15481567382812,156.17916694466268,155.31060938376112,155.70836745106047,64377000,0.005173216667405001,153.4192367553711,152.04275909423828,93.22154235839844
2014-05-30,156.4064178466797,156.503835293869,155.8787905847128,156.0086722568332,76316000,0.001611235438150782,153.5957893371582,152.15380737304687,93.22154235839844
2014-06-02,156.58499145507812,156.6580576320761,155.83007751107544,156.6255810231443,64656000,0.0011417281391450373,153.79222717285157,152.25080963134766,83.4288558959961
2014-06-03,156.5038604736328,156.58502724211843,156.05739989526202,156.20350751025612,65047000,-0.0005181274443444295,153.96999969482422,152.35795959472657,83.4288558959961
2014-06-04,156.8204345703125,156.90972668326003,156.07363343756936,156.23597935578314,55529000,0.0020227877812191153,154.23016433715821,152.48394287109375,83.4288558959961
2014-06-05,157.84324645996094,158.00559240024415,156.4226978066305,156.9990401387674,92103000,0.006522185022959093,154.49682235717773,152.61609497070313,83.4288558959961
2014-06-06,158.5981903076172,158.63876750745436,158.1111400475449,158.18419387069494,78696000,0.0047828707568287054,154.80934371948243,152.78510040283203,83.4288558959961
2014-06-09,158.76048278808594,159.14200247318274,158.42766563535068,158.57378561863382,65119000,0.0010232933941678457,155.11861572265624,152.96368408203125,83.4288558959961
2014-06-10,158.7767791748047,158.80924341285498,158.22478803832564,158.56571827576727,57129000,0.00010264762636502667,155.35442810058595,153.12782012939454,83.4288558959961
2014-06-11,158.22470092773438,158.38704680101236,157.86753257480513,158.20846262454774,68772000,-0.0034770717099791293,155.5557373046875,153.25623718261718,83.4288558959961
2014-06-12,157.10452270507812,158.12732543164222,156.75547963161154,158.0380333267231,106350000,-0.007079667182735672,155.73756637573243,153.34211853027344,83.4288558959961
2014-06-13,157.58348083496094,157.73771379911304,156.90973347830712,157.41300956242438,82017000,0.003048659081457128,156.01071701049804,153.4273522949219,83.4288558959961
2014-06-16,157.71331787109375,158.04613500077133,157.2019289305281,157.3886260870458,87424000,0.0008239254231781068,156.26397933959962,153.51924072265626,83.4288558959961
2014-06-17,158.15167236328125,158.26531573131825,157.32369217546974,157.49416342062435,84834000,0.0027794386555597406,156.5111526489258,153.65609924316405,83.4288558959961
2014-06-18,159.31243896484375,159.40173105703383,157.80259874266395,158.15165415256945,105267000,0.007339578419987669,156.86466369628906,153.84961700439453,83.4288558959961
2014-06-19,159.4910430908203,159.58846054024232,158.9390645509548,159.45045351907768,85929000,0.001121093413276819,157.16297912597656,154.0343685913086,83.4288558959961
2014-06-20,159.8148956298828,159.94539970379213,159.6191395190188,159.88829950437423,100587000,0.0020305374696063527,157.4588165283203,154.19329132080077,83.4288558959961
2014-06-23,159.76596069335938,159.90461660565583,159.47233274803938,159.8556806890281,70611000,-0.0003061975939762096,157.72136001586915,154.41503723144533,83.4288558959961
2014-06-24,158.80348205566406,160.2716215359433,158.62404209443264,159.48045782839148,96237000,-0.006024303509447826,157.8882942199707,154.64432189941405,83.4288558959961
2014-06-25,159.52122497558594,159.6843488015205,158.4364334870733,158.46905327404014,82782000,0.00451969258249818,158.09679794311523,154.86474487304687,83.4288558959961
2014-06-26,159.40704345703125,159.56201545383763,158.33856804185126,159.5456993369236,84312000,-0.0007157763399332495,158.2594093322754,155.0624285888672,83.4288558959961
2014-06-27,159.71694946289062,159.76588535644285,158.95840577618796,159.0318096165163,71445100,0.0019441173936765033,158.42493591308593,155.23497680664062,83.4288558959961
2014-06-30,159.6354217529297,160.0024534930285,159.48044975375333,159.61910563576618,70201200,-0.0005104512090614577,158.57745742797852,155.40167358398438,83.4288558959961
2014-07-01,160.703857421875,161.19324125128688,159.96979412330495,160.02688185092595,90470000,0.0066929736346295066,158.78745727539064,155.57918731689452,98.76710510253906
2014-07-02,160.86700439453125,161.07091227857435,160.64679284056038,160.720196691884,52475000,0.0010152025923557684,158.98978576660156,155.74616241455078,98.76710510253906
2014-07-03,161.65818786621094,161.73159172656415,161.20143614105623,161.32377590831155,52938800,0.004918245818386069,159.18053283691407,155.93610473632813,98.76710510253906
2014-07-07,161.09539794921875,161.47874580903132,160.85887025375294,161.34825420750755,61696000,-0.0034813573282038712,159.30539321899414,156.1086227416992,98.76710510253906
2014-07-08,160.05950927734375,160.85882455890217,159.66799724733573,160.80172438744574,108143000,-0.006430280970543545,159.37034454345704,156.28542510986327,98.76710510253906
2014-07-09,160.7772979736328,160.9241181341996,160.1166383649588,160.45920214554715,72992000,0.004484511414097225,159.47037048339843,156.46700469970702,98.76710510253906
2014-07-10,160.14111328125,160.56524521899127,159.09710577723396,159.22760982662376,99040000,-0.003956931111550044,159.56619110107422,156.62173553466798,98.76710510253906
2014-07-11,160.361328125,160.47551605028872,159.68435240880592,160.0432323012992,64243000,0.001375129966551647,159.72903137207032,156.77177978515624,98.76710510253906
2014-07-14,161.16880798339844,161.38086771748075,161.0383039414014,161.1769598189418,58658000,0.005035377717556688,159.90829772949218,156.93764862060547,98.76710510253906
2014-07-15,160.86700439453125,161.57661229397496,160.1574089406371,161.26666832765358,111307000,-0.00187259304479237,160.06598205566405,157.10186401367187,98.76710510253906
2014-07-16,161.46240234375,161.7070818147734,161.0219544048122,161.5847420792617,79986400,0.0037011813047660436,160.2315185546875,157.2721438598633,98.76710510253906
2014-07-17,159.62730407714844,161.57666356939652,159.39891572463685,160.96493972314016,145398000,-0.011365483480759053,160.24726181030275,157.4323471069336,98.76710510253906
2014-07-18,161.25851440429688,161.4216382203089,160.05953506600693,160.14925503164596,124330000,0.010218867859599134,160.33563537597655,157.6073156738281,98.76710510253906
2014-07-21,160.95672607421875,161.08723010832705,160.21449838147123,160.75281818800568,67592000,-0.001871456717761233,160.39272689819336,157.77949493408204,98.76710510253906
2014-07-22,161.65818786621094,161.95181575317483,161.3890279326981,161.50321586398678,67678000,0.004358076913596909,160.48733825683593,157.96115783691405,98.76710510253906
2014-07-23,162.0170135498047,162.18830161218244,161.57657808954994,161.90282565673516,65612000,0.002219656723423835,160.64801483154298,158.12028747558594,98.76710510253906
2014-07-24,162.02520751953125,162.35961945246922,161.86208369351644,162.1720276748297,56888000,5.0574748583720464e-05,160.77321395874023,158.2768212890625,98.76710510253906
2014-07-25,161.2666778564453,161.7071134359607,160.94858203636468,161.56845756008457,76837000,-0.004681553411955974,160.86619567871094,158.43279602050782,98.76710510253906
2014-07-28,161.33192443847656,161.5684521139276,160.36947272968115,161.29929220669374,69259000,0.0004045881201157897,160.94694442749022,158.61702514648437,98.76710510253906
2014-07-29,160.638671875,161.86211950915165,160.6142039179612,161.63374361308757,80466000,-0.004297057546976291,160.99710693359376,158.77683715820314,98.76710510253906
2014-07-30,160.6631622314453,161.42170634206187,159.99435056988526,161.20963409075495,104222000,0.00015245616861414568,160.99507217407228,158.92593627929688,98.76710510253906
2014-07-31,157.49032592773438,159.68437724721403,157.39245410384908,159.5457213481924,183479000,-0.019748374547366776,160.82623825073242,159.0308984375,98.76710510253906
2014-08-01,157.00912475585938,158.03681636477108,156.25059313999563,157.05806067358557,189261000,-0.003055433208613678,160.59378509521486,159.10058624267577,138.7539520263672
2014-08-04,158.14283752441406,158.47724952464864,156.64207811018667,157.31088966510322,91340000,0.0072206807745571755,160.4461570739746,159.1854800415039,138.7539520263672
2014-08-05,156.6094207763672,157.90628449340065,156.0384811391311,157.49846868886766,152690000,-0.009696403403727683,160.27365264892578,159.22736663818358,138.7539520263672
2014-08-06,156.65838623046875,157.32719775123454,155.85090636893796,155.87537432423719,94818000,0.0003126596973466178,160.06770706176758,159.25123840332031,138.7539520263672
2014-08-07,155.8101043701172,157.5229357173271,155.4186046848166,157.36796372122566,135733000,-0.005414851261799747,159.85115661621094,159.26041748046876,138.7539520263672
2014-08-08,157.61268615722656,157.71870982330242,155.74488245287972,156.16086261662184,117014000,0.011569094279196834,159.71372451782227,159.28957489013672,138.7539520263672
2014-08-11,158.06942749023438,158.7708712568953,157.9960236234512,158.20808338711998,74544000,0.00289787163802413,159.55875549316406,159.32283508300782,138.7539520263672
2014-08-12,157.8491668701172,158.35485442930118,157.36794726085824,157.9144188851005,73632000,-0.0013934422589769735,159.40786361694336,159.3481185913086,138.7539520263672
2014-08-13,158.91761779785156,159.09705770015032,158.19987063420396,158.4690180421047,69047000,0.006768809420537147,159.28062438964844,159.39639373779298,138.7539520263672
2014-08-14,159.6680450439453,159.6680450439453,159.03185336167263,159.1786735282631,57371000,0.004722114869909033,159.28266143798828,159.45334594726563,138.7539520263672
2014-08-15,159.6354217529297,160.39395318609715,158.48537818114272,160.24714546827798,139951000,-0.00020431947423571462,159.2015068054199,159.489189453125,138.7539520263672
2014-08-18,160.97303771972656,161.04644156979296,160.42656609331675,160.51628605858102,75424000,0.008379192738733998,159.20232238769532,159.53668640136718,138.7539520263672
2014-08-19,161.81321716308594,161.93555697365923,161.03836932315897,161.36461711505805,59135000,0.005219379936298507,159.21007385253907,159.5977410888672,138.7539520263672
2014-08-20,162.24545288085938,162.44120896516833,161.56032525410575,161.59294504538133,72763000,0.002671201557891356,159.22149581909179,159.66711456298827,138.7539520263672
2014-08-21,162.718505859375,162.93056559713935,162.2535898687696,162.3840939130326,67791000,0.002915662473838232,159.25616073608398,159.7569906616211,138.7539520263672
2014-08-22,162.46566772460938,162.8734835430072,162.09863597716156,162.5880074919083,76107000,-0.0015538376131853937,159.31611022949218,159.8642135620117,138.7539520263672
2014-08-25,163.2894744873047,163.60757037320286,162.4330586574087,163.2405385734054,63855000,0.005070651382738323,159.4139877319336,159.9783334350586,138.7539520263672
2014-08-26,163.3954620361328,163.79512595678364,163.35467797148695,163.3954620361328,47298000,0.0006490776528058628,159.55182723999025,160.09197631835937,138.7539520263672
2014-08-27,163.33021545410156,163.5912235200768,163.07737166865655,163.47702315705044,47874000,-0.0003993169774618721,159.68517990112304,160.1955471801758,138.7539520263672
2014-08-28,163.2405242919922,163.3465603931991,162.6288005306633,162.79192437790732,58330000,-0.0005491400465003071,159.97268981933593,160.27410888671875,138.7539520263672
2014-08-29,163.70545959472656,163.7217632694839,162.97954781032246,163.4933873673491,65907000,0.0028481610479438313,160.3075065612793,160.35839721679687,138.7539520263672
2014-09-02,163.62387084960938,163.94196670509572,163.01214709324708,163.91749875048535,72426000,-0.0004983874411956801,160.58155822753906,160.4345767211914,136.44558715820312
2014-09-03,163.53407287597656,164.2763003333172,163.30569711149417,164.25183239037594,57462000,-0.0005488072930101007,160.92779083251952,160.50993896484374,136.44558715820312
2014-09-04,163.2976837158203,164.41509554258494,162.84908363901673,163.81152339874413,85236000,-0.001445504022489108,161.2597557067871,160.59982299804688,136.44558715820312
2014-09-05,164.03167724609375,164.09692926981626,162.64510596725574,163.26498152429306,102177000,0.00449481899296722,161.67083435058595,160.69003204345702,136.44558715820312
2014-09-08,163.60751342773438,164.1132134016356,163.12629384781496,163.8766733060491,64146000,-0.002585865276028443,161.97057571411133,160.7740414428711,136.44558715820312
2014-09-09,162.5717010498047,163.57492446121444,162.23728909748448,163.4607365318308,88591000,-0.006331080744572337,162.19568939208983,160.83113647460937,136.44558715820312
2014-09-10,163.1834259033203,163.28944955206072,162.12310229705966,162.66140971330194,67251000,0.003762800349417672,162.46240234375,160.9020965576172,136.44558715820312
2014-09-11,163.3710174560547,163.39548540923244,162.4085656640437,162.5309178754833,66774400,0.0011495747910423848,162.68507232666016,160.95543975830077,136.44558715820312
2014-09-12,162.41673278808594,163.2242001481853,161.95181677847015,163.20789647614876,117409300,-0.005841211512473077,162.8225067138672,160.9864343261719,136.44558715820312
2014-09-15,162.29437255859375,162.57169676168266,161.8050010650938,162.44119271852912,76401000,-0.000753372065745439,162.9554542541504,160.99915802001954,136.44558715820312
2014-09-16,163.51780700683594,163.81143485789502,161.9028600487858,161.99258001565246,116201000,0.007538366419947762,163.08269271850585,161.04760620117187,136.44558715820312
2014-09-17,163.73805236816406,164.49658382245588,162.92242072498516,163.75436848578198,151266000,0.0013469197352855566,163.17893447875977,161.1211770629883,136.44558715820312
2014-09-18,164.61080932617188,164.6352772835579,164.02355345780114,164.2356132369977,94990000,0.005330202389640215,163.29720230102538,161.19784729003905,136.44558715820312
2014-09-19,164.4624786376953,165.4458093575083,164.1265034531096,165.13442900686675,121649000,-0.0009010993207781981,163.3844009399414,161.28427459716798,136.44558715820312
2014-09-22,163.19239807128906,164.2003239998093,162.84823281657475,164.17574166045353,125553000,-0.007722615984672054,163.42073745727538,161.34089599609376,136.44558715820312
2014-09-23,162.25814819335938,163.28245348535663,162.20898353993977,162.60231327102323,111393000,-0.005724836995909421,163.36917114257812,161.36268280029296,136.44558715820312
2014-09-24,163.52833557128906,163.63486735302166,161.85667436293514,162.282776482405,107276000,0.007828188550605297,163.37581481933594,161.4159094238281,136.44558715820312
2014-09-25,160.88967895507812,163.1103783453839,160.83232436026083,163.10217590060518,150300000,-0.016135776145416947,163.25378799438477,161.40445495605468,136.44558715820312
2014-09-26,162.16796875,162.56950082657158,160.95519508503855,161.18463841344413,103547000,0.007945132361652618,163.20016021728514,161.45526824951173,136.44558715820312
2014-09-29,161.87303161621094,162.1598421405901,160.65206753544643,160.7749791866212,95112000,-0.0018187138684813142,163.10853881835936,161.46755859375,136.44558715820312
2014-09-30,161.44692993164062,162.4958177031988,161.1109547460105,161.9959561477118,131302000,-0.0026323204076424966,162.99969177246095,161.47736267089843,136.44558715820312
2014-10-01,159.2589874267578,161.24204091714753,158.89842997328216,161.1846738205826,177798000,-0.013552084922328511,162.7859375,161.42937866210937,131.55665588378906
2014-10-02,159.2835693359375,159.84078539623152,157.62009859207708,159.11967049116743,157285000,0.00015435178621237,162.58523178100586,161.37470977783204,131.55665588378906
2014-10-03,161.0371856689453,161.3813507495612,159.857183961847,160.34884300398676,121569000,0.0110093987742661,162.43550720214844,161.35494934082033,131.55665588378906
2014-10-06,160.8487091064453,161.92219159559983,160.26691068099296,161.70912808453798,104778000,-0.0011703915571864565,162.29756698608398,161.3465899658203,131.55665588378906
2014-10-07,158.3657684326172,160.381606498768,158.33299616897966,160.02104908012922,147913000,-0.015436497362157797,162.0872703552246,161.28726684570313,131.55665588378906
2014-10-08,161.13546752929688,161.3649108488131,157.62824821243632,158.45588215042542,186461000,0.017489253669476845,161.98487243652343,161.29720275878907,131.55665588378906
2014-10-09,157.93966674804688,161.102721602623,157.80855268582943,160.88146818559673,210705000,-0.019833006539475617,161.71330490112305,161.2427328491211,131.55665588378906
2014-10-10,156.13693237304688,158.6854049881865,156.09597015553217,157.8987453567088,221909000,-0.0114140697654872,161.3993148803711,161.21566497802735,131.55665588378906
2014-10-13,153.572021484375,156.63673441005386,153.48188213340063,156.07132848527797,230939000,-0.0164273170331265,160.96319732666015,161.14692291259766,131.55665588378906
2014-10-14,153.80967712402344,155.54690736765764,153.268840939579,154.39967796092162,215847000,0.001547519120679297,160.47779083251953,161.06025970458984,131.55665588378906
2014-10-15,152.76898193359375,153.80148966670126,149.07329295433365,151.72829676324722,380715000,-0.006766122976713196,159.92933731079103,160.98345092773437,131.55665588378906
2014-10-16,152.6378631591797,153.71133297987618,149.8681379702252,150.0074419733047,270391000,-0.0008582813916443444,159.3306900024414,160.9030404663086,131.55665588378906
2014-10-17,154.440673828125,155.48956156990567,153.74414114634692,154.3996991108919,214625000,0.01181103188705701,158.8295997619629,160.87565185546876,131.55665588378906
2014-10-20,155.94024658203125,156.06315822064647,154.1128893668307,154.16205402227678,130011000,0.009709700927458487,158.4669921875,160.84220306396483,131.55665588378906
2014-10-21,159.02952575683594,159.13604498949212,156.9071559913906,157.07104231401354,154949000,0.019810659804103903,158.30556106567383,160.86140502929686,131.55665588378906
2014-10-22,157.89871215820312,159.7178793661399,157.8331551187419,159.30815724730238,151822000,-0.00711071477608427,158.02407989501953,160.8623959350586,131.55665588378906
2014-10-23,159.73423767089844,160.77493521320915,159.18521160626722,159.4802119921299,154944000,0.011624702238586027,157.96630783081054,160.87872833251953,131.55665588378906
2014-10-24,160.96340942382812,161.01258657627557,159.3736982656752,159.99647132236214,117927000,0.007695105137460523,157.90607986450195,160.90463562011718,131.55665588378906
2014-10-27,160.7421875,160.9798208314797,159.81621149389306,160.38981996964324,82954000,-0.001374361568383775,157.84953765869142,160.92677093505858,131.55665588378906
2014-10-28,162.5858917236328,162.59408166252837,161.20921926204636,161.28297872700034,106736000,0.011469946081409388,157.906485748291,160.9590280151367,131.55665588378906
2014-10-29,162.3401336669922,163.16776802536646,161.26666348320364,162.70069121043585,142557000,-0.0015115583156400936,158.06054306030273,160.96956634521484,131.55665588378906
2014-10-30,163.38079833984375,163.84787505975865,161.75828972440817,161.90579619114183,113330000,0.0064103967968036635,158.26540451049806,160.99227325439452,131.55665588378906
2014-10-31,165.24911499023438,165.38022905885788,164.51981017613906,165.3474442898391,146903000,0.01143535023316744,158.4760009765625,161.0428854370117,131.55665588378906
2014-11-03,165.33929443359375,165.89651060474407,164.9623445208465,165.46220608789784,93600000,0.0005457181623313989,158.7005302429199,161.1003579711914,83.66100311279297
2014-11-04,164.765625,165.19992935638905,163.93797848770356,164.8967265482449,93343000,-0.0034696497015967998,159.02052307128906,161.12988098144533,83.66100311279297
2014-11-05,165.80628967285156,166.0111506650846,165.07698504065078,165.97017596589347,91709000,0.006316030257230931,159.2540641784668,161.1780975341797,83.66100311279297
2014-11-06,166.47007751464844,166.56021687316212,165.23272132389337,165.8473044491068,107089000,0.004003393617374673,159.6805847167969,161.24089477539061,83.66100311279297
2014-11-07,166.6258087158203,166.83887224612195,166.02761785002446,166.48650467878446,89540000,0.0009354906509140282,160.20502853393555,161.30860046386718,83.66100311279297
2014-11-10,167.1502227783203,167.19938742924273,166.45370271737593,166.65856376537008,66319000,0.0031472559175655945,160.88393859863282,161.37749572753907,83.66100311279297
2014-11-11,167.31411743164062,167.42064918308463,166.87981298860583,167.21578812490873,54499400,0.0009805230923183306,161.55916061401368,161.45130065917968,83.66100311279297
2014-11-12,167.1338348388672,167.36327820126,166.60118863752817,166.63397340571314,90120300,-0.0010775097495708819,162.27740325927735,161.5232958984375,83.66100311279297
2014-11-13,167.32237243652344,167.84681641004576,166.51932033725845,167.29779010211854,85357900,0.0011280636134389788,163.01162872314453,161.60378967285158,83.66100311279297
2014-11-14,167.36328125,167.56814229184863,166.93716678191166,167.2485595667138,80417500,0.00024449099591916656,163.6577590942383,161.67042175292968,83.66100311279297
2014-11-17,167.46974182128906,167.64183053779516,166.87974122715573,167.04364000619825,80441000,0.0006361047088341287,164.23423385620117,161.7476663208008,83.66100311279297
2014-11-18,168.43675231933594,168.73994266225887,167.52716878684132,167.52716878684132,76068100,0.005774240095735017,164.70459518432617,161.8649673461914,83.66100311279297
2014-11-19,168.16632080078125,168.43673885679863,167.41243372206222,168.2400677695883,82373000,-0.001605537478198249,165.21797561645508,161.96462524414062,83.66100311279297
2014-11-20,168.4613800048828,168.56791177728724,167.31415035114122,167.37970740310325,72840300,0.0017545677558772343,165.6543327331543,162.0664324951172,83.66100311279297
2014-11-21,169.36276245117188,170.31332095528654,168.78915387238862,170.14943457616693,142327300,0.005350677088499012,166.07430038452148,162.2053530883789,83.66100311279297
2014-11-24,169.83798217773438,169.94451391350262,169.55118424072546,169.76423520853706,65880800,0.0028059280545775778,166.5290901184082,162.35622528076172,83.66100311279297
2014-11-25,169.71511840820312,170.27233455974977,169.46109266242578,170.06747347396438,79108300,-0.0007234175062365011,166.88555145263672,162.48017150878906,83.66100311279297
2014-11-26,170.1494140625,170.24774337737108,169.64955253902582,169.8626035558224,62167800,0.0025589685725717626,167.2760154724121,162.60839874267577,83.66100311279297
2014-11-28,169.78884887695312,170.3378750329878,169.55121554220537,170.02649471542804,57890100,-0.0021191091813835827,167.59641799926757,162.7119595336914,83.66100311279297
2014-12-01,168.6088409423828,169.24800644405835,168.2974606362631,169.1332847515455,103968400,-0.006949855319565046,167.764404296875,162.79488677978514,84.38005065917969
2014-12-02,169.69866943359375,169.9035304510674,168.6251997026276,168.64978202442651,74507200,0.006463649741731858,167.982373046875,162.92501220703124,84.38005065917969
2014-12-03,170.3542022705078,170.5672531961742,169.70684705162606,169.87073334088655,68952000,0.00386292266817434,168.26180191040038,163.08693328857422,84.38005065917969
2014-12-04,170.165771484375,170.66563290513906,169.37909961586632,170.06742968598317,91316600,-0.0011061117578632373,168.47977600097656,163.21968200683594,84.38005065917969
2014-12-05,170.4443817138672,170.8295214613071,170.07563435032745,170.3378499741039,91025500,0.0016372871410146317,168.6784912109375,163.4107760620117,84.38005065917969
2014-12-08,169.30538940429688,170.54274581116482,168.74816077150885,170.05108672735784,108588200,-0.006682486674640775,168.81247024536134,163.55352447509765,84.38005065917969
2014-12-09,169.19058227539062,169.29711398310434,167.09280790138328,167.46974509161066,125180100,-0.0006781067590949652,168.91448822021485,163.69987548828124,84.38005065917969
2014-12-10,166.47833251953125,168.78915929797455,166.28985129894235,168.73180469011723,159856400,-0.01603073716860115,168.87269897460936,163.80050354003907,84.38005065917969
2014-12-11,167.32237243652344,168.96126141674702,166.92904258231434,167.06834664518567,159012800,0.005069968591217,168.8821258544922,163.96177124023438,84.38005065917969
2014-12-12,164.6181182861328,167.01909590681004,164.58534602505827,166.05214540483456,202330200,-0.01616194003833249,168.74691314697264,164.06846221923828,84.38005065917969
2014-12-15,163.48728942871094,165.96201413505062,162.88909873112254,165.5113173750629,189965800,-0.006869407020291152,168.5531135559082,164.1174642944336,84.38005065917969
2014-12-16,162.17620849609375,165.85550503958038,162.13523378436992,162.7252346227588,259543800,-0.008019467061926466,168.28843688964844,164.14401428222655,84.38005065917969
2014-12-17,165.35560607910156,165.80630279843695,162.48755196079745,162.61047606810183,253910100,0.01960458696433509,168.1343795776367,164.28381103515625,84.38005065917969
2014-12-18,169.44471740722656,174.5170804047407,167.10110584872783,167.77305627983506,257633900,0.024729196820632016,168.19829940795898,164.44999603271484,84.38005065917969
2014-12-19,170.16563415527344,170.83304527947857,169.41582131853647,170.09146758490033,245084600,0.004254583790383348,168.28351211547852,164.69451538085937,84.38005065917969
2014-12-22,170.94842529296875,170.94842529296875,170.11622319395548,170.3551680790871,148318900,0.004600171718462498,168.36279525756837,164.99074523925782,84.38005065917969
2014-12-23,171.1791229248047,171.57462351516708,170.89072948163678,171.52518751296392,122167900,0.0013495159808614154,168.4298522949219,165.34288726806642,84.38005065917969
2014-12-24,171.19554138183594,171.6651957988259,171.1543405379201,171.40153302868276,42963400,9.591389855678756e-05,168.5038734436035,165.69060455322267,84.38005065917969
2014-12-26,171.74765014648438,172.0854795683514,171.5910944352418,171.6405304340055,57326700,0.003225018363165244,168.58378524780272,166.07017791748046,84.38005065917969
2014-12-29,171.9783477783203,172.1843394738604,171.5004455359391,171.56636438724016,79643900,0.0013432360305318802,168.6932601928711,166.4569876098633,84.38005065917969
2014-12-30,171.05552673339844,171.68997216904498,170.9813601600387,171.55814702551612,73540800,-0.0053659141214182915,168.8155944824219,166.78928466796876,84.38005065917969
2014-12-31,169.35813903808594,171.54165871129243,169.23454904097866,171.37686785757063,130333800,-0.0099230216510805,168.79856796264647,167.05764251708985,84.38005065917969
2015-01-02,169.2675018310547,170.46226380671263,168.23754328151247,170.05028038689574,121465900,-0.0005351806978162177,168.74423294067384,167.2624020385742,86.5262222290039
2015-01-05,166.2106170654297,168.39412449200552,165.90575331187634,168.2293336136723,169632600,-0.018059490053064398,168.54647521972657,167.42864013671874,86.5262222290039
2015-01-06,164.64508056640625,167.03457967173875,163.8540667692118,166.51547647443184,209151400,-0.00941899215985198,168.25651016235352,167.5268569946289,86.5262222290039
2015-01-07,166.69679260253906,167.0346221525055,165.51852560943698,165.96346233975933,125346700,0.012461423257072557,168.12608032226564,167.64152465820314,86.5262222290039
2015-01-08,169.65478515625,169.869024603716,168.0810178817393,168.09748816790014,147217800,0.017744747859449017,168.1492904663086,167.81977661132814,86.5262222290039
2015-01-09,168.29518127441406,170.08318732194306,167.68544145254816,170.06670446926213,158567300,-0.008013943612517394,168.24013290405273,167.93396240234375,86.5262222290039
2015-01-12,166.9768829345703,168.5836284061777,166.37539063350323,168.4270726875914,144396100,-0.007833250660303825,168.22285842895508,168.02669738769532,86.5262222290039
2015-01-13,166.50721740722656,169.3086995814917,165.21358345782082,168.18810419723846,214553300,-0.0028127577847275598,168.31731338500975,168.08922576904297,86.5262222290039
2015-01-14,165.50196838378906,165.69972493771155,163.61508998446124,164.5049630452742,192991100,-0.006037269969979553,168.41804733276368,168.09428283691406,86.5262222290039
2015-01-15,163.98587036132812,166.44952296121758,163.8705155162437,166.13642413755133,176613900,-0.009160604174478393,168.5085304260254,168.06721435546876,86.5262222290039
2015-01-16,166.13645935058594,166.293015081969,163.59863964809597,163.77991338204083,211879600,0.013114477390760548,168.5475730895996,168.09463104248047,86.5262222290039
2015-01-20,166.4907684326172,167.0345896649275,164.9334713202657,166.77091419250849,130991100,0.002132638936788611,168.39987564086914,168.1083206176758,86.5262222290039
2015-01-21,167.33120727539062,167.80910960815234,165.56791853100518,166.0293380046406,122942700,0.005047960620793157,168.258154296875,168.12554321289062,86.5262222290039
2015-01-22,169.81954956054688,169.9513746832163,166.71319144103717,168.08097924220147,174356000,0.014870760366062497,168.20171051025392,168.18941802978514,86.5262222290039
2015-01-23,168.88848876953125,169.81957534719535,168.75665105410798,169.56413505878655,117516800,-0.005482647866073109,168.08717880249023,168.22418334960938,86.5262222290039
2015-01-26,169.2839813232422,169.3746181767097,167.96564194967536,168.6742539205843,92009700,0.002341737773795982,167.99160079956056,168.2635806274414,86.5262222290039
2015-01-27,167.05108642578125,168.18815242017473,166.22711936501577,167.24059532939023,134044600,-0.013190231467898328,167.75677261352538,168.2619256591797,86.5262222290039
2015-01-28,164.9087371826172,168.3281948366188,164.71922831331804,168.22932283050397,168514300,-0.012824515476083875,167.40329208374024,168.21365295410158,86.5262222290039
2015-01-29,166.43309020996094,166.68851795505324,163.70574902054628,165.1065029059678,173585400,0.009243615913786973,167.17217025756835,168.19504913330078,86.5262222290039
2015-01-30,164.34017944335938,166.58137019560846,164.0765165992491,165.26303082958518,197729700,-0.01257508806668961,166.92127227783203,168.13245788574218,86.5262222290039
2015-02-02,166.37545776367188,166.46609465980643,163.03015289810205,164.83464310212662,163107000,0.012384544833808908,166.77667007446288,168.0912319946289,111.9856948852539
2015-02-03,168.78140258789062,168.78965030470357,166.8945236303613,167.26530627751242,124212900,0.01446093586492947,166.90520935058595,168.1035336303711,111.9856948852539
2015-02-04,168.13870239257812,169.2263448570406,167.6855180323854,168.0233475165962,134306700,-0.0038078851429014238,167.07989044189452,168.097080078125,111.9856948852539
2015-02-05,169.83609008789062,169.98441069974993,168.72374207627507,168.7978960958348,97953200,0.01009516352368034,167.23685531616212,168.10654663085938,111.9856948852539
2015-02-06,169.36639404296875,170.75890007641658,168.8472908873023,170.19859606236224,125672000,-0.0027655844213018144,167.22243576049806,168.09711486816406,111.9856948852539
2015-02-09,168.6083526611328,169.44055471328016,168.2046043494196,168.72370752551697,87219000,-0.004475748486701625,167.23809432983398,168.07497955322265,111.9856948852539
2015-02-10,170.40460205078125,170.6600297923435,168.6495484329355,169.63831882609458,96164200,0.010653383188308219,167.40948028564452,168.08008331298828,111.9856948852539
2015-02-11,170.50343322753906,170.93189945711313,169.59707734785468,170.23977040584836,91087800,0.0005799795050627221,167.60929107666016,168.094375,111.9856948852539
2015-02-12,172.14317321777344,172.20085693903096,170.5364401841845,171.2944882673973,97545900,0.009617049693340318,167.94135131835938,168.16506164550782,111.9856948852539
2015-02-13,172.85174560546875,172.90118159934494,172.011295991369,172.2667362476208,93670400,0.004116180586487328,168.3846450805664,168.2281231689453,111.9856948852539
2015-02-17,173.12371826171875,173.29675687510698,172.2915160631589,172.53869612122853,76968200,0.0015734446608990371,168.73400802612304,168.28351348876953,111.9856948852539
2015-02-18,173.1402130126953,173.21436703520834,172.48927195443994,172.75294746480677,80652900,9.527724532598647e-05,169.06648025512695,168.34300231933594,111.9856948852539
2015-02-19,173.0165557861328,173.37910321207133,172.40682836317836,172.54690121906617,91462500,-0.0007142028094503372,169.35074768066406,168.39444580078126,111.9856948852539
2015-02-20,174.05477905273438,174.1289330590768,171.98661400910962,172.60458920743812,140896400,0.0060007163007274045,169.56250915527343,168.48943359375,111.9856948852539
2015-02-23,174.03004455566406,174.03004455566406,173.42853970059855,173.80756998498592,74411100,-0.00014210754341204002,169.81958694458007,168.58622283935546,111.9856948852539
2015-02-24,174.52442932128906,174.72218590601705,173.65926155061786,173.9558901413412,72472300,0.002840801235713508,170.08160934448242,168.74714477539064,111.9856948852539
2015-02-25,174.37611389160156,174.87873418858408,174.0382844551776,174.4008318920485,73061700,-0.0008498261834419818,170.44786071777344,168.88821960449218,111.9856948852539
2015-02-26,174.17015075683594,174.442061379114,173.56864578661225,174.28550563543217,72697900,-0.0011811430486038388,170.9109313964844,169.07926025390626,111.9856948852539
2015-02-27,173.57688903808594,174.33493715975217,173.52745303035053,174.07126168817862,108076000,-0.003406219241196329,171.26812133789062,169.28105224609374,111.9856948852539
2015-03-02,174.67276000976562,174.73043115902072,173.62631845239653,173.67575445825463,87491400,0.0063134613009410145,171.78475036621094,169.53098327636718,111.92469787597656
2015-03-03,173.9558868408203,174.72218259095698,173.09896680206552,174.24428028315134,110325800,-0.004104092526534986,172.16377182006835,169.70298889160156,111.92469787597656
2015-03-04,173.2225341796875,173.43677359094355,172.2584945472415,173.36260702480507,114497200,-0.0042157392569524,172.3858283996582,169.77854522705078,111.92469787597656
2015-03-05,173.4120330810547,173.69217873492178,172.90941290312435,173.543858194635,76873000,0.0010939621814480827,172.64949493408204,169.8434732055664,111.92469787597656
2015-03-06,170.97312927246094,172.98361049096536,170.6435475463317,172.55514418880782,188128000,-0.014064213222468758,172.70634689331055,169.84396728515625,111.92469787597656
2015-03-09,171.6817169189453,172.03601659558407,171.01430584603222,171.17086154416938,89818900,0.004144438658282734,172.82211303710938,169.85401916503906,111.92469787597656
2015-03-10,168.89675903320312,170.40462021347557,168.85555816697376,170.322231053756,157121300,-0.01622163347222949,172.8365333557129,169.8080435180664,111.92469787597656
2015-03-11,168.50125122070312,169.3252182193374,168.41884949174425,169.1521796176192,110145700,-0.002341713451246563,172.741365814209,169.7431155395508,111.92469787597656
2015-03-12,170.6435089111328,170.70941518324733,169.0779646346296,169.12740062508254,93993500,0.012713601085512227,172.74836959838868,169.71641876220704,111.92469787597656
2015-03-13,169.5970916748047,171.327414449138,168.56713315220063,170.37162249544068,162410900,-0.0061321830698704005,172.62106552124024,169.68725006103514,111.92469787597656
2015-03-16,171.86302185058594,171.95365871478418,169.6218308201728,170.32220773195343,136099200,0.013360666467831184,172.5716293334961,169.73734771728516,111.92469787597656
2015-03-17,171.35218811035156,171.73120590124896,170.54469137319978,171.12971349315757,94510400,-0.0029723307243979535,172.48305282592773,169.7790414428711,111.92469787597656
2015-03-18,173.4120330810547,174.07944408051077,170.24799147318575,170.8824493374302,228808500,0.012021118571165168,172.49664382934571,169.9230697631836,111.92469787597656
2015-03-19,172.62106323242188,173.4203121205103,172.23379778880226,173.00009353333743,117917300,-0.00456121662712472,172.47686920166015,170.0825894165039,111.92469787597656
2015-03-20,174.14479064941406,174.64965461375428,173.38335875102342,173.56544166464516,177715100,0.008827007483673155,172.48136978149415,170.2315493774414,111.92469787597656
2015-03-23,173.805419921875,174.72410621804497,173.805419921875,174.15302924625576,71784500,-0.00194878483745331,172.4701385498047,170.31456207275392,111.92469787597656
2015-03-24,172.82882690429688,174.1364948299341,172.7626137919206,173.68130020424437,77805300,-0.0056188870175458705,172.38535842895507,170.40523498535157,111.92469787597656
2015-03-25,170.29620361328125,173.26745828942722,170.25483147293886,173.0357187365326,159521700,-0.014653940181044267,172.18136291503907,170.47162139892578,111.92469787597656
2015-03-26,169.8906707763672,170.8010725816422,168.93887157179836,169.6341028800728,153067200,-0.0023813380939188278,171.96738891601564,170.5392904663086,111.92469787597656
2015-03-27,170.27969360351562,170.45349198825053,169.58446217799315,169.77482962832696,118939000,0.0022898421989310247,171.80252914428712,170.6348449707031,111.92469787597656
2015-03-30,172.35704040527344,172.65499305710676,171.28938410303803,171.30592790729784,96180400,0.012199615572451972,171.6867431640625,170.80226837158204,111.92469787597656
2015-03-31,170.8507537841797,172.23293206776975,170.79282520034084,171.53770065967885,126768700,-0.00873933909257163,171.53148651123047,170.8965542602539,111.92469787597656
2015-04-01,170.24652099609375,170.84242622096593,169.26162173196178,170.81759788900095,137303600,-0.0035366117778398154,171.38268585205077,170.97166931152344,104.23526763916016
2015-04-02,170.8590087890625,171.3059314616564,169.99825105308088,170.18033393458242,86900900,0.00359765233019238,171.25503463745116,171.04222534179686,104.23526763916016
2015-04-06,172.00946044921875,172.5225963037585,169.8410346083079,169.9734482092837,114368200,0.006733339191827836,171.30685119628907,171.08602355957032,104.23526763916016
2015-04-07,171.5542755126953,172.7791867260063,171.52117526535696,172.0343111867044,81236300,-0.0026462784973261266,171.30047912597655,171.1393392944336,104.23526763916016
2015-04-08,172.13360595703125,172.57225680282082,171.3887304982197,171.7777246639366,89351900,0.0033769513619208436,171.46232147216796,171.1963317871094,104.23526763916016
2015-04-09,172.89505004882812,173.12678965808885,171.4797840514758,171.96809161178513,85548900,0.0044235644025660825,171.68201141357423,171.3132110595703,104.23526763916016
2015-04-10,173.8385467529297,173.87993152787084,172.94470128427375,173.14332799781496,72722900,0.00545704867684238,171.84176330566407,171.49180725097656,104.23526763916016
2015-04-13,173.05227661132812,174.32685688473805,173.0026199357931,173.69783865100243,74436600,-0.00452299076521312,172.01452255249023,171.6241909790039,104.23526763916016
2015-04-14,173.3833770751953,173.56546000806065,172.23295088783445,172.85368471473123,75099900,0.0019132973593338765,172.0905403137207,171.80505493164063,104.23526763916016
2015-04-15,174.1613311767578,174.66619513158932,173.7640651130928,173.84683466458407,99529300,0.004486901309028735,172.23099746704102,171.96077239990234,104.23526763916016
2015-04-16,174.1116485595703,174.61651243919104,173.63161301592615,173.8302523325971,68934900,-0.0002852677850577745,172.2659782409668,172.06737731933595,104.23526763916016
2015-04-17,172.10877990722656,173.1681645257431,171.3307915654402,172.9281530259111,191113200,-0.011503358155031673,172.24036407470703,172.14677886962892,104.23526763916016
2015-04-20,173.68125915527344,174.01231201005183,172.94465581886317,173.0274127181293,92189500,0.009136542882324239,172.2171875,172.22368225097657,104.23526763916016
2015-04-21,173.47438049316406,174.51720854723484,173.17642781644966,174.35995399162735,72559800,-0.0011911398104526016,172.20063552856445,172.30584197998047,104.23526763916016
2015-04-22,174.3268585205078,174.50894141841778,172.89502367522857,173.81371006782535,78264600,0.004914143661561177,172.275537109375,172.42021209716796,104.23526763916016
2015-04-23,174.7655029296875,175.41106495177615,173.81370370204252,173.92957348475434,102585900,0.0025162181714419862,172.4990020751953,172.5074301147461,104.23526763916016
2015-04-24,175.17105102539062,175.43590347488626,174.72412830294158,175.1793355574748,61327400,0.002320527157274821,172.76302108764648,172.60078247070314,104.23526763916016
2015-04-27,174.44271850585938,175.8579842078044,174.25235108673922,175.73384252477726,79358100,-0.004157836099445866,172.97117233276367,172.64677337646484,104.23526763916016
2015-04-28,174.99720764160156,175.046864305894,173.2508767171308,174.41785884342903,86863500,0.003178631590309511,173.1031806945801,172.6896826171875,104.23526763916016
2015-04-29,174.27720642089844,174.8730991774174,173.47438979417575,174.11166732473544,125684900,-0.0041143583398067785,173.274503326416,172.7127523803711,104.23526763916016
2015-04-30,172.5308837890625,174.09513234780124,171.8356523849537,173.70613818403748,161304900,-0.010020373103860614,173.38872146606445,172.70056579589843,104.23526763916016
2015-05-01,174.4013214111328,174.44270617883703,173.20951082285615,173.30882416225984,103399700,0.01084117568398435,173.56583709716796,172.72826110839844,102.19049072265625
2015-05-04,174.8979034423828,175.47725227079633,174.71582057790178,174.8234058131989,70927200,0.0028473524582957044,173.71025924682618,172.7451235961914,102.19049072265625
2015-05-05,172.89505004882812,175.0138320359945,172.75435190240992,174.6579380889331,113326200,-0.011451557475155805,173.7772979736328,172.72242370605468,102.19049072265625
2015-05-06,172.18321228027344,173.74746038938505,171.12382798568237,173.44123586592173,135060200,-0.004117166849795018,173.77977828979493,172.67559936523438,102.19049072265625
2015-05-07,172.87017822265625,173.2922851845941,171.7528652366723,172.08391812981014,88244900,0.00398973821712989,173.77853469848634,172.64548065185548,102.19049072265625
2015-05-08,175.14622497558594,175.3448643153034,174.4510062298649,174.53377577862886,155877300,0.013166219739752627,173.84391860961915,172.66500213623047,102.19049072265625
2015-05-11,174.31033325195312,175.36971795892208,174.23584822463388,175.10487809661078,75708100,-0.004772536340702294,173.90682144165038,172.6796710205078,102.19049072265625
2015-05-12,173.78890991210938,174.32688679003272,172.66331210107083,173.4826852745384,119727600,-0.0029913507140741924,173.9270980834961,172.66199401855468,102.19049072265625
2015-05-13,173.8219757080078,174.8151470066639,173.59023615928334,174.19441336639656,94667900,0.00019026413086509208,173.9101303100586,172.65931579589844,102.19049072265625
2015-05-14,175.63450622558594,175.72554765752776,174.5585654741439,174.8316897699693,95934000,0.010427510734447587,173.98627319335938,172.7075552368164,102.19049072265625
2015-05-15,175.82489013671875,175.96558825870497,175.34485456407552,175.82489013671875,76510100,0.001083977831145999,174.17207870483398,172.7558123779297,102.19049072265625
2015-05-18,176.37112426757812,176.61940762185802,175.59313608054563,175.6593491846397,74549700,0.0031066939978443564,174.30657196044922,172.86377227783203,102.19049072265625
2015-05-19,176.31326293945312,176.76019843734514,176.03186659121832,176.48707399504758,72114600,-0.00032806576680444177,174.44851608276366,172.95640319824219,102.19049072265625
2015-05-20,176.18902587890625,176.93390113389245,175.87451681935968,176.4124808780878,76857500,-0.0007046382017757979,174.5416244506836,173.10224853515626,102.19049072265625
2015-05-21,176.7022247314453,176.90913600162264,175.88285155515285,176.04839067438408,64764600,0.002912774220636072,174.6384605407715,173.2662680053711,102.19049072265625
2015-05-22,176.2801055908203,176.7353002183509,176.21389247817623,176.3214777359704,57433500,-0.0023888728128157455,174.69391326904298,173.37899993896485,102.19049072265625
2015-05-26,174.3848114013672,176.21391253841256,173.97098887187707,175.79180547586134,124308600,-0.010751605707863932,174.69101791381837,173.4747543334961,102.19049072265625
2015-05-27,176.0400390625,176.27177858648724,174.43440619711916,174.83995667852528,93214000,0.009491810942887202,174.74315948486327,173.55829467773438,102.19049072265625
2015-05-28,175.8414764404297,175.9490617114826,175.1545295195559,175.73387854051526,74974600,-0.0011279401159404179,174.82137298583984,173.64808044433593,102.19049072265625
2015-05-29,174.74891662597656,175.81657282498261,174.48407686598608,175.77520068947507,124919600,-0.006213322570817081,174.93227462768556,173.6748181152344,102.19049072265625
2015-06-01,175.10479736328125,175.74207469722938,174.31852478566617,175.41102186475908,93338800,0.002036526143772255,174.96744842529296,173.72449279785155,76.2623291015625
2015-06-02,174.9310302734375,175.61797707044715,174.02890034426045,174.6496340324049,91531000,-0.0009923605318662432,174.9691047668457,173.74021759033204,76.2623291015625
2015-06-03,175.39453125,176.0152650154497,174.90622371877285,175.46074436711126,87820900,0.0026496212583781986,175.0940788269043,173.77199981689452,76.2623291015625
2015-06-04,173.91305541992188,175.34487779582446,173.59854626507146,174.69104377421863,151882800,-0.00844653376316784,175.18057098388672,173.79368438720704,76.2623291015625
2015-06-05,173.6150360107422,174.2854262116272,172.96118961143878,173.76400599811387,121704700,-0.0017136114851188378,175.21781387329102,173.86006103515626,76.2623291015625
2015-06-08,172.54737854003906,173.65643213251184,172.47289354148063,173.50744950653794,89063300,-0.006149568005371808,175.08787155151367,173.9131951904297,76.2623291015625
2015-06-09,172.5226287841797,173.06060570835015,171.89362301732697,172.5226287841797,105034700,-0.000143437449289463,174.998486328125,173.95805389404296,76.2623291015625
2015-06-10,174.5916748046875,174.97239698414873,173.22606588327378,173.28399445451433,134551300,0.011992896439667167,175.03862457275392,174.00274658203125,76.2623291015625
2015-06-11,175.15451049804688,175.53522011524936,174.79861659098182,175.03035617419903,73876400,0.003223725839098579,175.10525131225586,174.0888217163086,76.2623291015625
2015-06-12,173.81369018554688,175.03032912383966,173.5405658699242,174.33511048163183,135382400,-0.007655071563315241,175.01421051025392,174.16016510009766,76.2623291015625
2015-06-15,173.06886291503906,173.35025921087504,171.976365349283,172.67986871773456,124384200,-0.004285204863395453,174.87640914916992,174.2043621826172,76.2623291015625
2015-06-16,174.01235961914062,174.0951291699091,172.74606379131728,172.91986216752656,85308200,0.005451568168935994,174.75847091674805,174.24442016601563,76.2623291015625
2015-06-17,174.2937774658203,174.8979674777453,173.27577753539802,174.2937774658203,126708600,0.0016172290709441928,174.6574966430664,174.2992102050781,76.2623291015625
2015-06-18,176.1063232421875,176.56980247723928,174.32689133000042,174.88968393574558,165867900,0.010399371697148663,174.65336151123046,174.37866455078125,76.2623291015625
2015-06-19,175.3245391845703,175.93998021481357,174.95028982021987,175.86513288000162,130478700,-0.004439273066544347,174.58447723388673,174.42725433349608,76.2623291015625
2015-06-22,176.22279357910156,176.8049608265951,176.01487579854714,176.2394305548283,70696000,0.005123380895275753,174.58161163330078,174.47493927001952,76.2623291015625
2015-06-23,176.34747314453125,176.6801490830367,175.95659953850776,176.43064530172998,68476800,0.0007075110029606257,174.67974472045898,174.54084320068358,76.2623291015625
2015-06-24,175.0666961669922,176.4555848227745,175.04174705924612,176.08133551629476,92307300,-0.0072628031164889695,174.6310775756836,174.57450958251954,76.2623291015625
2015-06-25,174.53440856933594,175.69043030134037,174.4595612541665,175.56568477605794,97107400,-0.0030404846227777282,174.56572418212892,174.5819711303711,76.2623291015625
2015-06-26,174.50111389160156,175.13317891574124,173.95220830495435,174.8919873593576,104174800,-0.00019076283013352846,174.55333404541017,174.5897604370117,76.2623291015625
2015-06-29,170.84176635742188,174.50943660371323,170.76691905205735,173.02906400961442,202621300,-0.0209703391145849,174.34018249511718,174.56442016601562,76.2623291015625
2015-06-30,171.19943237304688,172.42198941511714,170.7253739447675,172.3720785092808,182925100,0.002093551379448444,174.15360260009766,174.51478363037108,76.2623291015625
2015-07-01,172.57168579101562,173.01247028648763,171.78991323216673,172.7629665159609,135979900,0.008015525512833355,174.01246032714843,174.49672973632812,85.90596771240234
2015-07-02,172.41372680664062,173.21213661439944,171.9978912732918,173.0458049391186,104373700,-0.0009153238762834581,173.93749389648437,174.45846710205078,85.90596771240234
2015-07-06,171.92300415039062,172.69645197214962,170.93331377952788,171.1329193578643,117975400,-0.0028461925006721955,173.8528923034668,174.40161712646486,85.90596771240234
2015-07-07,173.0041961669922,173.12894173452543,169.75235967684756,172.12262698231274,173820200,0.0062888152864974955,173.87573318481446,174.35828002929688,85.90596771240234
2015-07-08,170.10165405273438,171.9562766706822,169.86878720789298,171.67351160055927,164020100,-0.01677729314412779,173.7546844482422,174.27145874023438,85.90596771240234
2015-07-09,170.40931701660156,172.4469203319704,170.30120845774883,172.18909176169095,144113100,0.001808700600711477,173.5455665588379,174.1797009277344,85.90596771240234
2015-07-10,172.55511474609375,172.97095029240995,170.4509878969572,172.39709520804658,129456900,0.012592021182052715,173.41559677124025,174.14525909423827,85.90596771240234
2015-07-13,174.45953369140625,174.56764223280854,173.76924561656435,173.8108316818508,106069400,0.011036583575715797,173.4478889465332,174.18383209228514,85.90596771240234
2015-07-14,175.2164306640625,175.52415754673356,174.35981059585094,174.41803365402632,81709600,0.0043385245657889815,173.55526733398438,174.20013427734375,85.90596771240234
2015-07-15,175.15821838378906,175.7154363945804,174.6841598533939,175.25801483638108,97914100,-0.00033223071633647905,173.6125602722168,174.20534057617186,85.90596771240234
2015-07-16,176.56373596191406,176.56373596191406,175.96493189409927,176.2061108732206,106683300,0.008024274231000605,173.72605819702147,174.2787142944336,85.90596771240234
2015-07-17,176.71340942382812,176.771632471626,176.14787936670868,176.5553899401361,89030000,0.000847702168843778,173.75641250610352,174.3693182373047,85.90596771240234
2015-07-20,176.80490112304688,177.29558387379078,176.48887483272011,176.93797150333708,70446800,0.0005177405580993888,173.83043060302734,174.4480126953125,85.90596771240234
2015-07-21,176.10630798339844,176.92966671909812,175.80690596044315,176.67183808770818,77965000,-0.00395120913057867,173.8246063232422,174.46721435546874,85.90596771240234
2015-07-22,175.79025268554688,176.12292861924817,175.3910542553946,175.42431550362008,88667900,-0.001794684707610572,173.79674530029297,174.4968127441406,85.90596771240234
2015-07-23,174.8005828857422,176.0231401184757,174.4429704916876,175.9233436718169,90509100,-0.005629833194306877,173.78343963623047,174.5170462036133,85.90596771240234
2015-07-24,172.98751831054688,174.9585739534814,172.654855082219,174.90036359915393,117755000,-0.010372188383264258,173.70609512329102,174.50035705566407,85.90596771240234
2015-07-27,171.98121643066406,172.61329442396672,171.54043187759277,172.1059746773746,132361100,-0.0058171935739103064,173.58010025024413,174.42729125976564,85.90596771240234
2015-07-28,174.09364318847656,174.23502569603966,171.98951716307448,172.8128631006647,123544800,0.012282892292857728,173.74269409179686,174.39266632080077,85.90596771240234
2015-07-29,175.29124450683594,175.51578646845462,174.0769996490559,174.2183821512823,105791300,0.006879064027988768,173.94728469848633,174.37106872558593,85.90596771240234
2015-07-30,175.33282470703125,175.4991563105311,174.16847810195645,174.7839189942226,91304400,0.0002372063722424489,174.0853416442871,174.3514599609375,85.90596771240234
2015-07-31,175.0666961669922,175.8567808562914,174.78393115234425,175.83183174854534,103266900,-0.0015178477873937224,174.21799011230468,174.32901336669923,85.90596771240234
2015-08-03,174.4761505126953,175.0915912579048,173.52804663997438,175.0333809212185,113965700,-0.0033732609755402487,174.34564743041992,174.28449188232423,106.80866241455078
2015-08-04,174.1351776123047,174.85872690412018,173.652807187666,174.40130557986927,81820800,-0.001954266525188042,174.40219650268554,174.2415933227539,106.80866241455078
2015-08-05,174.70907592773438,175.74033950870202,174.42629823558653,175.02510217498823,85786800,0.0032957058033811215,174.63256759643554,174.24807861328125,106.80866241455078
2015-08-06,173.2786102294922,175.00016212666623,172.69643053750892,174.8920408655341,116030800,-0.008187701129126701,174.7760322570801,174.19285003662108,106.80866241455078
2015-08-07,172.94595336914062,173.2703044979984,172.04774731454444,173.12060983404416,117858000,-0.0019197802885825288,174.79557418823242,174.13493957519532,106.80866241455078
2015-08-10,175.12493896484375,175.2080984366142,174.05207644959614,174.05207644959614,80270700,0.012599228563921594,174.8288444519043,174.14246002197265,106.80866241455078
2015-08-11,173.5447235107422,174.21006260904733,172.78790012779152,173.7942272588926,126081400,-0.009023360484475496,174.7452590942383,174.11125854492187,106.80866241455078
2015-08-12,173.7526397705078,173.93560833830855,170.79189413196906,172.2473178456554,172123700,0.0011980557838899841,174.67498016357422,174.0876907348633,106.80866241455078
2015-08-13,173.53640747070312,174.27659386972576,172.9958139134832,173.5946178194664,89383300,-0.001244483537575558,174.52361373901368,174.05052825927734,106.80866241455078
2015-08-14,174.1685028076172,174.24335013626597,173.2037616040672,173.3451441216115,72786500,0.003642436455420839,174.39636840820313,174.05563720703125,106.80866241455078
2015-08-17,175.14157104492188,175.14157104492188,173.12061685780503,173.57803838892946,79072600,0.0055869357640372375,174.31320190429688,174.08616790771484,106.80866241455078
2015-08-18,174.63424682617188,175.2164139007703,174.4013799963325,174.86711365601124,71692700,-0.002896652209542383,174.23959884643554,174.1279052734375,106.80866241455078
2015-08-19,173.2536163330078,174.6591289129357,172.44689487839162,173.89399352418042,172946000,-0.007905840453724555,174.1127670288086,174.14252502441406,106.80866241455078
2015-08-20,169.6358642578125,173.22867488300395,169.57764122071316,171.74830213457633,194327900,-0.020881249995045925,173.85453109741212,174.04340881347656,106.80866241455078
2015-08-21,164.52943420410156,169.61094324774174,164.27161828918466,167.77294521481267,346588500,-0.030102302222778765,173.43162689208984,173.83090728759765,106.80866241455078
2015-08-24,157.60157775878906,164.23830555387377,151.69671145793896,155.92992443127537,507244300,-0.04210709456836992,172.7126449584961,173.5066650390625,106.80866241455078
2015-08-25,155.74700927734375,162.55007098556018,155.45591939317808,162.533434014676,369833100,-0.011767448700823024,171.79531326293946,173.16022796630858,106.80866241455078
2015-08-26,161.72669982910156,162.00114000948767,156.66181531070703,159.74731938075684,339257000,0.03839361397373331,171.11708602905273,172.91451477050782,106.80866241455078
2015-08-27,165.7270050048828,165.85175051951322,162.3504243791661,163.855746143709,274143900,0.024734970663523148,170.6367950439453,172.74317932128906,106.80866241455078
2015-08-28,165.73536682128906,166.20110046922707,164.60429395188672,165.08666457019112,160414400,5.045536426617758e-05,170.17022857666015,172.5357601928711,106.80866241455078
2015-08-31,164.39634704589844,165.610591861225,163.84744133388966,164.7622841872376,163298800,-0.008079263955981575,169.6662384033203,172.31719635009765,106.80866241455078
2015-09-01,159.48953247070312,161.98454517734268,158.62458762583853,160.6122805745164,256000400,-0.029847467193570676,168.93395614624023,171.9825311279297,82.47853088378906
2015-09-02,162.51681518554688,162.558401269007,160.03011460200588,161.85978806163322,160269300,0.018981074606885695,168.32434310913087,171.70591796875,82.47853088378906
2015-09-03,162.63316345214844,164.71233963361215,162.14248091899123,163.2236423811249,152087800,0.0007159152514077949,167.79207077026368,171.45724731445313,82.47853088378906
2015-09-04,160.17144775390625,161.22767303477093,159.35641406857826,160.38769024511666,207081000,-0.01513661571839553,167.15334548950196,171.16998809814453,82.47853088378906
2015-09-08,164.1968231201172,164.34653052066093,162.3172509575392,162.95764127318202,116025700,0.025131666240512995,166.60693969726563,170.96390228271486,82.47853088378906
2015-09-09,162.0011749267578,165.8934014794496,161.6352503772765,165.76865591602316,149347700,-0.013372050394380386,166.0297622680664,170.78709045410156,82.47853088378906
2015-09-10,162.8827362060547,164.02212117578753,161.55205780950018,161.8098737348888,158611100,0.005441696825319031,165.48626708984375,170.62075653076172,82.47853088378906
2015-09-11,163.6228485107422,163.68938366941737,161.7848512369067,162.491776193832,119691200,0.004543835165877974,164.9905891418457,170.44177978515626,82.47853088378906
2015-09-14,163.0157928466797,163.84746366661327,162.53342224828344,163.7975654478636,79452000,-0.0037100910391658637,164.43295364379884,170.25382110595703,82.47853088378906
2015-09-15,165.05337524414062,165.49415970669656,162.97419846216422,163.5147793493629,113806200,0.012499294466379318,163.92854385375978,170.11642852783203,82.47853088378906
2015-09-16,166.48382568359375,166.67511907131598,165.01177776074618,165.3527657750819,99581600,0.00866659307837403,163.52102279663086,169.98602111816408,82.47853088378906
2015-09-17,166.10958862304688,168.73767113237793,165.73533933874756,166.35078023734928,276046600,-0.002247888400030651,163.1638214111328,169.90617980957032,82.47853088378906
2015-09-18,163.3950653076172,166.09532302613908,162.9854363099406,163.61243196557712,223657500,-0.016341761712442504,162.85178146362304,169.76589477539062,82.47853088378906
2015-09-21,164.23947143554688,165.2593729050372,163.19447839737887,164.22274797518264,105726200,0.005167880231510935,162.8372833251953,169.59958190917968,82.47853088378906
2015-09-22,162.10768127441406,162.56748075732094,160.97908370330285,162.08260246227937,153890900,-0.01297976754613095,163.06258850097657,169.35254486083986,82.47853088378906
2015-09-23,161.84852600097656,162.7430334036775,161.2716878059459,162.27487856604756,92790600,-0.0015986612811936807,163.3676643371582,169.08518676757814,82.47853088378906
2015-09-24,161.26336669921875,161.7231663188543,159.30714223342335,160.63637069687923,159378800,-0.00361547501368209,163.34449768066406,168.8072897338867,82.47853088378906
2015-09-25,161.22154235839844,163.01892540782544,160.3521009460491,162.71796688143738,155054800,-0.00025935425804624046,163.11922454833984,168.50044586181642,82.47853088378906
2015-09-28,157.17532348632812,160.4357097343446,156.86600959913372,160.3270263658649,178515900,-0.025097259416334672,162.69122238159179,168.1096841430664,82.47853088378906
2015-09-29,157.2672882080078,158.62160803211773,156.2724526680415,157.39269504230808,159045600,0.0005851091611570602,162.33476943969725,167.71893188476562,82.47853088378906
2015-09-30,160.20162963867188,160.36882598691992,158.3707996481362,159.14826840780825,163452000,0.01865830754824871,162.3703742980957,167.4008383178711,82.47853088378906
2015-10-01,160.61956787109375,160.92052628986477,158.68842333242102,160.5777656103252,131079000,0.0026088263481744978,162.27551193237304,167.09742462158204,98.7674560546875
2015-10-02,163.01885986328125,163.0439386673749,158.10321016078575,158.6466140140851,211003300,0.014937731585189296,162.2947967529297,166.8617901611328,98.7674560546875
2015-10-05,165.91981506347656,166.1455371306783,164.13078749869322,164.23947085628345,126320800,0.017795212177463604,162.58221511840821,166.7204360961914,98.7674560546875
2015-10-06,165.35133361816406,166.3461690364086,164.6909036275402,165.78605429593955,110274500,-0.0034262420380291037,162.63994064331055,166.5878384399414,98.7674560546875
2015-10-07,166.70571899414062,167.05683526435988,165.09224246594135,166.27935350037825,124307300,0.008190955260779287,162.8751678466797,166.4400799560547,98.7674560546875
2015-10-08,168.21046447753906,168.49469955536287,166.02015014140514,166.32110868153157,153055200,0.009026357898683335,163.1415542602539,166.29846435546875,98.7674560546875
2015-10-09,168.310791015625,168.78730129493053,167.68379507804164,168.35259329605023,107069200,0.0005964345821025674,163.37595138549804,166.15802368164063,98.7674560546875
2015-10-12,168.46963500976562,168.6702655493343,167.95967779458655,168.3860304474352,56395600,0.0009437540705627967,163.64864349365234,166.0260824584961,98.7674560546875
2015-10-13,167.40785217285156,169.00460428628983,167.24065587049776,167.74224477755916,88038700,-0.00630251758337641,163.7663673400879,165.8847164916992,98.7674560546875
2015-10-14,166.6053466796875,167.9262195869361,166.3127562437158,167.349381311894,99106200,-0.004793714767545421,163.77244338989257,165.73411987304686,98.7674560546875
2015-10-15,169.1634979248047,169.17185327783363,166.89794714007698,167.26578677357645,134142200,0.015354556718011336,163.92513885498047,165.62320831298828,98.7674560546875
2015-10-16,169.93260192871094,169.94931263384134,168.80400427550015,169.56476231562704,114580100,0.0045465127722064125,164.25201568603515,165.55628814697266,98.7674560546875
2015-10-19,170.0162353515625,170.0162353515625,168.97961010406883,169.2889240561414,76523900,0.0004921564308575377,164.54085388183594,165.49769378662108,98.7674560546875
2015-10-20,169.7988739013672,170.40914642421916,169.3307189382881,169.58151988458505,78448500,-0.0012784746688799808,164.9254135131836,165.39117248535158,98.7674560546875
2015-10-21,168.74546813964844,170.3672864969279,168.57825906118143,170.21681363382163,102038000,-0.006203844215896592,165.2702606201172,165.2951873779297,98.7674560546875
2015-10-22,171.5962677001953,171.8052663754029,168.74553546512635,169.6902008028033,174911700,0.016894080723919958,165.78690567016602,165.25205993652344,98.7674560546875
2015-10-23,173.47726440429688,173.84510413195807,172.46571790949605,173.25991036352775,144442300,0.010961757672887984,166.39969177246093,165.25087707519532,98.7674560546875
2015-10-26,173.05084228515625,173.36015613380692,172.68300270499742,173.30164315856112,69033000,-0.0024580864853093187,167.19346771240234,165.22852386474608,98.7674560546875
2015-10-27,172.7165069580078,173.05089972937438,172.0393405481507,172.3821014303747,77905800,-0.0019320063556669265,167.96592864990234,165.18002258300783,98.7674560546875
2015-10-28,174.68106079101562,174.7061396073188,172.3904438602281,173.05087394998608,135906700,0.011374441665181756,168.68990020751954,165.1809588623047,98.7674560546875
2015-10-29,174.58070373535156,174.94854329476564,174.06239131413804,174.17943001429148,90525500,-0.000574515950439114,169.38795700073243,165.20750061035156,98.7674560546875
2015-10-30,173.82833862304688,175.09069854277453,173.66951037566886,174.77301653548977,131076900,-0.004309554814518335,169.9284309387207,165.29135009765625,98.7674560546875
2015-11-02,175.8848876953125,176.07716286440782,174.02897882835313,174.15438566092635,86270800,0.011830919449361543,170.4266845703125,165.51845916748047,91.931884765625
2015-11-03,176.39483642578125,176.94659584766845,175.30804104346925,175.5337631262892,95246100,0.002899332268683219,170.97885971069337,165.8943243408203,91.931884765625
2015-11-04,175.85977172851562,176.81280477592261,175.32473585551978,176.68741072610385,96224500,-0.0030333353748184244,171.43656234741212,166.29657958984376,91.931884765625
2015-11-05,175.68426513671875,176.37814220541284,174.79811287625287,175.918342610945,78408700,-0.0009979916957234547,171.81025238037108,166.5757308959961,91.931884765625
2015-11-06,175.5923309326172,175.82642119739063,174.27147045873394,175.34154271369474,110471500,-0.0005232921914208877,172.1743293762207,166.77303741455077,91.931884765625
2015-11-09,173.95372009277344,175.13247528409406,173.0090423180787,174.9819896555417,131008700,-0.009331904367011146,172.4485336303711,166.93740447998047,91.931884765625
2015-11-10,174.3550262451172,174.3884731715726,173.20971776118415,173.47722939150313,75874600,0.0023069707973462084,172.79589233398437,167.13657806396483,91.931884765625
2015-11-11,173.66949462890625,174.6726854349463,173.6026135410018,174.62252780808376,67846000,-0.003931814476327067,173.14909973144532,167.4201773071289,91.931884765625
2015-11-12,171.24513244628906,173.10104149660526,171.22842173863964,172.63288655711386,121315200,-0.013959631700417585,173.25318145751953,167.59474365234374,91.931884765625
2015-11-13,169.32235717773438,171.10302993132922,169.23876536334453,170.83551826650861,153577100,-0.01122820392665913,173.2226692199707,167.72852752685546,91.931884765625
2015-11-16,171.89715576171875,171.9556814897679,169.0213331300039,169.13838458610218,117645200,0.015206489130562106,173.31671524047852,167.96304168701172,91.931884765625
2015-11-17,171.7717742919922,173.08427889656232,171.27854064628644,172.20649496162457,121123700,-0.0007293981635180247,173.41536026000978,168.1145407104492,91.931884765625
2015-11-18,174.49708557128906,174.63920307064518,172.2064693676825,172.24825887741147,121342500,0.015865885361725063,173.70294113159179,168.36445892333984,91.931884765625
2015-11-19,174.34671020507812,174.76470758617097,174.05410693580606,174.38014438280777,88220500,-0.0008617643424737587,173.84046325683593,168.59373840332032,91.931884765625
2015-11-20,174.98202514648438,175.65917872165826,174.60583013319498,175.09906387853584,94011500,0.0036439743580991557,173.91570129394532,168.82092193603515,91.931884765625
2015-11-23,174.78135681152344,175.5421020272082,174.32155733637617,175.0405130367167,64931200,-0.0011467939909425295,174.00222702026366,169.05623321533204,91.931884765625
2015-11-24,175.01544189453125,175.41671565576152,173.3936106327194,173.77816093332171,98874400,0.001339302356258898,174.11717376708984,169.25547454833983,91.931884765625
2015-11-25,174.99038696289062,175.34150314641727,174.73121793470858,175.14085986028863,51980100,-0.00014315840573497773,174.13264007568358,169.42560577392578,91.931884765625
2015-11-27,175.19100952148438,175.39165279848365,174.6058159088999,175.0823261519101,37317800,0.001146477598431117,174.16315536499025,169.60723419189452,91.931884765625
2015-11-30,174.463623046875,175.46681348621723,174.3549397242246,175.3497748142316,112822700,-0.004151962344392857,174.19491958618164,169.8286053466797,91.931884765625
2015-12-01,176.12730407714844,176.24435554581143,174.8147994278238,175.09067912625167,97858400,0.009535976619185815,174.20704040527343,170.0663619995117,150.71588134765625
2015-12-02,174.32997131347656,176.3948792138749,174.079170355758,176.077197150347,108441300,-0.010204736699339856,174.1037971496582,170.31080780029296,150.71588134765625
2015-12-03,171.8888397216797,174.84825481223766,171.1698838993245,174.58074318982835,166224200,-0.014002936921312714,173.9052505493164,170.51161407470704,150.71588134765625
2015-12-04,175.24118041992188,175.53378362650037,171.88884673408964,171.88884673408964,192913900,0.019502957281404942,173.88309631347656,170.7911703491211,150.71588134765625
2015-12-07,174.17950439453125,175.33316842976328,173.218102816193,174.9151710712511,102027100,-0.0060583706572084894,173.81245498657228,171.05032958984376,150.71588134765625
2015-12-08,173.00901794433594,174.12924724554944,172.030906143462,172.6244677095961,103372400,-0.00672000103722914,173.76521987915038,171.3670034790039,150.71588134765625
2015-12-09,171.6630859375,174.45530415415365,170.6933293781942,172.37368627546385,162401500,-0.0077795482734257515,173.63062286376953,171.65491943359376,150.71588134765625
2015-12-10,172.10621643066406,173.410366058189,171.49594390112046,171.73002138522665,116128900,0.002581396522985724,173.5524589538574,171.8930111694336,150.71588134765625
2015-12-11,168.77061462402344,170.6599580594321,168.46128790983457,169.99952785720936,211173300,-0.019381065227149552,173.42873306274413,172.05603210449217,150.71588134765625
2015-12-14,169.62330627441406,169.74871312337578,167.15712465335616,168.92944195314212,182385200,0.005052370356594338,173.44378051757812,172.18812103271483,150.71588134765625
2015-12-15,171.40394592285156,172.30682148520253,169.5981947981496,171.12806621577792,154069600,0.010497611958800057,173.41912002563475,172.29780364990233,150.71588134765625
2015-12-16,173.9119110107422,174.2128694997998,171.21165271708713,172.5241572691842,197017000,0.014631898200403448,173.52612686157227,172.46901519775392,150.71588134765625
2015-12-17,171.2618865966797,174.28818353797226,171.2451631297684,174.22130242659475,173092500,-0.015237739604268996,173.3643669128418,172.5601385498047,150.71588134765625
2015-12-18,168.2108154296875,170.65802826719286,168.05102908372263,170.5234828257022,251393500,-0.01781523739825097,173.05757217407228,172.56014556884764,150.71588134765625
2015-12-21,169.59840393066406,169.775013261799,168.26966990385102,169.37975636885284,99094300,0.008249103943952951,172.78839111328125,172.58589782714844,150.71588134765625
2015-12-22,171.1373748779297,171.43171947619464,169.49748613718208,170.48141938163064,111026200,0.009074206546747954,172.60619201660157,172.63925262451173,150.71588134765625
2015-12-23,173.2566680908203,173.29871916334855,172.04566906224665,172.13817628893452,110987200,0.012383579065661676,172.51825332641602,172.7562289428711,150.71588134765625
2015-12-24,172.97073364257812,173.5173719373357,172.75208602398675,173.00437963447592,48539600,-0.0016503517665034106,172.4172706604004,172.88353668212892,150.71588134765625
2015-12-28,172.575439453125,172.61747768253213,171.5074040832276,172.28109485418102,65899900,-0.002285324118876386,172.28649215698243,172.95177551269532,150.71588134765625
2015-12-29,174.41712951660156,174.74510722179696,173.63503377043588,173.66866691591562,92640700,0.010671797037357766,172.28416748046874,173.04146606445312,150.71588134765625
2015-12-30,173.1809539794922,174.25740743506952,173.03799061271798,174.17330529829204,63317700,-0.0070874663545688055,172.13684997558593,173.10476043701172,150.71588134765625
2015-12-31,171.44851684570312,173.1472795122561,171.44851684570312,172.5081470546671,114877900,-0.010003623920412208,171.99277725219727,173.13775329589845,150.71588134765625
2016-01-04,169.05177307128906,169.0601781507124,167.008209539375,168.60606005038835,222353500,-0.013979378874248494,171.85092391967774,173.14387939453124,148.23687744140625
2016-01-05,169.33770751953125,169.79182564067,168.23603895201018,169.37134067094848,110845800,0.001691401651975566,171.5557502746582,173.09870819091796,148.23687744140625
2016-01-06,167.20164489746094,168.24443938094666,166.17566057312766,166.79797009851558,152112600,-0.012614217195682453,171.20685729980468,172.97319580078124,148.23687744140625
2016-01-07,163.190185546875,166.0410725383736,162.80333380862086,164.26662582004272,213436100,-0.023991745733398906,170.71591567993164,172.77598266601564,148.23687744140625
2016-01-08,161.39891052246094,164.70392826441562,161.1129838913609,164.14888515780035,209817200,-0.010976610011265264,170.20270690917968,172.54963073730468,148.23687744140625
2016-01-11,161.55870056152344,162.65196381226903,159.63288546378357,162.31556821009647,187941300,0.0009900317080533405,169.67533111572266,172.28718353271483,148.23687744140625
2016-01-12,162.86224365234375,163.61070639481204,160.74299578460875,162.99680192411364,172330500,0.0080685415659425,169.37991256713866,172.0528143310547,148.23687744140625
2016-01-13,158.80038452148438,163.87143316593207,158.42195054530782,163.52663234738185,221168900,-0.024940459125259773,168.8387664794922,171.75225524902345,148.23687744140625
2016-01-14,161.40731811523438,162.5258094236852,157.81638651840709,159.4058188341677,240795600,0.016416418647886122,168.33893508911132,171.46270385742187,148.23687744140625
2016-01-15,157.94256591796875,158.74148481243708,156.01675035836897,157.06796280692814,324846400,-0.021465892858662183,167.54046783447265,171.09365844726562,148.23687744140625
2016-01-19,158.15280151367188,159.8767924205954,156.58859694511347,159.75065206514014,195244400,0.0013310888960251788,166.88501358032227,170.73951904296874,148.23687744140625
2016-01-20,156.1260528564453,157.68185226499943,152.232371043732,155.60465563792062,286547800,-0.012815129658334645,166.28077545166016,170.34835479736327,148.23687744140625
2016-01-21,157.00067138671875,158.83397959412105,155.27668053952908,156.5970094310656,195772900,0.00560200244784026,165.6508888244629,169.97652160644532,148.23687744140625
2016-01-22,160.22157287597656,160.4233974191434,158.84238289155195,159.5992505927897,168319600,0.0205152083797413,165.10509872436523,169.70187866210938,148.23687744140625
2016-01-25,157.79957580566406,159.91040542483697,157.60615634093995,159.71698596011285,130371700,-0.015116547833338934,164.3322441101074,169.3707696533203,148.23687744140625
2016-01-26,159.95249938964844,160.2300210433145,158.11919085790737,158.45557374176562,141036800,0.013643405395688646,163.68133239746095,169.09642974853514,148.23687744140625
2016-01-27,158.21163940429688,161.0961594186248,157.31179563378987,159.43104294630774,185681700,-0.010883606020502312,162.96314239501953,168.8357598876953,148.23687744140625
2016-01-28,159.03579711914062,159.952451108321,157.3959085990059,159.75062657180015,143798800,0.00520921038393185,162.19407577514647,168.63002868652345,148.23687744140625
2016-01-29,162.91270446777344,163.04726274340183,159.68338284579292,159.8011181289219,210529300,0.024377576739710083,161.68066329956054,168.45033966064454,148.23687744140625
2016-02-01,162.8538055419922,163.63591417149198,161.3316521739096,161.91192342078782,136061600,-0.00036153672590277797,161.250927734375,168.27198028564453,118.21114349365234
2016-02-02,159.91880798339844,161.44096115151413,159.3973980215029,161.43255607374383,182564900,-0.018022284151271828,160.79427947998047,167.98041473388673,118.21114349365234
2016-02-03,160.8774871826172,161.28114899794912,157.34541742606288,160.96999435198262,205054900,0.0059947870504279965,160.37126846313475,167.7110302734375,118.21114349365234
2016-02-04,161.12986755371094,162.09697798338385,159.75067717780118,160.38140471859256,139531800,0.0015687737017378023,160.06767959594725,167.43398712158202,118.21114349365234
2016-02-05,158.06027221679688,161.18868091665482,157.42954486331232,160.61682760894226,180788300,-0.019050442872677542,159.81118392944336,167.0995654296875,118.21114349365234
2016-02-08,155.9326171875,156.52129347506644,153.72928044024542,156.22696174737354,191526700,-0.013461036093741274,159.53786926269532,166.7179089355469,118.21114349365234
2016-02-09,155.94105529785156,157.21092816449908,154.0656958587226,154.20025413357774,184513100,5.411382495701389e-05,159.25698699951172,166.33692230224608,118.21114349365234
2016-02-10,155.8064727783203,158.3882432977866,155.68031961359517,156.76517780220183,148214100,-0.0008630345567059994,158.90419845581056,165.9492315673828,118.21114349365234
2016-02-11,153.77975463867188,154.82256192212859,152.29123433997384,153.34244670274717,219058900,-0.01300792004021567,158.6531669616699,165.53555419921875,118.21114349365234
2016-02-12,156.95022583007812,156.96703598990152,154.7048376040799,155.54580755384026,127632400,0.02061696091826737,158.4303123474121,165.15201263427736,118.21114349365234
2016-02-16,159.59927368164062,159.62450175318617,157.7911934492347,158.74989866451398,120250700,0.016878267218490617,158.5131477355957,164.85739868164063,118.21114349365234
2016-02-17,162.20623779296875,162.57626650944246,160.6336157479555,160.75976890066923,136009500,0.01633443593564432,158.71581954956054,164.66374664306642,118.21114349365234
2016-02-18,161.54185485839844,162.53420570504434,161.230700198299,162.47533167087508,102343000,-0.00409591482799998,158.9866096496582,164.38976013183594,118.21114349365234
2016-02-19,161.46624755859375,161.6176160062314,160.16274143113696,160.76824088605645,114793000,-0.0004680353575917673,159.20988845825195,164.1354949951172,118.21114349365234
2016-02-22,163.8040771484375,163.94704045758385,162.97151252580716,163.0387916416724,103640300,0.014478750978562216,159.389013671875,163.9513961791992,118.21114349365234
2016-02-23,161.73533630371094,163.41727609306477,161.61758819956123,163.14815956732068,111455300,-0.012629361129099959,159.58580169677734,163.75284118652343,118.21114349365234
2016-02-24,162.4753875732422,162.75290918942966,159.21243297748072,160.31410153035105,150812200,0.004575693144394544,159.71194610595703,163.560224609375,118.21114349365234
2016-02-25,164.44322204589844,164.4516399561358,162.164201170932,162.92106882584167,110728300,0.01211158503480525,160.0235252380371,163.4736767578125,118.21114349365234
2016-02-26,164.0647735595703,165.40191228545746,163.9049872654997,165.30941793855246,129833700,-0.002301393037789645,160.27497406005858,163.3625061035156,118.21114349365234
2016-02-29,162.77809143066406,165.02347896706718,162.5846719946327,164.08159701890145,125918100,-0.007842525247743537,160.26824340820312,163.18998901367186,118.21114349365234
2016-03-01,166.6045684814453,166.68867061495902,163.52661517829247,163.99755632872777,141799700,0.02350732225172414,160.45578155517578,163.04384216308594,103.74964904785156
2016-03-02,167.35296630859375,167.40342243624167,165.88126936869403,166.29334913145038,102415000,0.0044920606557783405,160.82748947143554,162.96566375732422,103.74964904785156
2016-03-03,168.0089569091797,168.02577989932098,166.6045387886515,167.17639213163855,95172200,0.003919802648590709,161.18406295776367,162.96162658691406,103.74964904785156
2016-03-04,168.55555725097656,169.32926069685254,167.3782047588692,168.20235150334435,129293600,0.003253400008264684,161.55534744262695,162.9407696533203,103.74964904785156
2016-03-07,168.69015502929688,169.0938298345103,167.56325840382064,167.6389426177296,100219000,0.0007985365805525113,162.08684158325195,162.89182525634766,103.74964904785156
2016-03-08,166.8484344482422,168.12671237675397,166.6886609353385,167.6221381015242,123974900,-0.01091777158385343,162.63263244628905,162.7636605834961,103.74964904785156
2016-03-09,167.67259216308594,168.01738008894603,166.8736604475755,167.65576917113228,94801200,0.004939559172785657,163.21920928955078,162.65769775390626,103.74964904785156
2016-03-10,167.80709838867188,169.09379391269633,165.99061347983155,168.16031697624254,156838700,0.0008021956591159896,163.81924057006836,162.5623309326172,103.74964904785156
2016-03-11,170.51504516601562,170.55709622569168,167.79031101667988,169.25359036882483,137964500,0.01613726000476845,164.65600509643554,162.48428924560548,103.74964904785156
2016-03-14,170.29638671875,170.75050477050704,169.6824823497622,170.0104600627481,73612000,-0.0012823410805348212,165.32331314086915,162.42659790039062,103.74964904785156
2016-03-15,170.01890563964844,170.32165535699488,169.0770233333191,169.33772198366495,93169100,-0.0016294008607465882,165.84429473876952,162.39800567626952,103.74964904785156
2016-03-16,171.0028076171875,171.40648238765817,169.49747721954162,169.5395282788217,129303200,0.005787015119509187,166.28412322998048,162.4370263671875,103.74964904785156
2016-03-17,172.08773803710938,172.59231246338229,170.52353293450798,170.91878995945797,134278500,0.00634451816926096,166.81141738891603,162.49202697753907,103.74964904785156
2016-03-18,172.76390075683594,173.10201849920114,172.27362100155082,172.5863805581569,138372400,0.003929174312121919,167.3763000488281,162.60327209472655,103.74964904785156
2016-03-21,173.00900268554688,173.23723921418915,172.2735896356984,172.50182616434068,72926700,0.0014187103187484063,167.8365463256836,162.7996484375,103.74964904785156
2016-03-22,172.91603088378906,173.48238513416123,172.07918504889994,172.2397825749512,97471900,-0.0005373812941213973,168.3955810546875,163.02999084472657,103.74964904785156
2016-03-23,171.77493286132812,172.72167307934697,171.6058610523664,172.53570440818353,81052500,-0.006599145357597425,168.8605583190918,163.23431549072265,103.74964904785156
2016-03-24,171.69876098632812,171.73258049084313,170.5322460477958,170.75202123369627,84360900,-0.0004434399928509025,169.22333526611328,163.41104583740236,103.74964904785156
2016-03-28,171.8002471923828,172.32433355093423,171.35223538942148,172.1130067420519,62408200,0.0005910712778105509,169.6101089477539,163.67104309082032,103.74964904785156
2016-03-29,173.38938903808594,173.49928308907764,171.09015268342864,171.394463756791,92922900,0.009249939226941839,170.140673828125,163.91068450927733,103.74964904785156
2016-03-30,174.15025329589844,174.86875692583024,173.78676436680576,174.386938362037,86365300,0.004388182356680259,170.51795806884766,164.23483825683593,103.74964904785156
2016-03-31,173.72763061523438,174.4799539024977,173.56702009912686,174.05730008047627,94584100,-0.0024267704046687655,170.8366912841797,164.54633483886718,103.74964904785156
2016-04-01,174.91098022460938,175.09694885743517,172.42577476626965,172.738547229676,114423500,0.006811522180923735,171.18179244995116,164.92203338623048,109.72029113769531
2016-04-04,174.34463500976562,175.03779320441413,174.04032385817757,174.83491480390006,63497000,-0.0032379054426228127,171.47124633789062,165.26891265869142,109.72029113769531
2016-04-05,172.603271484375,174.3530506026861,172.34967675608485,173.00901531062104,99662200,-0.009988053405217134,171.66690216064453,165.51654663085938,109.72029113769531
2016-04-06,174.48834228515625,174.54751999109126,172.42579027978198,172.60331049922044,91839800,0.010921408294117363,172.04889755249025,165.8503219604492,109.72029113769531
2016-04-07,172.40040588378906,173.76135103137932,171.67344115467193,173.4063235448381,113859000,-0.011966050992420985,172.2852882385254,166.09928009033203,109.72029113769531
2016-04-08,172.8653106689453,174.0064804708485,172.3327630416087,173.57536557315186,95040600,0.0026966571382067706,172.53819885253907,166.392353515625,109.72029113769531
2016-04-11,172.45957946777344,174.19246181661242,172.366595159347,173.4993037177311,83757500,-0.002347094391591864,172.63542556762695,166.66082916259765,109.72029113769531
2016-04-12,174.065673828125,174.3446267787749,172.18909063165515,172.62865402950032,115350600,0.009312874154675077,172.8238899230957,166.88388854980468,109.72029113769531
2016-04-13,175.8238983154297,175.90843419511936,174.84333886383234,174.9785911119901,96336400,0.01010092598176926,173.11413955688477,167.14329040527343,109.72029113769531
2016-04-14,175.8323974609375,176.33113865758003,175.485831210321,175.8831267424022,65212900,4.8338966370575775e-05,173.35561904907226,167.4615621948242,109.72029113769531
2016-04-15,175.6378936767578,175.96756290255192,175.31667287785422,175.8323106821334,75761600,-0.0011061885465271093,173.5331268310547,167.75677032470702,109.72029113769531
2016-04-18,176.87213134765625,176.9059379695842,174.97863806049742,175.63797682421827,82531000,0.007027171899305129,173.7385383605957,168.07161560058594,109.72029113769531
2016-04-19,177.43002319335938,177.68361800031167,176.61853528915324,177.29478380823682,88316100,0.003154210001611535,173.95958938598633,168.4590106201172,109.72029113769531
2016-04-20,177.5990753173828,178.29222062132038,176.99890143737912,177.4722714787738,81100300,0.0009527819530250614,174.19374160766603,168.89233978271486,109.72029113769531
2016-04-21,176.64389038085938,177.72588283306285,176.3733858186248,177.61598874235912,85695000,-0.005378321563985877,174.43718948364258,169.306396484375,109.72029113769531
2016-04-22,176.64389038085938,176.91438204472652,175.74786659060032,176.28886281670205,99251700,0.0,174.68444595336913,169.72314483642577,109.72029113769531
2016-04-25,176.33956909179688,176.38183703951964,175.4350840243229,176.0437063561041,66166500,-0.0017227954411916935,174.91141204833986,170.17434112548827,109.72029113769531
2016-04-26,176.60159301757812,177.10878253811143,176.1282230108752,176.70302576233865,75864200,0.001485905444426061,175.07202224731446,170.5673684692383,109.72029113769531
2016-04-27,176.965087890625,177.35392202438942,175.866185824204,176.22121334134943,77329400,0.002058276297715489,175.21276397705077,170.91468475341796,109.72029113769531
2016-04-28,175.3590087890625,177.31166672176528,174.9448164387114,176.2127774753617,97216200,-0.009075683349221708,175.2943328857422,171.17774017333986,109.72029113769531
2016-04-29,174.4122772216797,175.08852572070128,173.3133750230655,174.74194659142722,142424100,-0.0053988191078431225,175.2693977355957,171.43514862060547,109.72029113769531
2016-05-02,175.79855346679688,175.97606076990039,174.47987619313815,174.91097825618343,62188000,0.007948272146892643,175.34209365844725,171.72179473876952,85.22145080566406
2016-05-03,174.2685546875,174.8095508392934,173.52468014189694,174.57286582903163,106422100,-0.00870313634057207,175.42535781860352,171.93108428955077,85.22145080566406
2016-05-04,173.2964630126953,174.00653102154735,172.79773474926188,173.27956615175552,92243800,-0.005578124387086603,175.36576385498046,172.16230682373046,85.22145080566406
2016-05-05,173.26260375976562,174.1163593190927,172.8399501940538,173.7613318716984,67619200,-0.0001953834044911007,175.40887374877929,172.37805114746095,85.22145080566406
2016-05-06,173.89662170410156,173.93888964948354,172.34125934162606,172.493408466962,89315000,0.003659289024739776,175.4604393005371,172.567119140625,85.22145080566406
2016-05-09,174.04031372070312,174.47141578602287,173.59230189840062,173.769822100806,74374900,0.0008263071196752403,175.5394760131836,172.76662994384765,85.22145080566406
2016-05-10,176.20431518554688,176.22122494415262,174.67431094007443,174.74193707613085,77472200,0.012433909239651708,175.6464080810547,173.03515441894533,85.22145080566406
2016-05-11,174.5559539794922,176.28037516192643,174.5559539794922,175.747840344403,81727000,-0.009354828820843153,175.5830108642578,173.19418212890625,85.22145080566406
2016-05-12,174.606689453125,175.39283201964201,173.6007716123478,175.22376022581594,89586300,0.00029065450061227516,175.5217254638672,173.33925659179687,85.22145080566406
2016-05-13,173.08514404296875,174.86029479833752,172.76393599172155,174.31085013034456,96474600,-0.008714130111061591,175.39408798217772,173.44078033447266,85.22145080566406
2016-05-16,174.7926025390625,175.2659724552051,173.1949726228998,173.25415031159903,77486800,0.009864847185671044,175.29011154174805,173.56552124023438,85.22145080566406
2016-05-17,173.1611785888672,174.80952498741053,172.63707937362392,174.5221236457904,114924900,-0.009333483948960164,175.07666931152343,173.65494171142578,85.22145080566406
2016-05-18,173.2119140625,174.3868906401381,172.12992179956848,172.81461861769614,120062100,0.0002929956589938776,174.8573112487793,173.78221130371094,85.22145080566406
2016-05-19,172.6116943359375,172.89909563284442,171.41135989147762,172.49335186671925,115430500,-0.003465233496270481,174.65570144653321,173.88099334716796,85.22145080566406
2016-05-20,173.70216369628906,174.21780155234842,173.16961608638888,173.22033244954835,104990400,0.006317470925401469,174.50861511230468,173.99889465332032,85.22145080566406
2016-05-23,173.46551513671875,173.99804996000537,173.27954650053434,173.71909700572874,58682600,-0.0013623811847507383,174.3649124145508,174.0579040527344,85.22145080566406
2016-05-24,175.71409606933594,176.02686866893285,174.25171745477462,174.27707565225938,93537800,0.012962697115014077,174.32053756713867,174.1662582397461,85.22145080566406
2016-05-25,176.90591430664062,177.32011953546845,175.71402789381517,176.39027632722886,76621400,0.006782712736002727,174.31757888793945,174.30399841308594,85.22145080566406
2016-05-26,176.9566650390625,177.26943757803292,176.64390539846062,177.0412009465396,55280700,0.00028687979495090055,174.39746170043946,174.42307556152343,85.22145080566406
2016-05-27,177.71742248535156,177.72587091546708,177.06653221219221,177.1172485896185,64211200,0.004299117222406501,174.56271896362304,174.53566925048827,85.22145080566406
2016-05-31,177.37930297851562,178.09781943295886,176.82139699495033,177.98792534270186,109879400,-0.0019025681450214327,174.641756439209,174.62797729492186,85.22145080566406
2016-06-01,177.7427978515625,177.92030518970924,176.57626946455548,176.77068656293406,69936200,0.0020492518966030993,174.81546859741212,174.7226531982422,88.3324203491211
2016-06-02,178.28375244140625,178.30064929932263,176.8720909034982,177.3454608924536,63044700,0.003043468407060379,175.06483306884766,174.83000762939454,88.3324203491211
2016-06-03,177.751220703125,178.09779979697967,176.5508858667569,177.72586251561034,101757100,-0.0029869897339986906,175.2892639160156,174.94953338623046,88.3324203491211
2016-06-06,178.6556854248047,179.01071290804657,177.9456175599564,178.10622799488203,64887000,0.00508837417882102,175.52721710205077,175.088671875,88.3324203491211
2016-06-07,178.93463134765625,179.4925372247059,178.78248223484178,178.80784042031084,60974800,0.0015613604581812268,175.77193298339844,175.23135955810548,88.3324203491211
2016-06-08,179.51791381835938,179.64471765707248,178.94311102429867,179.0699019646455,66170900,0.0032597517110584118,175.93761291503907,175.35393005371094,88.3324203491211
2016-06-09,179.2727813720703,179.39112388317923,178.52045835894236,178.79094999932,73786900,-0.001365504094132275,176.17345428466797,175.45638061523437,88.3324203491211
2016-06-10,177.57369995117188,178.24148700246033,177.03269092949563,177.9033692622777,113829200,-0.009477631840675738,176.32180480957032,175.53330200195313,88.3324203491211
2016-06-13,176.20431518554688,177.82730375580104,176.11979218925129,176.97354797252618,117751200,-0.007711641791557811,176.4777633666992,175.55916870117187,88.3324203491211
2016-06-14,175.85775756835938,176.44948310658165,174.91101734459284,175.82395094538265,125059300,-0.001966794154970475,176.53102111816406,175.58943115234376,88.3324203491211
2016-06-15,175.612548828125,176.9734937657841,175.42658023552343,175.85768221017472,109124500,-0.0013943583929703074,176.65358963012696,175.64961669921874,88.3324203491211
2016-06-16,176.13670349121094,176.30577529439773,173.78674988863224,175.6126170167613,149533100,0.002984722143056784,176.7998291015625,175.68258392333985,88.3324203491211
2016-06-17,175.48069763183594,176.05848954865775,174.8264225780127,176.03299949147097,117055700,-0.003724413176653618,176.94327926635742,175.7441897583008,88.3324203491211
2016-06-20,176.6107940673828,178.10626685198173,176.525818571425,177.43500710950025,82789600,0.006440004232932006,177.0887107849121,175.81909942626953,88.3324203491211
2016-06-21,177.11209106445312,177.5199448641591,176.55128398645837,176.99313316597895,72461700,0.00283842785327737,177.27103958129882,175.91214965820313,88.3324203491211
2016-06-22,176.82322692871094,178.0128061271552,176.67876598670478,177.29055327888778,95560500,-0.0016309679029031798,177.32649612426758,175.96730072021484,88.3324203491211
2016-06-23,179.1259307861328,179.17691090402317,177.81739355365994,178.27622758011506,102731400,0.01302263224927036,177.4374969482422,176.0333413696289,88.3324203491211
2016-06-24,172.6937255859375,179.1599690497868,172.25187618274555,173.02510939697018,333444400,-0.03590884453170007,177.22434997558594,175.97056793212892,88.3324203491211
2016-06-27,169.6007843017578,171.30019090612234,168.7935557923299,171.2916855752167,230775800,-0.01790998065323779,176.81851806640626,175.8498257446289,88.3324203491211
2016-06-28,172.6597137451172,172.68520380773475,170.89232926611692,171.19822298297166,159382400,0.018036057179528386,176.58253860473633,175.76557739257814,88.3324203491211
2016-06-29,175.59962463378906,175.82903510807486,173.9511987436175,174.0531589544112,137328600,0.01702719658745533,176.47537994384766,175.72896942138672,88.3324203491211
2016-06-30,177.99581909179688,178.04679920829113,175.51468735402474,176.06700220207614,165021900,0.013645783486183616,176.4609832763672,175.736904296875,88.3324203491211
2016-07-01,178.36972045898438,178.85405757773114,177.8344032151998,177.99584892144873,106055300,0.002100618818437816,176.49190826416014,175.7714208984375,90.16812896728516
2016-07-05,177.086669921875,177.6559695836352,176.49188019805416,177.54550400441005,109803700,-0.007193208207131874,176.41345748901367,175.7802764892578,90.16812896728516
2016-07-06,178.14877319335938,178.26773112085175,175.93953972228192,176.59381480621082,96021500,0.005997646643606469,176.37416458129883,175.81646057128907,90.16812896728516
2016-07-07,178.03831481933594,178.989978277703,177.27358710678274,178.32721080270562,85593800,-0.0006200344355082876,176.30018463134766,175.8451950073242,90.16812896728516
2016-07-08,180.6894073486328,180.93582857417718,179.10046627566044,179.329889804336,133971000,0.014890573031917764,176.3710159301758,175.91968139648438,90.16812896728516
2016-07-11,181.32666015625,181.89597271757017,180.94429630414587,181.14822974247437,73633900,0.0035267856426559607,176.55866394042968,176.03903442382813,90.16812896728516
2016-07-12,182.6437225341797,182.9411238766471,181.35216988225307,182.28684870248486,101275600,0.007263478943442481,176.88063430786133,176.20366333007811,90.16812896728516
2016-07-13,182.6182403564453,183.06858208960585,182.13391619446537,183.060089723762,87324100,-0.00013951849743754074,177.21865844726562,176.3400570678711,90.16812896728516
2016-07-14,183.63783264160156,184.10517194686253,183.24697647024917,183.87574847601795,91230900,0.005583189735954841,177.61992263793945,176.52744262695313,90.16812896728516
2016-07-15,183.3914031982422,184.3940465320664,182.94955400032418,184.19861846902998,107155400,-0.0013419317785149376,177.982657623291,176.72934143066405,90.16812896728516
2016-07-18,183.88426208496094,184.0457077581789,183.25547708543868,183.5103906239175,58725900,0.0026874699583707695,178.40283584594727,176.94177459716798,90.16812896728516
2016-07-19,183.6973876953125,183.731370127918,183.22155584616257,183.46796413752753,54345700,-0.0010162609215687013,178.75716552734374,177.13778991699218,90.16812896728516
2016-07-20,184.4620361328125,184.69995195489125,183.69730855690793,183.69730855690793,58159500,0.004162543883140524,179.12466278076172,177.34622436523438,90.16812896728516
2016-07-21,183.76535034179688,184.5725659452951,183.3235009617616,184.35164773799968,67777300,-0.0037768518965821674,179.471768951416,177.49744506835938,90.16812896728516
2016-07-22,184.58949279785156,184.64047290570412,183.62083185233485,183.88423771986598,62787500,0.004484754359414422,179.74494705200195,177.69811584472657,90.16812896728516
2016-07-25,184.0882110595703,184.436592517276,183.51041905059387,184.38561239477139,55873100,-0.0027156569460332625,180.3146713256836,177.88774627685547,90.16812896728516
2016-07-26,184.17318725585938,184.53006108015597,183.33197633508968,183.98625149568835,70080500,0.0004616058562356695,181.04329147338868,178.10950714111328,90.16812896728516
2016-07-27,183.97776794433594,184.61504543941956,183.21302717096927,184.54706761742406,84083900,-0.0010610627661666872,181.60919418334962,178.29321044921875,90.16812896728516
2016-07-28,184.19017028808594,184.47906627064395,183.32346937496968,183.78230340812408,65035700,0.0011545000579322728,182.03872146606446,178.51379028320312,90.16812896728516
2016-07-29,184.48756408691406,184.84443789334478,183.64636617369976,183.92676979991873,79519400,0.0016146018995637501,182.36330871582032,178.7393032836914,90.16812896728516
2016-08-01,184.33465576171875,184.9379379088227,183.88431400161755,184.5470816095191,73311400,-0.0008288272759852111,182.66155548095702,178.97376251220703,114.6104507446289
2016-08-02,183.15354919433594,184.24116838280028,182.32084358935867,184.08821504653068,92295500,-0.006407403765190889,182.96489944458008,179.16279022216796,114.6104507446289
2016-08-03,183.68887329101562,183.74835875194424,182.7966951006453,183.0940835089538,53993600,0.0029228158506044988,183.24190444946288,179.3672573852539,114.6104507446289
2016-08-04,183.88426208496094,184.1986481020015,182.04890016644285,183.7992865836543,46585500,0.0010636942262460813,183.53420181274413,179.53066070556642,114.6104507446289
2016-08-05,185.38824462890625,185.4307323835247,183.88427924586267,183.88427924586267,71892200,0.008178962826358882,183.7691436767578,179.70030731201172,114.6104507446289
2016-08-08,185.2777862548828,185.67714779806195,185.01438033607144,185.57517459706514,39906500,-0.0005958218885159239,183.96669998168946,179.86672973632812,114.6104507446289
2016-08-09,185.38824462890625,185.88107405850735,185.06536621777903,185.34576983973014,51251700,0.0005961771038838215,184.1039260864258,180.02014617919923,114.6104507446289
2016-08-10,184.929443359375,185.57521326150467,184.5810618613883,185.498743068906,57941100,-0.0024748131708655086,184.21948623657227,180.1711489868164,114.6104507446289
2016-08-11,185.78761291503906,186.0340341214879,185.1928232251601,185.45622916171774,72504300,0.004640524191685147,184.32697525024415,180.33204528808594,114.6104507446289
2016-08-12,185.62619018554688,185.83861601233525,185.22682859394925,185.4817292137405,61313500,-0.0008688562545124956,184.43871459960937,180.47889404296876,114.6104507446289
2016-08-15,186.16148376464844,186.50986521228654,185.9830533410386,185.99154570606294,49813500,0.002883717963324539,184.55257568359374,180.64709930419923,114.6104507446289
2016-08-16,185.2013397216797,185.81311417855213,185.2013397216797,185.74514932313355,53213600,-0.005157586969937289,184.6277732849121,180.77801239013672,114.6104507446289
2016-08-17,185.5497283935547,185.6856840500561,184.40263657611715,185.23534228265956,75134300,0.001881134728282996,184.68215789794922,180.91031433105468,114.6104507446289
2016-08-18,185.96604919433594,186.00003161869705,185.41374728173182,185.52419988498724,52989300,0.0022437154954935146,184.79219284057618,181.03927703857423,114.6104507446289
2016-08-19,185.69415283203125,185.87259622920638,185.0144005667477,185.4987247040344,75443000,-0.0014620752738612186,184.84742584228516,181.16770446777343,114.6104507446289
2016-08-22,185.68565368652344,185.91507719867337,185.0908639933967,185.45623017437353,61368800,-4.576959143942627e-05,184.92729797363282,181.32994354248046,114.6104507446289
2016-08-23,186.0595245361328,186.5948417407639,186.00003908431032,186.2974404125371,53399200,0.0020134611489186494,185.0216148376465,181.52704772949218,114.6104507446289
2016-08-24,185.1078338623047,186.00851711441985,184.69147465698464,185.9150492505905,71728900,-0.005114979607739989,185.07811813354493,181.71204925537108,114.6104507446289
2016-08-25,184.9803924560547,185.3967517105413,184.57253853183752,184.72547889137803,69224800,-0.0006884711661895304,185.11762924194335,181.8994061279297,114.6104507446289
2016-08-26,184.63206481933594,186.18702375500064,183.74837889844727,185.16738216460718,122506300,-0.0018830516688491672,185.12485427856444,182.06931335449218,114.6104507446289
2016-08-29,185.54115295410156,185.80455881723432,184.7254323457634,184.7594277273904,70502200,0.0049237825274563995,185.1851791381836,182.2705224609375,114.6104507446289
2016-08-30,185.2353057861328,185.73662758458175,184.6830038679016,185.45622396033679,58114500,-0.0016484060980499482,185.28926696777344,182.4430126953125,114.6104507446289
2016-08-31,184.70849609375,185.02288214638892,183.93526302680513,184.90392421035452,85269500,-0.0028440026060208012,185.34024810791016,182.59494079589842,114.6104507446289
2016-09-01,184.71697998046875,185.00587595965777,183.5613830982706,184.69998228597467,97844200,4.59312208056506e-05,185.38188400268555,182.75281585693358,98.73848724365234
2016-09-02,185.5497283935547,185.97458009603784,184.98042866808066,185.5667260919786,79293900,0.004508239649511303,185.38995819091798,182.88129180908203,98.73848724365234
2016-09-06,186.11048889160156,186.18695906708723,185.11633771396262,185.83008528271236,56702100,0.0030221574717559374,185.4315933227539,183.14962707519533,98.73848724365234
2016-09-07,186.09352111816406,186.27196452176307,185.49023901619051,185.94907310831908,76554900,-9.117043074013953e-05,185.46685714721679,183.47948181152344,98.73848724365234
2016-09-08,185.66860961914062,186.03398867430494,185.36271600115361,185.76207747367664,74102900,-0.0022833223664655566,185.5038154602051,183.7396597290039,98.73848724365234
2016-09-09,181.22471618652344,184.41110351580465,181.19922612512465,184.36012339300706,221589100,-0.02393454360288949,185.2756706237793,183.8521615600586,98.73848724365234
2016-09-12,183.82481384277344,184.22417544194204,180.4005104872635,180.4684883089777,168110900,0.01434736779266843,185.18560180664062,183.96874145507812,98.73848724365234
2016-09-13,181.1822052001953,182.81363374777334,180.56192550994362,182.5502278367942,182828800,-0.014375690568294908,184.93663787841797,184.02499114990235,98.73848724365234
2016-09-14,181.11422729492188,182.43126981456757,180.56192541512283,181.2331852212836,134185500,-0.00037519084834147787,184.73228225708007,184.1055422973633,98.73848724365234
2016-09-15,182.9241180419922,183.30648191855082,180.77436981654438,180.95281320717464,134427900,0.009993089853306492,184.60100173950195,184.20104919433595,98.73848724365234
2016-09-16,182.2169647216797,182.4902494601258,181.53377893743152,182.31090472165383,155236400,-0.0038658287812554093,184.41354751586914,184.2846221923828,98.73848724365234
2016-09-19,182.2511749267578,183.50654930012172,181.92665248084597,182.86605270272938,80250500,0.00018774434713253463,184.24139862060548,184.3158575439453,98.73848724365234
2016-09-20,182.25967407226562,183.25884700248145,182.2255199941184,183.1051341044178,69665300,4.663424261175386e-05,184.0700996398926,184.33451782226564,98.73848724365234
2016-09-21,184.30929565429688,184.48862739308572,182.2767824084513,182.9599813426876,110284400,0.011245612022869,183.9825881958008,184.36782928466798,98.73848724365234
2016-09-22,185.47073364257812,185.7696372754525,185.06936775208356,185.31702070974237,76678700,0.006301570325892403,184.00073318481446,184.42487915039064,98.73848724365234
2016-09-23,184.45449829101562,185.21455378766734,184.36055826194914,185.07791137612742,73630900,-0.005479222147904417,183.9744384765625,184.44121246337892,98.73848724365234
2016-09-26,182.96002197265625,183.80546927656675,182.76359360244746,183.62613749795366,89827300,-0.008102140810908987,183.8908363342285,184.4325848388672,98.73848724365234
2016-09-27,184.09579467773438,184.18972166205904,182.43049322257983,182.7977180207559,78494800,0.006207764367495816,183.81856842041014,184.43681549072267,98.73848724365234
2016-09-28,185.00961303710938,185.16333902682638,183.36140772360898,184.31787866073088,87411000,0.004963819847024098,183.807283782959,184.4630599975586,98.73848724365234
2016-09-29,183.335693359375,185.2059450351346,182.7891369225673,184.80456622659563,128070600,-0.009047744332066787,183.73864364624023,184.44053314208983,98.73848724365234
2016-09-30,184.7191925048828,185.4194618994715,183.91643480964768,184.16408772176285,117202900,0.007546261833454748,183.73875427246094,184.45960998535156,98.73848724365234
2016-10-03,184.2751007080078,184.49713478995128,183.64313950887572,184.3092678165738,83512100,-0.0024041453995813367,183.6750228881836,184.4533221435547,104.54522705078125
2016-10-04,183.335693359375,184.60815096845954,182.74644758496672,184.38611689538976,119948100,-0.005097852857078866,183.53628311157226,184.43827178955078,104.54522705078125
2016-10-05,184.14706420898438,184.57406198303966,183.89086293836363,183.959184145925,72816000,0.004425602209488622,183.43896026611327,184.43774932861328,104.54522705078125
2016-10-06,184.2751007080078,184.49713478995128,183.38695134930012,183.9249595153427,62927400,0.0006952948154423932,183.36928482055663,184.44369598388673,104.54522705078125
2016-10-07,183.6431884765625,184.71923115743763,182.9173001126535,184.54843466186713,89788300,-0.003429178597745608,183.4902084350586,184.43275634765624,104.54522705078125
2016-10-10,184.59963989257812,185.06079165273607,184.45446224528888,184.59963989257812,51855000,0.0052082052372866006,183.52894973754883,184.43499786376952,104.54522705078125
2016-10-11,182.26824951171875,184.2409900215945,181.54236117040844,184.17266881930584,130367400,-0.012629441651219153,183.583251953125,184.39366973876952,104.54522705078125
2016-10-12,182.5073699951172,183.0283077312698,181.90956276636723,182.40488168196612,73866100,0.0013119151801754825,183.65290908813478,184.38074615478516,104.54522705078125
2016-10-13,181.90956115722656,182.40488006844393,180.3723798138563,181.18367286306528,101357000,-0.0032755325875696295,183.6021812438965,184.34515991210938,104.54522705078125
2016-10-14,182.00344848632812,183.34422717299938,181.9265920475964,182.88306247874428,93346200,0.0005161209147241941,183.5915054321289,184.3075436401367,104.54522705078125
2016-10-17,181.37159729003906,182.2341281910063,181.1922524729187,181.97792689409408,58275700,-0.0034716440899553724,183.54752655029296,184.22721069335938,104.54522705078125
2016-10-18,182.5073699951172,183.01975943712776,182.13160991908106,182.95998653281447,76869700,0.006262131017470418,183.55991134643554,184.17180236816407,104.54522705078125
2016-10-19,182.994140625,183.30157950259496,182.41342998450736,182.77210650321214,66519200,0.0026671286200432576,183.4941535949707,184.12392028808594,104.54522705078125
2016-10-20,182.65257263183594,183.20766452765346,181.9949924088527,182.64402433652498,73639800,-0.0018665515299969293,183.3532455444336,184.07838287353516,104.54522705078125
2016-10-21,182.7379150390625,182.8233197834896,181.69603970553706,182.65252332556983,89089100,0.0004672390100881607,183.26741638183594,184.01738891601562,104.54522705078125
2016-10-24,183.5150909423828,183.88231578040575,183.1649496628797,183.6090309678364,60146600,0.004252953762519329,183.29516983032227,183.97516693115233,104.54522705078125
2016-10-25,182.90017700195312,183.59191112953658,182.7379158054218,183.33570992611527,66542300,-0.003350754083884855,183.2353889465332,183.90994079589845,104.54522705078125
2016-10-26,182.53298950195312,183.11370014460235,181.84124225159334,182.08037296255412,75705500,-0.0020075841697849706,183.1115577697754,183.8565737915039,104.54522705078125
2016-10-27,182.04620361328125,183.2844943762672,181.96934715227448,183.25034029279843,77220200,-0.002666837868596117,183.0470832824707,183.78650329589843,104.54522705078125
2016-10-28,181.50820922851562,182.69526252678202,180.79940438625314,182.0206117730508,140623200,-0.0029552628623251698,182.88653411865235,183.69734649658204,104.54522705078125
2016-10-31,181.51673889160156,182.06329546856531,181.35447766812322,181.84124830762158,61272500,4.699326340218413e-05,182.74861602783204,183.61379821777345,104.54522705078125
2016-11-01,180.2015838623047,181.8925043167362,178.99746012352333,181.84125364128977,122781800,-0.007245365013318517,182.5919105529785,183.50411682128907,85.74778747558594
2016-11-02,179.1170196533203,180.27845404672607,178.68147361145748,179.89414564956775,103330800,-0.006018616405797594,182.3404083251953,183.3652667236328,85.74778747558594
2016-11-03,178.29721069335938,179.54405007547507,178.02393886155699,179.3305511630603,88939300,-0.004576946186061304,182.0415138244629,183.22905426025392,85.74778747558594
2016-11-04,178.1007080078125,179.24505848977805,177.95553038227357,178.40814681216938,109122100,-0.0011021074574454337,181.7643898010254,183.09146057128908,85.74778747558594
2016-11-07,182.02911376953125,182.06328088275612,178.10074275948946,178.10074275948946,109794900,0.02205721586208642,181.63586349487304,183.03940155029298,85.74778747558594
2016-11-08,182.8489532470703,183.4125933311949,181.37154487286696,181.6362813584885,106772100,0.004503892045407021,181.66489868164064,182.98555755615234,85.74778747558594
2016-11-09,184.78753662109375,185.4024143775203,181.33738776215182,181.36300658275826,258429000,0.010602102662321311,181.77890701293944,182.97660217285156,85.74778747558594
2016-11-10,185.24864196777344,186.4356948049575,183.79685269675403,185.57316432198863,172113300,0.002495327093543054,181.94586105346679,182.98740509033203,85.74778747558594
2016-11-11,184.82168579101562,185.06080346427555,183.88229865490476,184.53133047790513,100552700,-0.002304773585503961,182.08677291870117,182.98949920654297,85.74778747558594
2016-11-14,184.96690368652344,185.54762747001487,184.2239316851872,185.34266383508754,94580000,0.0007857189208413384,182.26653823852538,182.97784271240235,85.74778747558594
2016-11-15,186.4101104736328,186.4101104736328,185.1462009601001,185.35115151146815,91652600,0.007802513629980412,182.46167526245117,182.98383514404296,85.74778747558594
2016-11-16,186.05996704101562,186.29054943951428,185.67567173080798,185.7952305613378,65617700,-0.0018783500086316796,182.61496658325194,182.9831640625,85.74778747558594
2016-11-17,187.0164031982422,187.07617608285213,186.10262212992117,186.2136456696807,69797200,0.005140472571489418,182.83315811157226,183.01011993408204,85.74778747558594
2016-11-18,186.59803771972656,187.25561797728727,186.41869291095958,187.08482146428074,86265800,-0.0022370523192671854,183.02616424560546,183.1175863647461,85.74778747558594
2016-11-21,188.00711059570312,188.03272941911158,187.02502094921246,187.17019862550617,72402600,0.00755138099626218,183.2507652282715,183.2012322998047,85.74778747558594
2016-11-22,188.37428283691406,188.55361455068618,187.64838162725047,188.31449691170067,67429000,0.0019529699703779713,183.52447052001952,183.34507385253906,85.74778747558594
2016-11-23,188.47679138183594,188.52802902338945,187.6654983183874,187.86191362132126,56620200,0.0005441748384020784,183.82166061401367,183.49232513427734,85.74778747558594
2016-11-25,189.17706298828125,189.21121707036835,188.74151699832356,188.81838648715674,37872300,0.0037154261875491645,184.17820358276367,183.61738403320314,85.74778747558594
2016-11-28,188.2888946533203,189.1428900193489,188.18641937929613,188.86961827830604,76572500,-0.004694904979130388,184.5172378540039,183.73882263183594,85.74778747558594
2016-11-29,188.6561279296875,189.10874445158365,188.02416663924018,188.32307024318024,69886700,0.0019503714068922484,184.87420730590821,183.86692169189453,85.74778747558594
2016-11-30,188.20352172851562,189.4332772633448,188.14373579207478,189.27101604264698,113291800,-0.0023991068095098322,185.27430419921876,183.98579864501954,85.74778747558594
2016-12-01,187.51181030273438,188.50243524321448,187.153120702339,188.50243524321448,79040500,-0.003675337312651572,185.69404373168945,184.0498489379883,82.91875457763672
2016-12-02,187.60568237304688,188.09246595181148,187.24700590861025,187.59714711113205,74840300,0.0005006195085042187,186.15946731567382,184.09254791259767,82.91875457763672
2016-12-05,188.7329864501953,189.0745794033417,188.23766754647798,188.43408284299034,67837800,0.006008901558252511,186.69108123779296,184.17811767578124,82.91875457763672
2016-12-06,189.330810546875,189.36497766614937,188.44266090981026,188.92089633214803,59877400,0.003167565500466596,187.05616607666016,184.30553344726562,82.91875457763672
2016-12-07,191.807373046875,191.86714594909836,189.05750680214237,189.17706563752486,110738100,0.013080610033023854,187.50408706665038,184.45976501464844,82.91875457763672
2016-12-08,192.277099609375,192.74679978452545,191.51704406447283,191.7817936402401,99714400,0.0024489494592327965,187.87856521606446,184.60511474609376,82.91875457763672
2016-12-09,193.43850708007812,193.45559063795153,192.46495277627835,192.4991198920252,88005800,0.006040279747627775,188.28805847167968,184.8071710205078,82.91875457763672
2016-12-12,193.2165069580078,193.82284957533443,192.79804441754638,193.34460108726188,102016100,-0.0011476521682335372,188.7077995300293,184.9771173095703,82.91875457763672
2016-12-13,194.50604248046875,195.00136151590402,193.85701048452216,193.8740940460032,110477500,0.006674044276875346,189.18475646972655,185.18173614501953,82.91875457763672
2016-12-14,192.90045166015625,194.90733268346847,192.46490574191,194.2070633530282,142501800,-0.008254709210248401,189.50927352905273,185.37303131103516,82.91875457763672
2016-12-15,193.6947021484375,194.54869758176667,192.90902791348702,193.139610329148,124972600,0.004117411242149593,189.89101028442383,185.56398406982422,82.91875457763672
2016-12-16,193.31590270996094,194.20930031343497,192.9980661377458,194.149161984776,156420200,-0.001955652035264599,190.20598526000975,185.7448001098633,82.91875457763672
2016-12-19,193.7367706298828,194.15769947460564,193.3502102786319,193.49624360653826,90341100,0.0021770993178626963,190.56292190551758,185.9466717529297,82.91875457763672
2016-12-20,194.48414611816406,194.6301925722848,194.03746050844165,194.26938888388705,89838800,0.003857685280142631,190.88677368164062,186.1443618774414,82.91875457763672
2016-12-21,193.94296264648438,194.52709601948894,193.94296264648438,194.3552928572959,67909000,-0.00278266111907588,191.16520767211915,186.3778561401367,82.91875457763672
2016-12-22,193.60794067382812,193.91719160692546,193.2127816063045,193.79692808337322,56219100,-0.001727425259904436,191.42176513671876,186.59986755371094,82.91875457763672
2016-12-23,193.8914337158203,193.90001928669471,193.4619192327482,193.65089354617749,36697800,0.0014642635059569642,191.6574836730957,186.83950500488282,82.91875457763672
2016-12-27,194.37245178222656,194.7675976930153,194.14051033422663,194.1576945805294,42672500,0.0024808629096593204,191.961661529541,187.08688507080078,82.91875457763672
2016-12-28,192.76608276367188,194.64735817969307,192.65441791828655,194.63018703901284,64095000,-0.008264386253430844,192.16715927124022,187.31477478027344,82.91875457763672
2016-12-29,192.72314453125,193.1870143832582,192.28503139062656,192.83480937821537,48696100,-0.0002227478600295152,192.39314041137695,187.5190902709961,82.91875457763672
2016-12-30,192.0187225341797,193.1354626883079,191.33149681565922,193.04955455809022,108998300,-0.0036550980879003214,192.6184860229492,187.6995819091797,82.91875457763672
2017-01-03,193.4877166748047,193.99454069132435,192.3194365897589,193.31590037085448,91366500,0.007650265147261859,192.9125877380371,187.91628479003907,102.18046569824219
2017-01-04,194.6387481689453,194.78478149283592,193.80548917965118,193.8140747489132,78744400,0.005948860805852441,193.2078758239746,188.15430145263673,102.18046569824219
2017-01-05,194.48414611816406,194.638778142869,193.69384106895362,194.37248126960412,78379000,-0.0007943025334660181,193.46554260253907,188.37368255615235,102.18046569824219
2017-01-06,195.17999267578125,195.64386258695598,194.0546536301997,194.59584611635594,71559900,0.0035779089016048093,193.63417358398436,188.6192788696289,102.18046569824219
2017-01-09,194.53570556640625,195.05971376040324,194.50133706740283,194.92226597987312,46939700,-0.003300989515074182,193.74710388183593,188.85933319091797,102.18046569824219
2017-01-10,194.53570556640625,195.38613585448502,194.14913204519758,194.55287670816617,63771900,0.0,193.80196380615234,189.10912322998047,102.18046569824219
2017-01-11,195.08547973632812,195.08547973632812,193.78833763321774,194.44979359470986,74650000,0.0028260836144251567,193.89541244506836,189.38066864013672,102.18046569824219
2017-01-12,194.59584045410156,194.7848278847922,193.2471717253465,194.57007063243853,72113200,-0.0025098704572392716,193.89990234375,189.6422506713867,102.18046569824219
2017-01-13,195.04254150390625,195.34319379609323,194.73329053256882,194.76764592594293,62717900,0.0022955323647324555,194.0070068359375,189.93906982421876,102.18046569824219
2017-01-17,194.35531616210938,194.81060049499678,193.96875572388794,194.4068558061732,61240800,-0.003523463837673102,194.0400375366211,190.24383575439452,102.18046569824219
2017-01-18,194.7848358154297,194.8277898891978,194.054655884601,194.6044339487009,54793300,0.0022099712104712843,194.11348419189454,190.57358825683593,102.18046569824219
2017-01-19,194.063232421875,194.9995708275679,193.63371794868652,194.86212305028965,66608800,-0.0037046179212761876,194.12980728149415,190.8928387451172,102.18046569824219
2017-01-20,194.7761688232422,195.26580835783852,194.11471306539627,194.7418003354973,129168600,0.0036737324864162257,194.14440841674804,191.1477798461914,102.18046569824219
2017-01-23,194.2693634033203,194.8363255733062,193.51342695107874,194.77620037162023,75061600,-0.0026019888520437684,194.16072845458984,191.3761880493164,102.18046569824219
2017-01-24,195.5150146484375,195.92734491726142,194.37250445288487,194.48416931476334,95555300,0.006411979857735561,194.2560821533203,191.59073760986328,102.18046569824219
2017-01-25,197.2073516845703,197.2073516845703,196.29676966689178,196.45998732202045,84437700,0.008655790652067674,194.4218780517578,191.8299118041992,102.18046569824219
2017-01-26,197.00108337402344,197.32751852426006,196.72618785640532,197.0612085761651,59970700,-0.0010459463543569525,194.55330963134764,192.0734997558594,102.18046569824219
2017-01-27,196.6918487548828,197.22444247968724,196.5114469180428,197.07840913926478,59711100,-0.0015697102464838908,194.7495979309082,192.30799865722656,102.18046569824219
2017-01-30,195.4720458984375,196.0304094891354,194.49275339116883,196.00463966850268,79737300,-0.006201593325636079,194.88704299926758,192.48923736572266,102.18046569824219
2017-01-31,195.45484924316406,195.514987559318,194.41543158963867,194.98238071531566,75880800,-8.797501041335476e-05,195.0588493347168,192.67713500976564,102.18046569824219
2017-02-01,195.5321502685547,196.36540933417217,194.94801691948786,195.4548408148971,79117700,0.0003954930035756643,195.16107101440429,192.84744995117188,105.20123291015625
2017-02-02,195.6610107421875,195.94449184417536,194.84493593159607,195.5321485461528,69657600,0.0006590244798916345,195.2121841430664,193.0287094116211,105.20123291015625
2017-02-03,197.00967407226562,197.19007589886635,196.25373759461604,196.56298850611725,80563200,0.006892856808632164,195.33846054077148,193.20876068115234,105.20123291015625
2017-02-06,196.65748596191406,197.00110539735095,196.32246520470133,196.60594632353383,57790100,-0.001787669118331614,195.41233520507814,193.37442474365236,105.20123291015625
2017-02-07,196.66610717773438,197.28460912465883,196.47711974352174,197.04408204615962,57931200,4.3838737072032785e-05,195.51885528564452,193.5382110595703,105.20123291015625
2017-02-08,196.92379760742188,197.0526467044636,196.12489388253917,196.66608630559708,51566200,0.001310294048046723,195.6382598876953,193.69314575195312,105.20123291015625
2017-02-09,198.0920867919922,198.39273906846634,196.92380686219033,196.92380686219033,65955200,0.0059326968033561744,195.78859024047853,193.88920959472657,105.20123291015625
2017-02-10,198.8738250732422,199.09718103140023,198.10928968759166,198.4357249447494,66015900,0.003946337755888596,196.00248947143555,194.09356353759765,105.20123291015625
2017-02-13,199.9561767578125,200.21388807002674,199.3376748515951,199.36344467204233,55182100,0.005442403917014671,196.24817123413087,194.3286166381836,105.20123291015625
2017-02-14,200.75503540039062,200.76363407766334,199.43213676662458,199.7757430563005,71109000,0.003995168619100431,196.56815719604492,194.59348114013673,105.20123291015625
2017-02-15,201.80308532714844,201.99207275035496,200.48877204341161,200.54031168469666,86785800,0.005220541166838233,196.91906967163087,194.87742919921874,105.20123291015625
2017-02-16,201.63131713867188,202.00929205066734,200.8839659948817,201.82889016712616,84722400,-0.0008511673059810043,197.2974739074707,195.1353958129883,105.20123291015625
2017-02-17,201.94906616210938,201.94906616210938,200.95258966393072,200.96977390913753,77204100,0.0015758912253645008,197.65611877441407,195.38776092529298,105.20123291015625
2017-02-21,203.15179443359375,203.32359763023166,202.3099364869037,202.31853516676898,88946100,0.005955602045314423,198.10024032592773,195.61464935302735,105.20123291015625
2017-02-22,202.97134399414062,203.1946867855585,202.58478361725787,202.74800120272272,62115200,-0.0008882542236766655,198.4730567932129,195.82853424072266,105.20123291015625
2017-02-23,203.10877990722656,203.50392583111403,202.35283033771688,203.4867546919814,74615900,0.0006771197863768563,198.76812820434571,196.02193969726562,105.20123291015625
2017-02-24,203.3665008544922,203.4094418121065,202.22399087630657,202.2669449416613,82381600,0.001268881371762287,199.08639907836914,196.22493957519532,105.20123291015625
2017-02-27,203.68435668945312,203.85615985944892,203.03149940037244,203.28061203070507,56515400,0.001562970467728908,199.43602447509767,196.408505859375,105.20123291015625
2017-02-28,203.1345977783203,203.54692804662338,202.74803733255226,203.30640096446803,96961900,-0.002699072820653625,199.81915206909179,196.61318878173827,105.20123291015625
2017-03-01,205.97796630859375,206.44184929482503,204.76673230956334,204.78391655920868,149158200,0.013997460606766765,200.34530792236328,196.8588540649414,114.20635986328125
2017-03-02,204.68075561523438,205.79749545728194,204.629215994603,205.78889678201892,70246000,-0.006297812900123101,200.80273818969727,197.08615112304688,114.20635986328125
2017-03-03,204.80967712402344,204.9728947189234,204.21694506159358,204.5949198902585,81974300,0.0006298662930062093,201.26017150878906,197.3076092529297,114.20635986328125
2017-03-06,204.19973754882812,204.55192938758756,203.59840691520102,204.0193357371922,55391500,-0.0029780798630231198,201.6196746826172,197.50192108154297,114.20635986328125
2017-03-07,203.58984375,204.25129965513565,203.38367210083368,203.89909466987922,65103700,-0.002986751139590904,201.96629257202147,197.69485870361328,114.20635986328125
2017-03-08,203.2119140625,204.13966702810978,203.0744662658741,203.88195568637207,78168800,-0.0018563287860473565,202.29358291625977,197.88693817138673,114.20635986328125
2017-03-09,203.4696044921875,203.79603969868805,202.50749623017578,203.33215670968812,90683900,0.0012680872126831222,202.62087326049806,198.07850158691406,114.20635986328125
2017-03-10,204.18255615234375,204.4660372273053,203.23761923580528,204.4230831660555,81991700,0.0035039713274895856,202.92539672851564,198.2747036743164,114.20635986328125
2017-03-13,204.28575134277344,204.32870542839913,203.7961114683311,204.1225336820438,57256800,0.0005054064968834648,203.19599304199218,198.50509704589842,114.20635986328125
2017-03-14,203.50399780273438,203.79607767190416,202.8940944543311,203.7445249130546,59880800,-0.003826764886442513,203.37338409423828,198.72071411132814,114.20635986328125
2017-03-15,205.2649688720703,205.68589778433662,203.83897764218042,204.07091913324487,96081800,0.008653250493107834,203.59888076782227,198.98563903808594,114.20635986328125
2017-03-16,204.86122131347656,205.47972320907772,204.53479922416713,205.402413749063,78344000,-0.0019669579315571006,203.75178756713868,199.21310913085938,114.20635986328125
2017-03-17,204.50140380859375,205.31240587517215,204.50140380859375,205.1225963206639,89002100,-0.0017563963671397564,203.89529190063476,199.41036224365234,114.20635986328125
2017-03-20,204.27708435058594,204.78611306835853,203.8888423313486,204.50139874364774,52537000,-0.00109690913524374,204.0116928100586,199.6062210083008,114.20635986328125
2017-03-21,201.654296875,205.0018332238527,201.52488723873597,204.88104650841805,131809300,-0.012839362202197058,203.93681793212892,199.73570709228517,114.20635986328125
2017-03-22,202.12884521484375,202.41355961375712,201.0676465750876,201.68883923366832,97569200,0.0023532766085212486,203.89469299316406,199.8875698852539,114.20635986328125
2017-03-23,201.9131317138672,203.04335309989824,201.54214864232134,202.12882322004916,100410300,-0.0010672079026983194,203.83491058349608,200.03511840820312,114.20635986328125
2017-03-24,201.76644897460938,202.7845064935825,200.9899648725032,202.21509096226112,112504900,-0.0007264645841147388,203.75490798950196,200.16873779296876,114.20635986328125
2017-03-27,201.5593719482422,201.81820435967396,199.82521717174694,200.1012954231144,87454500,-0.0010263204185808616,203.6486587524414,200.30800842285157,114.20635986328125
2017-03-28,203.026123046875,203.44887000641816,201.14528612102265,201.2574499256847,93483900,0.007277017607543623,203.64323501586915,200.46768005371095,114.20635986328125
2017-03-29,203.2158966064453,203.4488471111567,202.5170582570755,202.74138584115474,61950400,0.0009347248360078719,203.50513153076173,200.64489166259764,114.20635986328125
2017-03-30,203.86297607421875,204.0614217364768,202.98296421676207,203.1555147869635,56737900,0.003184197095695618,203.46424255371093,200.82645446777343,114.20635986328125
2017-03-31,203.3885498046875,204.05287043422445,203.33677276382568,203.526582419342,73733100,-0.0023271821037211815,203.39318618774413,201.0129608154297,114.20635986328125
2017-04-03,203.03469848632812,203.63863197641382,201.80957250222207,203.44019950783482,85546500,-0.0017397799369688327,203.33493423461914,201.1781314086914,96.63587951660156
2017-04-04,203.16416931152344,203.25045119242827,202.3704260333124,202.75004524566697,56466200,0.0006376783188319912,203.31365051269532,201.35602752685546,96.63587951660156
2017-04-05,202.56024169921875,204.81206194462604,202.35317307771257,203.83713195325583,108800600,-0.0029726088726730326,203.28106689453125,201.4969320678711,96.63587951660156
2017-04-06,203.129638671875,203.647290397291,202.25823654556245,202.69825565164584,69135800,0.0028110006577783953,203.26406860351562,201.6153778076172,96.63587951660156
2017-04-07,202.922607421875,203.61282301419865,202.43946045667866,202.87946647896086,74412300,-0.001019207494059593,203.2010711669922,201.7338082885742,96.63587951660156
2017-04-10,203.04336547851562,203.8371086898843,202.51707764475574,203.06062448619653,67615300,0.0005950941503012341,203.1389518737793,201.86083862304687,96.63587951660156
2017-04-11,202.80178833007812,202.90531604474356,201.31782965096872,202.66374260068065,88045300,-0.0011897810493249894,203.10384140014648,202.0074334716797,96.63587951660156
2017-04-12,201.9131317138672,202.71551096254174,201.68881728675328,202.52570138392045,81864400,-0.004381897336943497,202.93624954223634,202.13659912109375,96.63587951660156
2017-04-13,200.6017608642578,202.31004738858752,200.6017608642578,201.57669086568936,92880400,-0.006494727898469388,202.7232765197754,202.2379913330078,96.63587951660156
2017-04-17,202.37904357910156,202.37904357910156,200.92096681285324,201.1193993230347,68405400,0.008859756301174304,202.61715850830078,202.3723519897461,96.63587951660156
2017-04-18,201.7751007080078,202.31002463439688,201.09352129125438,201.6456910607653,83225800,-0.002984216450542143,202.49205932617187,202.46766052246093,96.63587951660156
2017-04-19,201.40414428710938,202.70691651272165,201.17981664915393,202.33593336497609,68699900,-0.0018384648036193774,202.47955169677735,202.56259368896485,96.63587951660156
2017-04-20,203.04336547851562,203.48338460340221,201.69745250424853,202.0166717401344,92572200,0.008138964554122996,202.52527770996093,202.69013885498046,96.63587951660156
2017-04-21,202.3962860107422,203.01747862452962,201.99942099706792,202.9657147675082,110389800,-0.003186902789206858,202.5494354248047,202.79958862304687,96.63587951660156
2017-04-24,204.62222290039062,204.82929149211256,202.3704029788798,204.6308458215921,119209900,0.010997913714337004,202.69222412109374,202.93019134521484,96.63587951660156
2017-04-25,205.81288146972656,206.15798268688266,205.17442973674346,205.26071162341628,76698300,0.0058188135797720975,202.90489959716797,203.06897247314453,96.63587951660156
2017-04-26,205.68338012695312,206.65830978218523,205.64025236484687,205.77828490015946,84702500,-0.0006292188411564092,203.0377624511719,203.18351654052734,96.63587951660156
2017-04-27,205.85598754882812,206.15794777150717,205.32106363863426,206.00265619951773,57410300,0.0008391899324509122,203.169766998291,203.28553558349608,96.63587951660156
2017-04-28,205.4073486328125,206.140691897407,205.27792582275546,206.1148099683487,63532800,-0.002179382399111418,203.2469856262207,203.35762084960936,96.63587951660156
2017-05-01,205.92503356933594,206.34779375337044,205.51090947288984,205.92503356933594,66882500,0.0025202844005782765,203.37380981445312,203.44349517822266,119.45992279052734
2017-05-02,206.0026397705078,206.1838132567133,205.5971387007431,206.06302654432156,57375700,0.0003768662790857302,203.5222068786621,203.52456665039062,119.45992279052734
2017-05-03,205.75245666503906,206.09757100527935,205.07950015752797,206.00266620730903,73137700,-0.0012144655318371278,203.6516212463379,203.57657989501953,119.45992279052734
2017-05-04,205.9940185546875,206.13206428303263,205.1485115069127,206.05441849762545,61462700,0.001174041338625198,203.82331008911132,203.63703338623046,119.45992279052734
2017-05-05,206.80502319335938,206.8222822007975,205.9249981207301,206.36501723942743,62001300,0.003937030037872491,204.00707931518554,203.71095825195312,119.45992279052734
2017-05-08,206.77053833007812,206.99485278939494,206.34777817795415,206.84818412390703,48385700,-0.0001667506076435954,204.1994758605957,203.77903900146484,119.45992279052734
2017-05-09,206.5806884765625,207.22776296193527,206.23557418550524,207.0293304725549,51363200,-0.0009181668483764227,204.37634201049804,203.83696563720704,119.45992279052734
2017-05-10,206.95169067382812,206.95169067382812,206.3304980572237,206.53756665101363,54293800,0.001795919066789775,204.58383712768554,203.91330749511718,119.45992279052734
2017-05-11,206.5289306640625,206.69285831151325,205.4504731569016,206.5030487370718,62358300,-0.002042795632106853,204.81462707519532,203.92432678222656,119.45992279052734
2017-05-12,206.183837890625,206.57208000078649,205.91638250728633,206.27874268775477,53912700,-0.0016709173495834673,205.09373092651367,203.9543884277344,119.45992279052734
2017-05-15,207.32269287109375,207.44347959641047,206.58933643289276,206.6065954407282,61918900,0.0055234929765586305,205.34091339111328,204.00464874267578,119.45992279052734
2017-05-16,207.1328887939453,207.64191763813506,206.74464667828815,207.61603570807566,51241800,-0.0009155007323122799,205.60880279541016,204.0633117675781,119.45992279052734
2017-05-17,203.45751953125,207.13289858586077,203.39711958174536,207.13289858586077,172174100,-0.0177440158542449,205.7114715576172,204.06066528320312,119.45992279052734
2017-05-18,204.27708435058594,205.1225912403326,203.12096804773407,203.37980044881323,107047700,0.0040281864303868264,205.7731575012207,204.08196868896485,119.45992279052734
2017-05-19,205.6057586669922,206.27009215798319,204.70848783994123,204.76025169239898,115011400,0.006504274919676867,205.9336311340332,204.12469177246095,119.45992279052734
2017-05-22,206.6497344970703,206.81366215810078,206.04580087598345,206.1148105771657,61010600,0.005077561235864891,206.03500671386718,204.17403533935547,119.45992279052734
2017-05-23,207.10704040527344,207.2709680987088,206.64113925921842,207.0207585145912,48341700,0.0022129518303815043,206.09971466064454,204.23046112060547,119.45992279052734
2017-05-24,207.59010314941406,207.69363084440258,207.00341549336574,207.33990683160417,46927700,0.0023324303374494537,206.19505081176757,204.31218322753907,119.45992279052734
2017-05-25,208.5823516845703,208.85844318754206,207.89214925667585,208.09920471913722,64071700,0.004779845089445622,206.33136901855468,204.37853088378907,119.45992279052734
2017-05-26,208.53919982910156,208.7031143297026,208.31487221764533,208.3925180071036,46629900,-0.00020688162311066627,206.48796157836915,204.45209045410155,119.45992279052734
2017-05-30,208.35797119140625,208.60816751752535,208.06463393602158,208.2199254836617,35201900,-0.0008690387123563292,206.60960845947267,204.5292218017578,119.45992279052734
2017-05-31,208.3062286376953,208.68584779042027,207.616013193174,208.65132977757364,91796000,-0.00024833488930164904,206.72478790283202,204.6098046875,119.45992279052734
2017-06-01,209.96278381347656,209.9800428236817,208.47882489025307,208.7635393171844,68962000,0.007952499484124687,206.9353042602539,204.77597442626953,102.57996368408203
2017-06-02,210.66159057617188,210.81689531507217,209.7211787156477,210.0145160210793,88666100,0.0033282410816009023,207.16868286132814,204.9466293334961,102.57996368408203
2017-06-05,210.5063018798828,210.77375725994833,210.3078562016436,210.48904287204337,44698800,-0.0007371476492906703,207.3537467956543,205.1184927368164,102.57996368408203
2017-06-06,209.8333282470703,210.49764859982017,209.75566930051903,209.94547887695174,50375400,-0.0031969286753064097,207.50688629150392,205.27983032226564,102.57996368408203
2017-06-07,210.22157287597656,210.44588730323053,209.5054754952336,210.16980902082295,54144300,0.0018502524463086534,207.6889305114746,205.4530743408203,102.57996368408203
2017-06-08,210.32513427734375,210.79965830020518,209.79884639103685,210.31651135502514,65950700,0.0004926297522676037,207.85760269165038,205.5990545654297,102.57996368408203
2017-06-09,210.00587463378906,211.38629233108014,208.74623048480618,210.5925491930658,132256400,-0.001517933862976606,208.0314498901367,205.73485412597657,102.57996368408203
2017-06-12,209.96278381347656,210.01454767932452,209.11727662016887,209.7643512728035,86108100,-0.0002051886424017102,208.22039718627929,205.8568502807617,102.57996368408203
2017-06-13,210.9894561767578,211.04122003732482,210.15257199154834,210.49767317183907,60067000,0.0048897825825804375,208.4037353515625,206.0088684082031,102.57996368408203
2017-06-14,210.72201538085938,211.26554911922136,209.9023769825641,211.25692619678506,78602300,-0.0012675552643464094,208.58319168090821,206.16261474609374,102.57996368408203
2017-06-15,210.31654357910156,210.43733033390316,209.10003994267683,209.3761183116081,66464900,-0.001924202371664685,208.92614288330077,206.30566223144533,102.57996368408203
2017-06-16,210.3624267578125,210.52715382162995,209.48678837995016,210.4751375338906,84553100,0.00021816247989869808,209.23041000366212,206.46170593261718,102.57996368408203
2017-06-19,212.11376953125,212.1744508057262,211.09073377823756,211.18610140581526,65123800,0.00832535924038269,209.555810546875,206.64138854980467,102.57996368408203
2017-06-20,210.6831817626953,211.76689841285952,210.66585182114605,211.7582334420849,56906400,-0.006744436118957031,209.75748291015626,206.7966000366211,102.57996368408203
2017-06-21,210.63116455078125,211.18602694405865,210.16300478071963,211.07332940863367,55977600,-0.0002468977897469582,209.93368911743164,206.94835601806642,102.57996368408203
2017-06-22,210.5358428955078,211.13405673092268,210.36245084020524,210.63988871186203,44148100,-0.00045255247710718205,210.08097610473632,207.103037109375,102.57996368408203
2017-06-23,210.7871856689453,211.11662646943356,210.2149802164168,210.59645051810247,66986800,0.0011938241488040902,210.19121780395508,207.28051818847655,102.57996368408203
2017-06-26,210.92596435546875,211.8709754678572,210.7178991944742,211.45481868793817,56700500,0.0006583829376678452,210.31055603027343,207.48700225830078,102.57996368408203
2017-06-27,209.22669982910156,211.00399800962012,209.20935665635997,210.70921698887196,82247700,-0.008056213143600721,210.3539924621582,207.62395538330077,102.57996368408203
2017-06-28,211.09938049316406,211.29878069236827,210.00698542585917,210.24107197299102,70042600,0.00895048607845994,210.49365005493163,207.8104409790039,102.57996368408203
2017-06-29,209.2440643310547,211.2987873400625,208.0389716674855,211.24677104550017,106949700,-0.008788828076022992,210.45771408081055,207.9672393798828,102.57996368408203
2017-06-30,209.6342010498047,210.42315013272864,209.4434658159337,210.05034463781132,86820700,0.001864505547611417,210.40634460449218,208.0990560913086,102.57996368408203
2017-07-03,209.98965454101562,211.0040119354262,209.98965454101562,210.57052519103027,39153800,0.0016955892188912358,210.38051223754883,208.25092346191406,126.78901672363281
2017-07-05,210.4751434326172,210.68320858940575,209.54747551205259,210.35376768150232,54427600,0.0023119657616597067,210.41260299682617,208.3679818725586,126.78901672363281
2017-07-06,208.5504608154297,209.8335777851548,208.36839057474916,209.712202034356,65400800,-0.009144465164855342,210.32904739379882,208.42273345947265,126.78901672363281
2017-07-07,209.9029083251953,210.05029220021748,208.5590970507469,209.12263763885127,57972300,0.006484989313749745,210.3079360961914,208.5071240234375,126.78901672363281
2017-07-10,210.12832641601562,210.50113183523914,209.5994721438358,209.9029181076465,36663300,0.0010739159958235156,210.31405868530274,208.59257080078126,126.78901672363281
2017-07-11,209.9722900390625,210.2844009924833,208.81054885703776,210.1283389012908,50354600,-0.000742576594096156,210.31453399658204,208.68386962890625,126.78901672363281
2017-07-12,211.55015563964844,211.71488268754106,210.9346119889543,210.9346119889543,59610400,0.00751463728996038,210.34256896972656,208.7963720703125,126.78901672363281
2017-07-13,211.9056854248047,212.0183962259148,211.33347967466187,211.5589012768821,39471600,0.0016805933518755367,210.40175247192383,208.91443298339843,126.78901672363281
2017-07-14,212.8939971923828,213.24945948004287,211.81028038534473,211.90564799352268,60262700,0.004663922846604551,210.5306251525879,209.0572637939453,126.78901672363281
2017-07-17,212.8679962158203,213.1974503695233,212.6946041666481,212.8159799239652,33531900,-0.0001221310929636621,210.6559036254883,209.19474334716796,126.78901672363281
2017-07-18,212.98069763183594,213.0327139214029,212.12238916708705,212.46050827823697,42742500,0.0005294427439499483,210.6992500305176,209.3182568359375,126.78901672363281
2017-07-19,214.13381958007812,214.14248455386652,213.28417590597937,213.2928541087354,51034300,0.005414208710291302,210.8717819213867,209.4655224609375,126.78901672363281
2017-07-20,214.22914123535156,214.50656585569095,213.68294373763698,214.3851901038616,47135200,0.0004451499322264407,211.05168075561522,209.6184915161133,126.78901672363281
2017-07-21,214.03842163085938,214.0644297775078,213.43152959848751,213.6569511747282,82340800,-0.0008902598563034214,211.2268096923828,209.7602261352539,126.78901672363281
2017-07-24,213.9864044189453,214.12511012415288,213.518231323352,213.96038304344285,46622300,-0.00024302745048165875,211.38677062988282,209.90937561035156,126.78901672363281
2017-07-25,214.5065460205078,214.83600012885105,214.28113771051503,214.7319543305006,54915600,0.002430722657240203,211.56579971313477,210.07582977294922,126.78901672363281
2017-07-26,214.51522827148438,214.8273392337501,214.2551468270668,214.79266611748264,47575400,4.047545931640251e-05,211.8302261352539,210.21968048095704,126.78901672363281
2017-07-27,214.31585693359375,215.0094384129773,212.9980534456617,214.97476529204297,70766600,-0.0009294041243463891,211.99104995727538,210.36333984375,126.78901672363281
2017-07-28,214.064453125,214.19449387242534,213.38821478045384,213.83903152417315,50088400,-0.0011730527651607758,212.23206939697266,210.575478515625,126.78901672363281
2017-07-31,213.9430389404297,214.5585826730198,213.73496055293967,214.4632150657075,65838700,-0.0005671851762301117,212.4475112915039,210.76879760742187,126.78901672363281
2017-08-01,214.41986083984375,214.57590969699348,213.89967152475035,214.54123658283703,55050400,0.002228732945813716,212.6690216064453,210.9450796508789,102.81346130371094
2017-08-02,214.52391052246094,214.66262944807906,213.59624258997522,214.5499186673937,47211200,0.00048526140353621905,212.8714599609375,211.10256317138672,102.81346130371094
2017-08-03,214.10777282714844,214.4372137482906,213.83033496832851,214.41120560264687,40856000,-0.0019398196420110647,213.14932556152343,211.24257781982422,102.81346130371094
2017-08-04,214.49790954589844,214.8273504690451,214.11643910218257,214.5932771568274,60191800,0.001822151123233473,213.3790756225586,211.3807339477539,102.81346130371094
2017-08-07,214.8966827392578,214.8966827392578,214.4631960587952,214.56724185780152,31995000,0.001859100604773234,213.61749343872071,211.50702056884765,102.81346130371094
2017-08-08,214.36782836914062,215.7983423514395,213.99503617400325,214.58457170928014,61719400,-0.0024609703759777,213.8372703552246,211.62359313964845,102.81346130371094
2017-08-09,214.359130859375,214.4111471364785,213.32743060028346,213.68289279910624,62632600,-4.057283143554802e-05,213.97771911621095,211.74361633300782,102.81346130371094
2017-08-10,211.3334503173828,213.6569461183922,211.28143402531697,213.52689215926216,120479500,-0.014115006577336331,213.94910736083983,211.80416076660157,102.81346130371094
2017-08-11,211.64556884765625,212.23511771301636,211.32479288249857,211.55887943410963,74869900,0.0014769007452661853,213.8866859436035,211.83781646728517,102.81346130371094
2017-08-14,213.7436065673828,213.96034990759955,212.88531140666132,212.919984520352,73291900,0.009912977300444936,213.93046646118165,211.8994567871094,102.81346130371094
2017-08-15,213.71762084960938,214.1424426034363,213.41418807884588,214.1250994302894,55242700,-0.00012157424584879895,213.96731262207032,211.9636831665039,102.81346130371094
2017-08-16,214.09039306640625,214.63659048951143,213.66557137855077,214.23777694285496,56715500,0.0017442278054329297,213.96514129638672,212.04882446289062,102.81346130371094
2017-08-17,210.7526092529297,213.7956950555248,210.7526092529297,213.48358403036036,128490400,-0.015590535220519008,213.79131469726562,212.0594451904297,102.81346130371094
2017-08-18,210.4231414794922,211.70625853997723,209.98097653326255,210.5878553301835,136748000,-0.0015632915511955003,213.61055068969728,212.06140533447265,102.81346130371094
2017-08-21,210.58782958984375,210.8479242507227,209.66017494843106,210.36242127252945,65469700,0.0007826520847167284,213.44062194824218,212.07304443359374,102.81346130371094
2017-08-22,212.79000854492188,212.94605744745016,211.15142892353683,211.1687721001403,63140100,0.010457294513967152,213.35479507446288,212.12958892822266,102.81346130371094
2017-08-23,212.02700805664062,212.4518297759899,211.68022399563662,211.82760788301152,50203800,-0.0035856969671589356,213.2303840637207,212.1503399658203,102.81346130371094
2017-08-24,211.5328369140625,212.56452411010807,211.32475854322377,212.40847525370182,50741700,-0.0023306990326728005,213.09123306274415,212.16655639648437,102.81346130371094
2017-08-25,212.02700805664062,212.9373327529811,211.87962416926572,212.32177583139043,64445900,0.002336143880956376,212.98936080932617,212.20076568603517,102.81346130371094
2017-08-28,212.03570556640625,212.58188985077862,211.61954878054664,212.55588170528304,40565600,4.102076355905204e-05,212.893994140625,212.23423126220703,102.81346130371094
2017-08-29,212.27847290039062,212.53855437473308,210.61387209080198,210.72658288232782,51135700,0.0011449361009074899,212.78692474365235,212.23752532958986,102.81346130371094
2017-08-30,213.28414916992188,213.5529220712823,212.07905651601493,212.2611267744893,62030800,0.00473753299517643,212.72493667602538,212.28954467773437,102.81346130371094
2017-08-31,214.56729125976562,214.81004279839868,213.31884721595745,213.89971791404133,103803900,0.006016115566194635,212.74791259765624,212.36826721191406,102.81346130371094
2017-09-01,214.8706817626953,215.2955034861434,214.7232978738984,214.9400412213581,62007000,0.0014139643612427477,212.76655120849608,212.4549639892578,138.5316162109375
2017-09-05,213.3275146484375,214.59330188215944,212.36517345598844,214.3678802872824,91398800,-0.007181841196753358,212.68809280395507,212.50577056884765,138.5316162109375
2017-09-06,214.0557403564453,214.38519450201161,213.4748697301334,214.00372406587485,57916900,0.0034136511139124526,212.6724884033203,212.56836608886718,138.5316162109375
2017-09-07,214.0297088623047,214.37650614321683,213.6222303253352,214.35916297193032,58034700,-0.00012161082014094937,212.6560173034668,212.66442626953125,138.5316162109375
2017-09-08,213.7782745361328,214.23776931958236,213.53552307427128,213.74358819645974,63832800,-0.00117476366953162,212.77825851440429,212.7180041503906,138.5316162109375
2017-09-11,216.05844116210938,216.1364655911094,215.02674072656248,215.04407066925324,71364800,0.010666035315909372,212.99890213012696,212.8542916870117,138.5316162109375
2017-09-12,216.78671264648438,216.82138576355234,216.24051514266796,216.4225853869284,56896000,0.0033707152586024414,213.15105743408202,212.99734191894532,138.5316162109375
2017-09-13,216.8907470703125,216.92543341664026,216.38790088028037,216.50061166239803,59228000,0.000479892990479458,213.3097137451172,213.13536376953124,138.5316162109375
2017-09-14,216.8213653564453,217.0207787549535,216.39655687476187,216.56994890171208,95446300,-0.0003198924564757899,213.44626235961914,213.26228820800782,138.5316162109375
2017-09-15,217.11326599121094,217.2003856134073,216.5730791318973,216.67762799637953,95432400,0.0013462724685169292,213.7642951965332,213.43354431152343,138.5316162109375
2017-09-18,217.57510375976562,217.92360893798698,217.1917400869499,217.47926284156168,46235200,0.002127174341218563,214.12189331054688,213.58698822021483,138.5316162109375
2017-09-19,217.7928924560547,217.8800253857725,217.47052454641207,217.81902967604634,47108100,0.0010009816956333406,214.4821464538574,213.74027954101564,138.5316162109375
2017-09-20,217.8712921142578,217.98456225772762,216.8780379254347,217.8800133835203,59574100,0.00035997344687888067,214.73621063232423,213.89825958251953,138.5316162109375
2017-09-21,217.28749084472656,217.80154042242248,217.11323832791953,217.7144208113264,48211400,-0.0026795695011763154,214.9992347717285,214.0130062866211,138.5316162109375
2017-09-22,217.3311309814453,217.49667558165336,216.96519658369985,216.99133380535173,51214000,0.0002008405387217138,215.28914947509764,214.1215151977539,138.5316162109375
2017-09-25,216.8867645263672,217.42696477693914,216.1461877794346,217.0784463419542,57064400,-0.0020446516477938825,215.532137298584,214.2013705444336,138.5316162109375
2017-09-26,217.01742553710938,217.55761239750964,216.78217729693458,217.31365618348264,54082000,0.0006024388395831082,215.78122329711914,214.28435913085937,138.5316162109375
2017-09-27,217.86257934570312,218.24594293551814,216.83446669168862,217.714464012296,81001400,0.003894405283363822,216.06042861938477,214.3819967651367,138.5316162109375
2017-09-28,218.1239776611328,218.20238931967907,217.49665780352635,217.58377743703832,44778800,0.0011998311789693794,216.30242004394532,214.4617999267578,138.5316162109375
2017-09-29,218.89065551757812,218.96908045781802,217.93225993918287,218.11522044563844,85578000,0.003514871976323386,216.51858825683593,214.55503021240236,138.5316162109375
2017-10-02,219.8403778076172,219.8403778076172,218.9429512512324,219.11721709572956,59023000,0.004338797779162462,216.76707305908204,214.6710693359375,115.5344467163086
2017-10-03,220.31085205078125,220.33698926746806,219.76194391112475,219.84036885580198,66810200,0.002140072027968287,217.11623992919922,214.7975582885742,115.5344467163086
2017-10-04,220.57228088378906,220.81623715058,220.04950985802594,220.16278001568583,55953600,0.001186636203229563,217.44206695556642,214.91887298583984,115.5344467163086
2017-10-05,221.879150390625,221.8965663385826,220.60708157503166,220.90331222571203,63522800,0.005924903626147282,217.83453903198242,215.06615142822267,115.5344467163086
2017-10-06,221.62648010253906,221.91400278857896,221.1734261378252,221.4347983118458,80646000,-0.0011387743627154778,218.22694931030273,215.21236389160157,115.5344467163086
2017-10-09,221.2605438232422,221.91400084179554,220.99915835689742,221.85301843326477,35803100,-0.0016511396974204784,218.48705444335937,215.3562857055664,115.5344467163086
2017-10-10,221.8443145751953,222.21897020843707,221.2866984073851,221.82689862545803,43057400,0.0026383861391006125,218.73993453979492,215.51431121826172,115.5344467163086
2017-10-11,222.1928253173828,222.1928253173828,221.58293473218265,221.74846601668025,47674300,0.0015709699067782967,219.00503845214843,215.6697705078125,115.5344467163086
2017-10-12,221.8617401123047,222.22767446994501,221.62649184860092,221.87916935636886,47065100,-0.0014900805397527472,219.2570571899414,215.81652709960937,115.5344467163086
2017-10-13,222.1318359375,222.41065066702748,221.86174247740652,222.29738052132967,54800400,0.0012174060523395536,219.50798568725585,215.97700836181642,115.5344467163086
2017-10-16,222.42800903320312,222.61969078647508,222.01852160897442,222.35831866348116,38221700,0.0013333212434549768,219.75063095092773,216.1356103515625,115.5344467163086
2017-10-17,222.58486938476562,222.6284358414579,222.15793938056714,222.3757583694124,31561000,0.0007052185210141282,219.99022979736327,216.28937408447266,115.5344467163086
2017-10-18,222.8026885986328,223.00307834608037,222.61100682468611,222.9595118893441,40888300,0.0009785894902436532,220.23679962158204,216.4580712890625,115.5344467163086
2017-10-19,222.86367797851562,222.89853646284217,221.60905172970456,222.02726047930824,61903800,0.0002737371809398148,220.51560897827147,216.62816223144532,115.5344467163086
2017-10-20,224.01376342773438,224.03992723384582,222.8462700530953,223.65656366015176,89176400,0.005160488508717975,220.84974060058593,216.88176849365234,115.5344467163086
2017-10-23,223.1425018310547,224.36230960211688,223.06409017535535,224.33617238355043,63915300,-0.003889321724469652,221.16252746582032,217.1117071533203,115.5344467163086
2017-10-24,223.53457641601562,223.76981137229262,223.1773500525499,223.5694349022459,66935900,0.0017570591964493065,221.48838500976564,217.30752655029298,115.5344467163086
2017-10-25,222.42800903320312,223.3167141352263,221.30406902048543,223.20344401885254,103715300,-0.004950318651165131,221.71665649414064,217.48173431396484,115.5344467163086
2017-10-26,222.71559143066406,223.30805279459497,222.59361330899486,223.0379726265612,69798000,0.0012929234888670038,221.94623718261718,217.65423828125,115.5344467163086
2017-10-27,224.53651428222656,224.69336415870453,222.72427203250467,223.4561406288865,85562500,0.008176000790359517,222.2285301208496,217.92991638183594,115.5344467163086
2017-10-30,223.70013427734375,224.44072426563199,223.40390359987563,223.45617803770907,54285700,-0.0037249175598742523,222.42151794433593,218.19545623779297,115.5344467163086
2017-10-31,224.04864501953125,224.30132253489603,223.75241433462344,224.0747822391044,60304800,0.0015579371166376532,222.60840759277343,218.4646725463867,115.5344467163086
2017-11-01,224.34486389160156,225.16386551408445,223.97894283684508,224.82408167752484,54202700,0.001322118560656671,222.79703674316406,218.69576965332033,91.4615707397461
2017-11-02,224.43197631835938,224.57138366575603,223.2121952651795,224.27515302350042,56449500,0.0003882969516071366,222.92467803955077,218.9438690185547,91.4615707397461
2017-11-03,225.1812744140625,225.22482757480614,224.17928582464648,224.58878657471539,59589700,0.0033386423271533072,223.10241775512696,219.21683776855468,91.4615707397461
2017-11-06,225.52975463867188,225.66044069574653,224.98084660973004,225.05053697709374,49652600,0.001547554189468725,223.31587829589844,219.4868927001953,91.4615707397461
2017-11-07,225.3729705810547,225.96543186902304,224.86761562013888,225.6343427406781,57502200,-0.0006951812538810165,223.4923110961914,219.75363800048828,91.4615707397461
2017-11-08,225.75636291503906,225.85221712322954,224.91994520989388,225.19875997468876,50469600,0.0017011460291618263,223.6704879760742,220.02319580078125,91.4615707397461
2017-11-09,224.93736267089844,225.12904447666784,223.3603284661559,224.55399905935963,95085500,-0.003627805806070916,223.82426910400392,220.25626007080078,91.4615707397461
2017-11-10,224.8676300048828,225.04189584860146,224.24031019242418,224.5539833932708,59984700,-0.00031000926296820275,223.96105880737304,220.4622668457031,91.4615707397461
2017-11-13,225.07675170898438,225.30329201209054,224.153201135265,224.1880596255669,50228600,0.0009299769117370182,224.0934959411621,220.6663882446289,91.4615707397461
2017-11-14,224.5540008544922,224.6585497331592,223.4997376197142,224.2751861185557,61315200,-0.002322544867575105,224.19195251464845,220.89091796875,91.4615707397461
2017-11-15,223.4300079345703,224.10960211561886,222.7242765384519,223.5868312249895,80811500,-0.005005445975777567,224.22331848144532,221.0784033203125,91.4615707397461
2017-11-16,225.32943725585938,225.69538494396602,224.32747498521172,224.3710281577118,67777000,0.008501227470955053,224.3466064453125,221.3043978881836,91.4615707397461
2017-11-17,224.66720581054688,225.30324683213357,224.58879416501952,224.98087898188828,75756800,-0.0029389477618965154,224.37927856445313,221.52217651367187,91.4615707397461
2017-11-20,225.0506134033203,225.24229521520024,224.66724977956048,224.91123262125976,48075500,0.0017065578903256995,224.4746841430664,221.7020199584961,91.4615707397461
2017-11-21,226.52304077148438,226.7060278773804,225.01575029501927,225.8173093322673,69176800,0.006542649877275819,224.62410736083984,221.8967465209961,91.4615707397461
2017-11-22,226.3227081298828,226.66249201233418,226.1571635291987,226.53180590369905,45033400,-0.000884380859974665,224.81884231567383,222.0853857421875,91.4615707397461
2017-11-24,226.84544372558594,226.95001919765812,226.67120445060775,226.81061182413293,27856500,0.002309691325375729,225.02533493041992,222.2858673095703,91.4615707397461
2017-11-27,226.7321319580078,227.18518584375184,226.53172893336713,226.888955235085,52274900,-0.0004995108815815108,225.13511581420897,222.47824462890625,91.4615707397461
2017-11-28,229.03228759765625,229.05842481063272,227.09805406970813,227.19390824344177,98971700,0.010144815469183,225.4017234802246,222.70738830566407,91.4615707397461
2017-11-29,228.89292907714844,229.69451476141595,228.44859636179388,229.16302253191307,77512100,-0.0006084667012217215,225.64393768310546,222.92938903808593,91.4615707397461
2017-11-30,230.89688110351562,231.80298907710585,229.72937435393015,229.80778600995802,127894400,0.008754975675512311,225.97153854370117,223.1899008178711,91.4615707397461
2017-12-01,230.41761779785156,231.15820763304018,227.19391291119283,230.67901652221659,164390900,-0.002075659503816385,226.27082061767578,223.4525033569336,92.59601593017578
2017-12-04,230.13885498046875,232.45642573769004,230.08655395847,232.02950900702822,94040600,-0.0012098155516362397,226.5186996459961,223.70865783691406,92.59601593017578
2017-12-05,229.31114196777344,231.01883555279514,229.1804558802626,229.3111419677734,77994500,-0.0035965809109702596,226.70776901245117,223.9571453857422,92.59601593017578
2017-12-06,229.354736328125,229.78167974298935,228.89296100982463,229.4070107725183,75898600,0.00019011008351998981,226.9068572998047,224.2038916015625,92.59601593017578
2017-12-07,230.07785034179688,230.3914969262056,229.09330424757107,230.07785034179688,77218600,0.0031528191885139556,227.12293167114257,224.44819702148436,92.59601593017578
2017-12-08,231.33248901367188,231.34118369260776,230.04299101871084,231.02753710934363,76563900,0.005453104981688384,227.44268798828125,224.71236724853514,92.59601593017578
2017-12-11,232.02951049804688,232.0905061997429,231.3063631139898,232.02951049804688,83077500,0.0030130721687511297,227.80078201293946,224.97514434814454,92.59601593017578
2017-12-12,232.43898010253906,232.9094765265687,232.06433785249226,232.81362235258584,85195800,0.001764730717283669,228.16889343261718,225.22711639404298,92.59601593017578
2017-12-13,232.41287231445312,233.11860374523278,232.32573939686347,232.68296574651777,102905400,-0.00011232104044867075,228.56183700561525,225.4691567993164,92.59601593017578
2017-12-14,231.46315002441406,232.82233824983382,231.41087559953095,232.70906813284395,100666700,-0.0040863583870436315,228.96349411010743,225.6869741821289,92.59601593017578
2017-12-15,233.3906707763672,233.8548063287974,232.4098580410537,232.46239967150672,144610300,0.008327549122829403,229.3665557861328,225.91720458984375,92.59601593017578
2017-12-18,234.87063598632812,235.2209224016226,234.6779744491451,234.7830577012194,83653600,0.0063411498199044125,229.87672729492186,226.18208770751954,92.59601593017578
2017-12-19,233.96871948242188,235.15969906556285,233.89864613920773,235.1159232699165,82382900,-0.0038400564639282653,230.32263259887696,226.43625122070313,92.59601593017578
2017-12-20,233.84603881835938,234.98447643693277,233.54829400619622,234.93193480685355,76751500,-0.0005243464354289795,230.68878250122071,226.6762857055664,92.59601593017578
2017-12-21,234.32766723632812,235.03703265605478,234.08246406690523,234.4677871510185,67032300,0.002059596221524407,231.08903045654296,226.9189825439453,92.59601593017578
2017-12-22,234.2664031982422,234.3802523073704,233.73219431505825,234.34521564491334,78720900,-0.00026144602900923797,231.46007843017577,227.16707580566407,92.59601593017578
2017-12-26,233.98623657226562,234.2051690121345,233.72352833448352,233.8636215778664,45244400,-0.0011959317347758347,231.82278366088866,227.40416381835936,92.59601593017578
2017-12-27,234.10003662109375,234.4590889541957,233.82856259060253,234.15257825763103,57751000,0.00048635360137083694,232.07617111206054,227.63760437011717,92.59601593017578
2017-12-28,234.58169555664062,234.62549807394694,234.2139040720954,234.59922725362227,45116100,0.002057491927378363,232.36060943603516,227.87754089355468,92.59601593017578
2017-12-29,233.69715881347656,235.17714378920894,233.5045239818633,235.15963882046495,96007400,-0.0037706980549575553,232.5006233215332,228.09543029785155,92.59601593017578
2018-01-02,235.36988830566406,235.40492498064438,234.17014275782566,234.55546600715147,86655700,0.0071576800534514096,232.74823684692382,228.34555450439453,82.71825408935547
2018-01-03,236.85848999023438,237.00737572096045,235.53613027809536,235.53613027809536,90070400,0.006324520503817155,233.0842185974121,228.60244903564453,82.71825408935547
2018-01-04,237.85687255859375,238.3385398103603,236.9198623208871,237.49784698792118,80636400,0.004215101465860682,233.51150512695312,228.8967364501953,82.71825408935547
2018-01-05,239.4420166015625,239.56460485750245,238.15469292587647,238.6450993999332,83524000,0.006664276822937909,234.015869140625,229.21488525390626,82.71825408935547
2018-01-08,239.87982177734375,240.03744666370142,239.05663395950918,239.34561291783155,57319200,0.0018284392271459282,234.50596771240234,229.56392150878906,82.71825408935547
2018-01-09,240.42279052734375,241.0445510051159,240.0199357049953,240.30017556615664,57254000,0.0022635032241435926,234.96048278808593,229.91806549072265,82.71825408935547
2018-01-10,240.05496215820312,240.3176970387955,239.00410281126253,239.66963904678204,69574300,-0.0015299230506967687,235.36175537109375,230.22843444824218,82.71825408935547
2018-01-11,241.80636596679688,241.80636596679688,240.44023041982015,240.60662112202832,62361500,0.007295845055015127,235.83012466430665,230.59055908203126,82.71825408935547
2018-01-12,243.3828125,243.54917655758288,241.77144631720452,242.0692179364155,90816100,0.006519458356276653,236.37862167358398,230.97724243164063,82.71825408935547
2018-01-16,242.55079650878906,245.2830682257334,241.85896273265797,244.63503695893434,106555100,-0.003418548675087507,236.93300399780273,231.34136108398437,82.71825408935547
2018-01-17,244.86268615722656,245.24800923352157,242.5507744245969,243.47904545608753,113258800,0.009531568981484329,237.5066047668457,231.74997528076173,82.71825408935547
2018-01-18,244.45123291015625,245.16931104593868,243.96079962757244,244.74897783965685,100728000,-0.0016803427812032146,237.98563461303712,232.1353744506836,82.71825408935547
2018-01-19,245.5632781982422,245.5632781982422,244.4511115087513,245.0290693803584,140920100,0.004549149844110811,238.56536254882812,232.536044921875,82.71825408935547
2018-01-22,247.55996704101562,247.55996704101562,245.30057003294718,245.35313838849672,91322400,0.00813105631030675,239.25105895996094,232.9797848510742,82.71825408935547
2018-01-23,248.08538818359375,248.3743671253375,247.2797053798622,247.60372098050044,97084700,0.0021223994689378856,239.9389450073242,233.4263653564453,82.71825408935547
2018-01-24,247.98907470703125,249.32020065816042,246.81560037784456,248.72468428390306,134816100,-0.00038822712320008,240.62507858276368,233.88739959716796,82.71825408935547
2018-01-25,248.09422302246094,248.9436819336877,247.30607160666764,248.8473644909927,84587300,0.00042400382175666884,241.33047790527343,234.35193145751953,82.71825408935547
2018-01-26,250.9665069580078,251.01030946086934,248.6721003224566,248.92606931860863,107743100,0.011577391446502272,242.17380142211914,234.8697265625,82.71825408935547
2018-01-29,249.3026885986328,250.83521535243415,249.14506368941963,250.39735056563376,90118300,-0.006629643052940892,242.90985107421875,235.3647003173828,82.71825408935547
2018-01-30,246.7455596923828,249.35521657465551,246.27265826550448,247.4811692868912,131796400,-0.010257125266574518,243.56227111816406,235.83101135253906,82.71825408935547
2018-01-31,246.86813354492188,248.09414946433438,245.79974251690325,247.59500397492036,108364800,0.0004967621410973955,244.13718338012694,236.2617852783203,82.71825408935547
2018-02-01,246.58790588378906,247.88399519129385,245.7997546627316,246.14130200277143,90102500,-0.0011351309588194525,244.6236541748047,236.70019927978515,92.42678833007812
2018-02-02,241.21969604492188,245.40568189185825,241.18465938266897,245.2743010896956,173174800,-0.02176996402004039,244.7917953491211,237.0235809326172,92.42678833007812
2018-02-05,231.13128662109375,241.56999429566028,230.58833859278695,239.4682487852187,294681800,-0.041822494552639644,244.37625885009766,237.11574584960937,92.42678833007812
2018-02-06,235.68511962890625,236.18429193210724,226.55126600084088,227.63716219013648,355026800,0.019702365155254142,244.1665237426758,237.30299407958984,92.42678833007812
2018-02-07,234.4065399169922,238.51368691076328,234.32770073952963,235.13338368290727,167376100,-0.005424948821237563,243.8657112121582,237.45421600341797,92.42678833007812
2018-02-08,225.61424255371094,234.84444089747083,225.57920588334198,234.70432094114412,246449500,-0.03750875451851632,243.1436752319336,237.43185821533203,92.42678833007812
2018-02-09,229.00331115722656,230.8510879526417,221.48954890465834,228.39028969160273,283565300,0.015021518877332385,242.50352249145507,237.43127868652343,92.42678833007812
2018-02-12,232.3660125732422,233.8284922841873,229.1433351172543,231.04365275931454,143736000,0.014684073339476189,241.9526824951172,237.5007403564453,92.42678833007812
2018-02-13,232.94403076171875,233.4869787378475,230.58831643292163,231.16630106964814,81223600,0.002487533275953524,241.47234420776368,237.54168334960937,92.42678833007812
2018-02-14,236.08792114257812,236.44697345743825,231.45530443883456,231.46407028619402,120735700,0.013496333735528498,241.03360595703126,237.6550894165039,92.42678833007812
2018-02-15,239.10040283203125,239.1091686782895,235.36978694519354,237.82184535995404,111200300,0.012759999219247753,240.766064453125,237.83432037353515,92.42678833007812
2018-02-16,239.17050170898438,241.10588339525876,238.4348920412954,238.47869455702082,160420100,0.0002931775777992307,240.4464256286621,238.0315075683594,92.42678833007812
2018-02-20,237.6729736328125,239.66089664066095,236.8848224521223,238.2246874768384,86369700,-0.006261341032741674,239.95207595825195,238.19787231445312,92.42678833007812
2018-02-21,236.4907684326172,240.58043743479553,236.39445100442575,238.1108735420492,98883700,-0.004974083431218079,239.37234497070312,238.32613067626954,92.42678833007812
2018-02-22,236.7972412109375,239.11791894051447,236.13170499282666,237.4102625244751,110511300,0.0012959185694709774,238.81275329589843,238.43542572021485,92.42678833007812
2018-02-23,240.57162475585938,240.57162475585938,237.54160840450416,238.01450978077298,92766400,0.01593930539739552,238.43662338256837,238.6062680053711,92.42678833007812
2018-02-26,243.3652801513672,243.46162431618382,241.05336762271463,241.64009156013054,86491400,0.011612572340328642,238.05656204223632,238.82479400634764,92.42678833007812
2018-02-27,240.3264617919922,244.25850577220086,240.26515430746772,243.54914022654583,99099200,-0.01248665527590842,237.6077507019043,238.98306579589843,92.42678833007812
2018-02-28,237.8919677734375,241.8677880963757,237.5767179093589,241.42115739711483,121907800,-0.010129945742977764,237.16507110595703,239.1116421508789,92.42678833007812
2018-03-01,234.43280029296875,239.2230417770956,232.94404943733431,237.6817492889229,176855100,-0.014540917513294005,236.54330444335938,239.13248474121093,64.49137115478516
2018-03-02,235.64125061035156,236.20173024351914,231.91066161199691,232.76885930321743,139083200,0.005154783442729016,235.9959716796875,239.1478970336914,64.49137115478516
2018-03-05,238.36480712890625,238.97782844938183,234.35395118094502,234.45906116670795,97307400,0.011558063418438902,235.8532272338867,239.23581878662108,64.49137115478516
2018-03-06,238.9691162109375,239.41574689391004,237.4803650844615,239.33690770561606,79213200,0.00253522778513382,236.2451187133789,239.33828033447264,64.49137115478516
2018-03-07,238.88156127929688,239.23184783594314,236.62219027254983,236.81485188747797,87063500,-0.0003663859708270545,236.40494079589843,239.42935821533203,64.49137115478516
2018-03-08,240.03750610351562,240.16009435932494,238.56628668291333,239.55583875351536,66901200,0.00483898722876841,236.6864891052246,239.5447802734375,64.49137115478516
2018-03-09,244.21469116210938,244.21469116210938,241.1233669724046,241.4386435020961,113625300,0.017402218204984887,237.61651153564452,239.74934936523437,64.49137115478516
2018-03-12,243.90823364257812,245.12551078968104,243.5229104251607,244.50375016731894,71924800,-0.0012548693040248526,238.36175765991212,239.94551330566406,64.49137115478516
2018-03-13,242.33189392089844,245.56333825543905,241.7276383640236,245.06416597364745,91968900,-0.006462839315173108,238.86005172729492,240.10051727294922,64.49137115478516
2018-03-14,241.08831787109375,243.47030315254528,240.536630741596,243.28640744271272,105895100,-0.005131706065115038,239.26726608276368,240.24834045410157,64.49137115478516
2018-03-15,240.82559204101562,242.23550358816982,240.32641985438764,241.59623821156944,83433000,-0.001089749318416211,239.50414962768554,240.3574545288086,64.49137115478516
2018-03-16,241.0867156982422,242.13300952573812,241.03396364241675,241.35047597736937,100343700,0.0010842853328565383,239.60346527099608,240.44201904296875,64.49137115478516
2018-03-19,237.82476806640625,241.26258738561367,236.18059944247648,240.33939942173015,109208400,-0.013530184035186688,239.5361785888672,240.441376953125,64.49137115478516
2018-03-20,238.22926330566406,238.86231498552974,237.5522336788099,238.2204623498299,59757300,0.001700812083394343,239.56399307250976,240.41712188720703,64.49137115478516
2018-03-21,237.7720489501953,240.2690787418608,237.56104066228033,238.1852914021509,78709600,-0.0019192199527650056,239.62805709838867,240.37496643066407,64.49137115478516
2018-03-22,231.82839965820312,236.40041532902674,231.55581154014723,235.55635543832057,148785900,-0.024997258164844993,239.37961502075194,240.20307861328126,64.49137115478516
2018-03-23,226.8870849609375,232.59335103109134,226.69365175801394,232.26803765167045,183534800,-0.02131453568480335,238.69538803100585,239.93972106933595,64.49137115478516
2018-03-26,233.09449768066406,233.37585994770197,228.08286310594158,230.47438871139857,141956100,0.027359039501059668,238.1818489074707,239.76548370361328,64.49137115478516
2018-03-27,229.12913513183594,234.55401162788922,227.5816696445901,234.02649096831001,129941400,-0.017011823909548474,237.6219825744629,239.48041015625,64.49137115478516
2018-03-28,228.4521026611328,230.9227829355966,227.35305658067978,229.26101238250533,146452300,-0.0029548074290665083,237.14998931884764,239.19843627929689,64.49137115478516
2018-03-29,231.37118530273438,233.22638911794968,228.46091330484768,229.5863354656723,111601600,0.012777657143876242,236.99690856933594,238.92860626220704,64.49137115478516
2018-04-02,226.3771209716797,231.35360494123992,223.91525502005953,230.84363252390713,186286300,-0.021584642549677402,236.53370208740233,238.5671240234375,111.96229553222656
2018-04-03,229.27857971191406,229.75337511563475,225.82318539146522,227.60803509251616,119956900,0.012816925702475723,236.07939071655272,238.24143005371093,111.96229553222656
2018-04-04,231.73165893554688,232.43503767325393,225.6121780545231,225.7440582138208,123715300,0.010699120810653495,235.7175178527832,237.92486389160158,111.96229553222656
2018-04-05,233.56040954589844,234.43964609410827,232.39981086254068,233.48125464424993,82652600,0.007891673579483616,235.4514602661133,237.63436431884764,111.96229553222656
2018-04-06,228.3553924560547,233.0944650563523,226.84310402261673,231.60857948692498,179521200,-0.022285528185036374,234.86735458374022,237.24169067382812,111.96229553222656
2018-04-09,229.4808349609375,232.85710149682288,228.5488459770193,229.80614832654538,105442900,0.004928469140922154,234.13066177368165,236.86942291259766,111.96229553222656
2018-04-10,233.129638671875,233.91217232519995,231.22170978854876,232.35590597309297,103529000,0.01590025464025624,233.59173202514648,236.512685546875,111.96229553222656
2018-04-11,231.90756225585938,233.56053212718132,231.58224885543234,231.6525760100446,91140200,-0.005242046541047762,233.07051544189454,236.16478302001954,111.96229553222656
2018-04-12,233.8154754638672,234.75626543924633,233.05054361120307,233.22640173391812,68890500,0.008227041798243961,232.7068733215332,235.90618133544922,111.96229553222656
2018-04-13,233.129638671875,235.23102756207518,232.12732264458262,235.11672248173076,85079200,-0.002933239515611863,232.32207565307618,235.63141143798828,111.96229553222656
2018-04-16,235.04637145996094,235.81133004597996,233.93855129296216,234.75623511036522,63405300,0.00822174648837204,232.02005844116212,235.40058074951173,111.96229553222656
2018-04-17,237.56100463867188,238.15887925189176,236.29490143880682,236.8048470013346,64682000,0.010698455641291682,232.0068702697754,235.3274069213867,111.96229553222656
2018-04-18,237.73687744140625,238.5369594052971,237.27965708240498,238.00063777761414,57303900,0.0007403269025649806,231.9822509765625,235.45951873779296,111.96229553222656
2018-04-19,236.41806030273438,237.28849638506938,235.38934116091437,237.08626220650714,77655900,-0.0055473814280113665,231.91455154418946,235.47417755126952,111.96229553222656
2018-04-20,234.41334533691406,236.56748655112685,233.53410840575484,236.34767731833705,99953100,-0.008479533937691852,232.043798828125,235.47431365966796,111.96229553222656
2018-04-23,234.37820434570312,235.5388035799496,233.30553417444793,234.98487999850548,65558000,-0.00014991036948186487,232.4183547973633,235.64959289550782,111.96229553222656
2018-04-24,231.22169494628906,235.6178787870128,229.7269817075723,235.39806959497662,112885500,-0.013467589310302452,232.32471466064453,235.69396057128907,111.96229553222656
2018-04-25,231.79327392578125,232.2328924624285,229.34899593530997,231.16022215972177,103840900,0.0024719954571086333,232.4579216003418,235.68250579833983,111.96229553222656
2018-04-26,234.14956665039062,234.9760514475194,232.37351784814558,232.81313627929157,67731900,0.01016549222806118,232.7427947998047,235.7066165161133,111.96229553222656
2018-04-27,234.369384765625,235.0551884709674,233.4373958027797,234.7562511462982,57053600,0.0009387936026488131,232.89270477294923,235.67224578857423,111.96229553222656
2018-04-30,232.56695556640625,235.53878051205507,232.49660159003034,234.9848569848604,82182300,-0.0076905488360659024,233.20219650268555,235.5415768432617,111.96229553222656
2018-05-01,232.98019409179688,233.085698222423,230.4567617508169,232.00422721914586,74203400,0.0017768583003729965,233.38727722167968,235.41777069091796,123.26347351074219
2018-05-02,231.41513061523438,233.59562065125908,231.02826428648606,232.78673784182317,86368900,-0.006717581649648086,233.37145080566407,235.2926138305664,123.26347351074219
2018-05-03,230.90521240234375,231.55583918408507,227.76632993031865,230.58869996761013,136311500,-0.0022034782753183046,233.23869094848632,235.18090270996095,123.26347351074219
2018-05-04,233.8946075439453,234.57163717893877,229.61272782167768,229.93804120526443,91222100,0.01294641688899012,233.51565170288086,235.1228500366211,123.26347351074219
2018-05-07,234.6859130859375,235.65305216045982,233.9737065479549,234.65953705358106,55304900,0.0033831713792011886,233.77590560913086,235.00513580322266,123.26347351074219
2018-05-08,234.6859130859375,235.04637658408237,233.1296466803695,234.316621800768,67499200,0.0,233.85371932983398,234.83154846191405,123.26347351074219
2018-05-09,236.9542999267578,237.27961322534588,234.83533617693945,235.3540826303874,59666100,0.009665628460578501,234.1060562133789,234.76410522460938,123.26347351074219
2018-05-10,239.1700439453125,239.49538418096458,237.58742804599444,237.69293219499104,72063900,0.009350933995456279,234.37378463745117,234.78966674804687,123.26347351074219
2018-05-11,239.8997344970703,240.16349476929204,238.78308673625855,239.29305903878614,59871500,0.0030509278658854555,234.71228942871093,234.89900543212892,123.26347351074219
2018-05-14,240.0140838623047,240.9812229270874,239.46893447879592,240.3305962473945,54790600,0.0004766548219576894,234.96067504882814,234.98646209716796,123.26347351074219
2018-05-15,238.3611297607422,238.80952233537226,237.42033983484427,238.79194725689806,87036100,-0.0068869046139425905,235.00068130493165,234.9863885498047,123.26347351074219
2018-05-16,239.36341857910156,239.82063888909622,238.36987669890897,238.39627956188048,53942600,0.004204917216852566,235.0820083618164,234.99427459716796,123.26347351074219
2018-05-17,239.16123962402344,240.23390972369216,238.38750685282884,239.0996866008191,56536400,-0.0008446526886952688,235.21916732788085,234.9998681640625,123.26347351074219
2018-05-18,238.5634307861328,239.1789075928479,238.21174125323478,238.8184171011652,64368000,-0.002499605867700039,235.4266716003418,234.97038665771484,123.26347351074219
2018-05-21,240.35699462890625,240.89334310753037,239.65361581962856,240.04048221438578,58025900,0.007518184312084841,235.72561111450196,234.8932327270508,123.26347351074219
2018-05-22,239.68873596191406,241.13069722219612,239.36342263255682,240.87571103208705,52966400,-0.0027802755148603753,236.1489631652832,234.8088427734375,123.26347351074219
2018-05-23,240.34815979003906,240.3745626530419,238.26437285833137,238.42265587545916,64694200,0.0027511673649518453,236.5767074584961,234.7691680908203,123.26347351074219
2018-05-24,239.8558807373047,240.22517214177196,238.07983137647537,239.95261077531273,76043800,-0.00204819147841373,236.8620231628418,234.74451934814454,123.26347351074219
2018-05-25,239.28428649902344,239.90853710552315,238.7831150901173,239.28428649902344,56374800,-0.002383073687933779,237.1077682495117,234.71369323730468,123.26347351074219
2018-05-29,236.53228759765625,238.4226682898626,235.4244674131459,237.66651064654422,115908600,-0.011500959555814427,237.30603485107423,234.62260467529296,123.26347351074219
2018-05-30,239.68873596191406,240.1283543707057,237.76323201701084,237.83355915625907,69678400,0.013344682860493728,237.64146194458007,234.65988403320313,123.26347351074219
2018-05-31,238.220458984375,239.58326551029967,237.62258430411012,239.28432817016724,93519900,-0.006125765450122667,237.98172836303712,234.65970794677733,123.26347351074219
2018-06-01,240.5592041015625,240.85814140644496,239.44255614536561,239.51291011838438,71258400,0.009817566161858915,238.46442794799805,234.7154510498047,125.66661834716797
2018-06-04,241.7022247314453,241.9572109520894,241.13952705354075,241.37691136313123,45385200,0.004751514847048721,238.85480880737305,234.91292755126952,125.66661834716797
2018-06-05,241.8780975341797,242.2561629942454,241.06918770986454,241.83411958605708,51135000,0.0007276424655577873,239.21441802978515,235.21274780273438,125.66661834716797
2018-06-06,243.90025329589844,244.00575740592097,241.86921868144145,242.48469509947213,62732200,0.008360226834647655,239.6751350402832,235.42886291503908,125.66661834716797
2018-06-07,243.87388610839844,244.67399474797108,242.96827335497892,244.3838584348922,72969400,-0.00010810643754444182,240.02111434936523,235.7237579345703,125.66661834716797
2018-06-08,244.59495544433594,244.64770752040704,243.24972384015265,243.4167810251062,72139700,0.0029567304127715577,240.2923599243164,236.0466149902344,125.66661834716797
2018-06-11,244.9202117919922,245.6323914852019,244.7004025821823,244.81470766443206,58892500,0.0013297753711452032,240.5433837890625,236.31759552001952,125.66661834716797
2018-06-12,245.2367706298828,245.59723415049666,244.59491802629464,245.33347381049114,72329000,0.001292497812142468,240.8045181274414,236.6947885131836,125.66661834716797
2018-06-13,244.45423889160156,245.7291431537662,244.25200474116306,245.47415693489702,79070600,-0.0031909233524456404,241.1091735839844,236.99830169677733,125.66661834716797
2018-06-14,245.0697021484375,245.59722280407743,244.48060164006642,245.31588739846273,77097600,0.002517703352687084,241.39448776245118,237.26506256103517,125.66661834716797
2018-06-15,244.7570343017578,245.09264887433613,243.1849662665204,244.28894738544173,120041600,-0.001275832320105863,241.67427749633788,237.48899505615233,125.66661834716797
2018-06-18,244.25367736816406,244.37733622363186,242.8317622463117,243.30866281053295,52917600,-0.00205655757772083,241.95878982543945,237.80696075439454,125.66661834716797
2018-06-19,243.31748962402344,243.5382858940997,241.57761393771582,241.99271200356594,97531500,-0.0038328501508270163,242.1068145751953,238.08369384765626,125.66661834716797
2018-06-20,243.7325439453125,244.39493263665724,243.3969293626048,243.99748864078447,53785500,0.0017058137576975163,242.30900497436522,238.295751953125,125.66661834716797
2018-06-21,242.20460510253906,243.74136507228985,241.71002374180586,243.72368412555193,71061400,-0.006268915993082436,242.40182723999024,238.5016928100586,125.66661834716797
2018-06-22,242.64620971679688,243.57357002925116,242.42541349278358,243.458751680338,54898500,0.0018232709244767609,242.54134368896484,238.6783074951172,125.66661834716797
2018-06-25,239.34303283691406,241.65697223678697,237.66498744371776,241.49800547328175,137854200,-0.013613140233008747,242.54428100585938,238.80257537841797,125.66661834716797
2018-06-26,239.873046875,240.72089691229266,239.15766919468012,239.90838182108166,68547400,0.002214453589075571,242.71131896972656,238.89910888671875,125.66661834716797
2018-06-27,237.8858642578125,241.8778504044173,237.73571096182008,240.4559356165198,105110700,-0.00828430973415295,242.62117538452148,238.90560607910157,125.66661834716797
2018-06-28,239.2459716796875,240.00549776015927,237.12630634708913,237.8328704421767,76650500,0.005717478952011135,242.6724510192871,238.9357879638672,125.66661834716797
2018-06-29,239.59048461914062,241.69246974828712,239.47566622848868,240.33235696719106,97592500,0.0014399947344332364,242.624015045166,238.99923645019533,125.66661834716797
2018-07-02,240.10267639160156,240.2616701857131,237.78873585726308,238.0272130720959,63554800,0.0021377801095696647,242.54403762817384,239.11302307128906,103.96858978271484
2018-07-03,239.25479125976562,241.09183100084982,238.83087974464235,240.99466664352408,42187100,-0.0035313439424268234,242.41287231445312,239.2105548095703,103.96858978271484
2018-07-05,241.20668029785156,241.26850972620292,239.30783764014325,240.37651106391488,56925900,0.008158202507914325,242.27819366455077,239.41025451660155,103.96858978271484
2018-07-06,243.24685668945312,243.61777934495436,240.85340561738371,241.233195701577,66493700,0.008458208491913588,242.24684219360353,239.639326171875,103.96858978271484
2018-07-09,245.43714904785156,245.49013800090842,244.20069522207166,244.2448436987284,50550400,0.009004401488298397,242.2889518737793,239.86507781982422,103.96858978271484
2018-07-10,246.3202362060547,246.41740054978425,245.59601819883872,245.8874842773662,51966800,0.0035980175031733452,242.35895309448242,240.10409484863283,103.96858978271484
2018-07-11,244.51864624023438,245.5608252803218,244.2183665007766,244.7747774999119,77054700,-0.007314015257411599,242.323046875,240.34312866210936,103.96858978271484
2018-07-12,246.7353973388672,246.7883862844151,245.1721695398669,245.7727288911889,60124700,0.009065775280200583,242.43710479736328,240.61823272705078,103.96858978271484
2018-07-13,246.92970275878906,247.22998243887085,246.10834713803578,246.5587801344927,48216000,0.0007875052465819987,242.53010482788085,240.92852416992187,103.96858978271484
2018-07-16,246.70892333984375,247.11518094031493,246.26733078851893,246.97389504224088,48201000,-0.0008940982655334384,242.62769927978516,241.24459838867188,103.96858978271484
2018-07-17,247.70687866210938,248.0954821879413,245.8875198605622,245.94050880020612,52315500,0.004045071855349747,242.80035934448242,241.52084381103515,103.96858978271484
2018-07-18,248.22801208496094,248.3339899888181,247.3448269492562,247.78641951710858,44593500,0.002103831050902727,243.0458854675293,241.79168579101562,103.96858978271484
2018-07-19,247.2917938232422,247.9453420820646,246.8148663884079,247.56557901019033,61412100,-0.0037716060079404645,243.22384796142578,242.0438034057617,103.96858978271484
2018-07-20,247.0092010498047,247.71576529783255,246.85023420124972,247.08868447408216,82337700,-0.0011427503075152057,243.46407775878907,242.24490142822265,103.96858978271484
2018-07-23,247.46847534179688,247.67159066471092,246.4616313923837,246.80608651802618,47047600,0.0018593408263345435,243.70519104003907,242.41087005615233,103.96858978271484
2018-07-24,248.71371459960938,249.55275112962,247.848210550406,248.8727083834363,68026900,0.005031910654852645,244.17372512817383,242.58714965820312,103.96858978271484
2018-07-25,250.83338928222656,251.1513229561097,248.4222844446066,248.46643291508985,78882900,0.008522548449045209,244.72174224853515,242.80353576660156,103.96858978271484
2018-07-26,250.2416534423828,250.9216962404491,250.0208571758155,250.11802154849315,57919500,-0.002359079233976935,245.33953170776368,243.04114624023438,103.96858978271484
2018-07-27,248.5459747314453,250.66561368350727,247.62745463623887,250.56844930241573,76768700,-0.0067761649094438825,245.80453186035157,243.22479736328125,103.96858978271484
2018-07-30,247.24766540527344,248.7843987666531,246.72656250768478,248.6254319263729,63742500,-0.0052236183972591554,246.1873908996582,243.38652587890624,103.96858978271484
2018-07-31,248.4665069580078,249.07590696721965,247.62749710012386,248.00726030798742,68570500,0.004929638266701231,246.6055824279785,243.58458740234374,103.96858978271484
2018-08-01,248.05136108398438,249.1730234416017,247.40665319292788,248.66960145208864,53853300,-0.0016708323351347643,247.04541091918946,243.7384747314453,110.02842712402344
2018-08-02,249.40264892578125,249.57042929536425,246.54995140015342,246.75309367253044,63426400,0.005447613090658887,247.45520935058593,243.93275299072266,110.02842712402344
2018-08-03,250.47129821777344,250.52428716723554,249.34963589792847,249.52628369791557,53935400,0.004284835372017959,247.81643142700196,244.13521575927734,110.02842712402344
2018-08-06,251.3898162841797,251.69890950271906,250.1180276017592,250.506631196536,39400900,0.0036671589636894097,248.11406478881835,244.36589447021484,110.02842712402344
2018-08-07,252.22006225585938,252.59985244319842,251.9197824689639,252.0522818345844,43196600,0.0033026237257802737,248.4090560913086,244.62460998535155,110.02842712402344
2018-08-08,252.11395263671875,252.51139662062386,251.6547061941744,252.0521501780795,42114600,-0.0004207025333019532,248.7888214111328,244.93624328613282,110.02842712402344
2018-08-09,251.76959228515625,252.5644535141711,251.63711990576564,252.17584989951115,35717000,-0.001365891684934617,249.04053115844727,245.17786041259765,110.02842712402344
2018-08-10,250.08267211914062,250.877533242226,249.37610793543428,250.3388033202759,77076000,-0.006700253794370115,249.19817962646485,245.41510467529298,110.02842712402344
2018-08-13,249.146484375,250.96584324930072,248.85501824263818,250.35644346636187,65732900,-0.003743513039938362,249.32005767822267,245.58685028076172,110.02842712402344
2018-08-14,250.7361602783203,250.9746374249259,249.48205295106467,249.87065642074813,43842000,0.006380486994661538,249.4715217590332,245.7675289916992,110.02842712402344
2018-08-15,248.8638458251953,249.53507498964103,247.43309056638404,249.39376216803853,102925400,-0.007467269384067721,249.50331344604493,245.90724395751954,110.02842712402344
2018-08-16,250.87747192382812,251.74300273006867,250.25923178327614,250.29456672199197,69967900,0.008091276143209702,249.6825973510742,246.04678833007813,110.02842712402344
2018-08-17,251.76075744628906,252.20235002259318,250.2681723821674,250.67443000561906,65618500,0.00352078453153859,249.92017517089843,246.20452575683595,110.02842712402344
2018-08-20,252.29945373535156,252.5643984363551,251.7606969064238,252.21112985079523,39807500,0.0021397150792152875,250.16172409057617,246.35861572265625,110.02842712402344
2018-08-21,252.89120483398438,253.747895413475,252.33479393818433,252.81172141353707,67272000,0.002345431549184207,250.37059860229493,246.5180355834961,110.02842712402344
2018-08-22,252.7410125732422,253.2620883843199,252.2199098095026,252.48488142791183,44993300,-0.0005939006887992759,250.4659797668457,246.66812042236327,110.02842712402344
2018-08-23,252.40550231933594,253.42115989457508,252.08754163639944,252.5644691844677,49204900,-0.00132748638810265,250.57417221069335,246.82714569091797,110.02842712402344
2018-08-24,253.92445373535156,254.06576652835622,252.92645066470942,252.97943959300378,57487400,0.006017901361333511,250.84309616088868,247.00424072265625,110.02842712402344
2018-08-27,255.92929077148438,256.035268635268,254.95778209903293,255.1167488947083,57072400,0.00789540749872919,251.2771774291992,247.22768585205077,110.02842712402344
2018-08-28,256.0530090332031,256.4946015366076,255.59373557995536,256.38859669554984,46943500,0.0004834079809536984,251.656502532959,247.46367248535157,110.02842712402344
2018-08-29,257.4308166503906,257.6604264610613,256.0265554993455,256.2650057863514,61485500,0.005380946790626506,252.1254753112793,247.7459390258789,110.02842712402344
2018-08-30,256.3885192871094,257.3246929554652,255.796800604692,256.9537704580876,61229500,-0.004048844566642451,252.4747688293457,247.99905853271486,110.02842712402344
2018-08-31,256.3974304199219,256.8390229116999,255.49659143965482,255.9823323995439,66140800,3.475636443184271e-05,252.7710754394531,248.2829150390625,110.02842712402344
2018-09-04,255.95574951171875,256.309017992576,254.95774651262036,255.98224397396663,57594400,-0.0017226417108773262,252.99937210083007,248.54910583496093,112.74168395996094
2018-09-05,255.26690673828125,255.80566349237063,254.26009006165867,255.602521281376,72452400,-0.002691257276898784,253.15171432495117,248.86758331298827,112.74168395996094
2018-09-06,254.49862670898438,255.67325105615745,253.47412873830004,255.37297135050923,65909900,-0.0030097126145872677,253.27094802856445,249.16009490966798,112.74168395996094
2018-09-07,254.00401306152344,254.97552195844804,253.21796546907208,253.45644267034794,73524800,-0.0019434825792852273,253.3826690673828,249.48245788574218,112.74168395996094
2018-09-10,254.44558715820312,255.27578315982285,254.2512853928737,255.01081150564704,50210900,0.0017384532289761445,253.60081481933594,249.7864501953125,112.74168395996094
2018-09-11,255.2845916748047,255.72618413710512,253.45641936490634,253.8008474701149,50530500,0.0032973828549045514,253.90772018432617,250.1003323364258,112.74168395996094
2018-09-12,255.3463897705078,255.94694897693955,254.56036929940245,255.29340083774392,59810800,0.00024207530622089024,254.13823165893555,250.4052066040039,112.74168395996094
2018-09-13,256.856689453125,257.0421777146509,256.1236577401461,256.4062834173273,51034200,0.005914709363913806,254.53787384033203,250.75724456787108,112.74168395996094
2018-09-14,256.9009094238281,257.24533762857527,256.1237021531427,257.0598762875576,55079900,0.00017215814311577482,254.83904571533202,251.07112915039062,112.74168395996094
2018-09-17,255.54066467285156,256.88309574966524,255.26687956476889,256.84778776663825,68244000,-0.0052948226381420715,255.02804107666014,251.3170053100586,112.74168395996094
2018-09-18,256.9273681640625,257.519087058753,255.7262224711646,255.7527169447676,61930400,0.00542654725026348,255.2594367980957,251.54680969238282,112.74168395996094
2018-09-19,257.2010803222656,257.616178259258,256.8566253105935,256.9802841207306,49080600,0.0010653289299578095,255.47493057250978,251.76442657470704,112.74168395996094
2018-09-20,259.285400390625,259.6033609568986,257.2187510441675,258.45523141530987,100360600,0.008103854251886533,255.8021499633789,252.05976165771483,112.74168395996094
2018-09-21,259.0485534667969,260.1397982950898,258.8888670259763,260.0244601740495,105479700,-0.0009134603162048727,256.13430252075193,252.30602478027345,112.74168395996094
2018-09-24,258.1879577636719,258.61381530247604,257.61129429371255,258.4718627895413,53409600,-0.003322140547043495,256.347477722168,252.5311898803711,112.74168395996094
2018-09-25,257.948486328125,258.7469457031988,257.7089566380067,258.6404880631462,44370000,-0.0009275081518947959,256.4484375,252.75598114013673,112.74168395996094
2018-09-26,257.17657470703125,259.27031328454706,256.75959767511273,258.09037198021355,79739700,-0.0029925030074099412,256.5046157836914,252.94537506103515,112.74168395996094
2018-09-27,257.8952331542969,258.97759751708634,257.3717984236816,257.64682299273915,59249500,0.002794416435806024,256.52783660888673,253.13871948242186,112.74168395996094
2018-09-28,257.92181396484375,258.4186342232433,257.23869287821276,257.2741607004745,70091400,0.00010306825070705017,256.60450134277346,253.3513198852539,112.74168395996094
2018-10-01,258.8178405761719,259.8824436608705,258.1524534952341,259.1549472877912,62078900,0.003474024153111266,256.72552185058595,253.58749267578125,75.05390930175781
2018-10-02,258.66705322265625,259.37678873765856,258.2944515534161,258.66705322265625,47258200,-0.0005826003075365405,256.8610870361328,253.81146423339842,75.05390930175781
2018-10-03,258.8090515136719,260.1309456508911,258.45418369340865,259.713968516545,64694600,0.0005489616448886014,257.03819427490237,254.01337097167968,75.05390930175781
2018-10-04,256.7862548828125,258.38317348526033,255.20707019384005,258.3299446701572,111545900,-0.007815787813559183,257.15257568359374,254.1324282836914,75.05390930175781
2018-10-05,255.3489990234375,257.52258097086235,253.92950091153634,257.00802678106885,105951700,-0.005597090311671549,257.21982498168944,254.2345751953125,75.05390930175781
2018-10-08,255.3489990234375,255.70386678274414,253.29072811491454,254.66585083523077,87742200,0.0,257.2649955749512,254.37063568115235,75.05390930175781
2018-10-09,254.9763946533203,256.2716742822216,254.41746501850835,254.96754123389658,74339000,-0.0014591965174807209,257.249585723877,254.52521026611328,75.05390930175781
2018-10-10,246.90301513671875,254.541674754797,246.53041344296443,254.47068495382157,214731000,-0.03166324289579259,256.8274169921875,254.4939404296875,75.05390930175781
2018-10-11,241.46466064453125,247.43538618319357,239.85883416252622,245.82070628007585,274840500,-0.02202627816908631,256.0578155517578,254.36220642089845,75.05390930175781
2018-10-12,244.81817626953125,245.82955087923344,241.64204575248766,245.54564580207276,183186500,0.013888225366182283,255.45367889404298,254.27051696777343,75.05390930175781
2018-10-15,243.44297790527344,245.78515371440125,243.35425420195685,244.46323280673184,102263700,-0.005617223301033758,254.84879455566406,254.12995056152343,75.05390930175781
2018-10-16,248.76611328125,249.13874206234044,244.9246227192346,245.39482863663616,118255800,0.02186604609333953,254.44073181152345,254.07747650146484,75.05390930175781
2018-10-17,248.81048583984375,249.43149770167693,246.2465139465882,248.80160534585232,110626000,0.00017837059078695816,254.02120208740234,254.00928497314453,75.05390930175781
2018-10-18,245.2174072265625,248.47338116689744,243.94874187181802,247.87895656782334,134557500,-0.014441025671217411,253.31780242919922,253.8713540649414,75.05390930175781
2018-10-19,245.08432006835938,247.79021756865455,244.39231836527114,245.86504549229036,139901600,-0.0005427312836733256,252.61959075927734,253.73764862060546,75.05390930175781
2018-10-22,243.98419189453125,246.06905016858272,243.45187670926651,245.7496773022289,82415800,-0.004488774204409629,251.9094024658203,253.6156790161133,75.05390930175781
2018-10-23,242.74217224121094,243.86003169052873,238.30625642605327,240.38228885326677,146352700,-0.005090574285473437,251.14908676147462,253.4875927734375,75.05390930175781
2018-10-24,235.38742065429688,242.8752479954551,234.83737147811587,242.49373869531894,177806700,-0.030298614859579076,250.05962905883788,253.18061798095704,75.05390930175781
2018-10-25,239.61033630371094,241.14517240728236,236.1947039326662,237.21495881264082,138061500,0.01794027751217886,249.1453842163086,252.99554779052735,75.05390930175781
2018-10-26,235.39622497558594,240.42656388937482,232.69920847590527,235.919686707921,201574600,-0.017587352002976786,248.01910476684571,252.6859228515625,75.05390930175781
2018-10-29,234.0920867919922,239.7611989981916,230.5345014729558,238.47477285454744,160749100,-0.005540183083772909,246.7828170776367,252.33254943847658,75.05390930175781
2018-10-30,237.5609893798828,237.87150885425123,233.43559371949442,233.92356062912407,157116000,0.014818538445398266,245.72751388549804,252.0377801513672,75.05390930175781
2018-10-31,240.0983428955078,242.40502414189297,239.64587089544221,240.11607680886604,128296300,0.010680850935367747,244.79197845458984,251.78192291259765,75.05390930175781
2018-11-01,242.6534423828125,242.84862373496037,239.87655513053133,240.95891952431904,99495000,0.010641887222089919,244.08533782958983,251.58017150878905,92.0164794921875
2018-11-02,241.2161865234375,244.17937434285767,239.1756494830406,243.75351677776416,122634100,-0.0059230804445278284,243.37869720458986,251.3563851928711,92.0164794921875
2018-11-05,242.54696655273438,243.09701566533533,240.73710570266368,241.70413189653885,65622500,0.005516959904212637,242.73859558105468,251.12883544921874,92.0164794921875
2018-11-06,244.0817413330078,244.24142774806884,242.42271373563915,242.48482303305352,60085900,0.006327742630991562,242.19386291503906,250.8918844604492,92.0164794921875
2018-11-07,249.30731201171875,249.38715523548547,245.82066212583987,246.24651972727324,102752100,0.021409101107573436,242.31407775878907,250.75697052001954,92.0164794921875
2018-11-08,248.8547821044922,249.49355482068842,247.71918917288457,248.5087678073283,65584900,-0.00181514895642243,242.6835838317871,250.58544982910155,92.0164794921875
2018-11-09,246.42393493652344,247.73694832187834,245.02217077013105,247.55064749078656,98812600,-0.009768135245028398,242.7638717651367,250.38615814208984,92.0164794921875
2018-11-12,241.81944274902344,246.15775292916524,241.30486151968046,245.91822329978518,99673600,-0.018685247391598048,242.6826950073242,250.09459838867187,92.0164794921875
2018-11-13,241.36700439453125,244.26808305260565,240.64838833175432,242.280801799956,98176600,-0.0018709759205001175,242.31273956298827,249.80282348632812,92.0164794921875
2018-11-14,239.7168731689453,243.62932663010966,238.1643028170083,243.23011049870425,125335900,-0.006836606477033991,241.85805892944336,249.4918228149414,92.0164794921875
2018-11-15,242.21871948242188,242.68007202082123,236.88676747833273,238.45707181369804,135101400,0.010436671730293057,241.70812454223633,249.24622467041016,92.0164794921875
2018-11-16,242.84860229492188,243.75351917061937,240.61288389957744,241.12746518011798,126668000,0.0026004712346177072,241.59633865356446,249.02311645507814,92.0164794921875
2018-11-19,238.74093627929688,242.53807820671295,237.82713892753733,242.2452926725976,103061700,-0.01691451372092534,241.33417587280275,248.7090234375,92.0164794921875
2018-11-20,234.32275390625,236.8778451067653,233.46218537100248,235.4228520885428,136021300,-0.018506178462323497,240.9132049560547,248.28978668212892,92.0164794921875
2018-11-21,235.1212615966797,237.01096598131056,235.11240817622902,235.86649217131097,75563700,0.0034077257847062725,240.89989700317383,247.88528411865235,92.0164794921875
2018-11-23,233.55093383789062,234.94381770001263,233.3912473895993,233.4888245275515,42807900,-0.006678799476173114,240.5969268798828,247.41916900634766,92.0164794921875
2018-11-26,237.32147216796875,237.54326793635002,235.40515348019304,235.7955161985184,79981400,0.01614439415042246,240.69318923950195,247.02758026123047,92.0164794921875
2018-11-27,238.11990356445312,238.11990356445312,235.6890308922706,236.2923088135213,75502400,0.003364345371662303,240.894580078125,246.6791650390625,92.0164794921875
2018-11-28,243.60269165039062,243.60269165039062,238.05779800456682,239.18453772119085,127629600,0.023025324653104695,241.1966651916504,246.41267150878906,92.0164794921875
2018-11-29,243.0703887939453,244.4632454166376,241.69523900828753,242.8308320751664,82346400,-0.0021851271545441087,241.34526748657225,246.13005767822267,92.0164794921875
2018-11-30,244.5519561767578,245.11088572475035,242.60017007981762,242.9195429217145,98204200,0.006095219537697094,241.44019317626953,245.8353887939453,92.0164794921875
2018-12-03,247.7900848388672,248.7659910960327,246.20204750753732,248.65953351791717,103176300,0.013241066286008074,241.768888092041,245.61021942138672,80.40758514404297
2018-12-04,239.76126098632812,247.39104195901646,239.45074144985517,246.9651842740236,177986000,-0.032401715580185675,241.6296028137207,245.24168548583984,80.40758514404297
2018-12-06,239.3975067138672,239.51284485953988,232.83235657838506,235.9197638003323,204185400,-0.0015171519826202573,241.39539108276367,244.8706658935547,80.40758514404297
2018-12-07,233.83477783203125,240.6217208585205,233.0008238314252,239.06027046169717,161018900,-0.02323636932645512,240.62176437377929,244.4038299560547,80.40758514404297
2018-12-10,234.27842712402344,235.24545336906925,229.44326882411715,233.65738817873518,151445900,0.0018972767699716453,239.89294662475587,243.93149383544923,80.40758514404297
2018-12-11,234.33164978027344,237.64970553153896,232.86780324734315,237.46340468272,121504400,0.0002271769402899526,239.28833236694337,243.4596905517578,80.40758514404297
2018-12-12,235.51158142089844,238.65221668607788,235.43173820331026,237.2948278377277,97976700,0.005035306334980394,238.97293930053712,242.99356536865236,80.40758514404297
2018-12-13,235.43173217773438,237.3125556763646,234.32275350404444,236.45198714259422,96662700,-0.0003390459300656179,238.67617568969726,242.52885894775392,80.40758514404297
2018-12-14,231.0845184326172,234.2428872182489,230.53446939658846,233.29359506914284,116961100,-0.018464859026884883,238.24455795288085,241.9743682861328,80.40758514404297
2018-12-17,226.5510711669922,231.24426368960766,224.92752451100824,230.13528484295244,165492300,-0.019618134942029575,237.46117553710937,241.3696646118164,80.40758514404297
2018-12-18,226.30262756347656,228.84885182471092,224.7056955526917,228.18346461499536,134515100,-0.0010966339829507898,236.6338768005371,240.78873718261718,80.40758514404297
2018-12-19,222.91363525390625,230.13530561361702,221.21912571165856,226.38252464828682,214992800,-0.014975488115442803,235.84251174926757,240.14002990722656,80.40758514404297
2018-12-20,219.28501892089844,223.23298053526167,217.0493139863957,221.67154333984448,252053400,-0.01627812640924675,235.090625,239.42620239257812,80.40758514404297
2018-12-21,214.79200744628906,222.83221562745248,214.14950429082847,220.18189351527593,255345600,-0.02048936811424462,234.07416229248048,238.78398223876954,80.40758514404297
2018-12-24,209.11654663085938,214.91691180258488,209.05408824030314,213.31065410867478,147311600,-0.026423054018194336,232.8524429321289,238.1370199584961,80.40758514404297
2018-12-26,219.68214416503906,219.68214416503906,208.59898586844616,210.5711161307168,218485400,0.05052492356250737,231.97047653198243,237.63429931640624,80.40758514404297
2018-12-27,221.36868286132812,221.56499036001438,213.23924852248155,216.46068221719528,186267300,0.007677176962648469,231.13291549682617,237.19281341552735,80.40758514404297
2018-12-28,221.08314514160156,224.34026776675762,219.92306940648027,222.7161726307013,153100200,-0.001289874050998563,230.0069381713867,236.63915405273437,80.40758514404297
2018-12-31,223.0195770263672,223.26051908414857,220.8332882654994,222.69832548812266,144299400,0.008758839953743935,229.0043975830078,236.12333587646484,80.40758514404297
2019-01-02,223.2515869140625,224.1707342291096,219.47689154888744,219.50366137573045,126925200,0.0010403117555364272,227.93937911987305,235.68401947021485,90.607666015625
2019-01-03,217.92420959472656,221.8149170216202,217.44232542908554,221.5115029254637,144140700,-0.023862662715972704,226.44608535766602,235.14081726074218,90.607666015625
2019-01-04,225.22369384765625,225.866196858448,220.56555382761132,220.94034498117475,142628800,0.03349551785230531,225.7192070007324,234.76560729980469,90.607666015625
2019-01-07,226.99952697753906,228.40053118136873,224.59906597413217,225.49142984951663,103139100,0.007884752707608023,225.09930801391602,234.45075439453126,90.607666015625
2019-01-08,229.13226318359375,229.6141473029635,226.6604250449765,229.17689771717087,102512600,0.00939533326104991,224.86418228149415,234.3256512451172,90.607666015625
2019-01-09,230.20314025878906,231.04196459045048,228.61473344128325,229.83726775389098,95006600,0.004673619770155568,224.66041793823243,234.13750732421875,90.607666015625
2019-01-10,231.01515197753906,231.26501275988133,227.998957883904,228.67716310716855,96823900,0.0035273702949367713,224.4945930480957,234.04988586425782,90.607666015625
2019-01-11,231.1044158935547,231.1311857216218,229.36429537083583,229.94432646748032,73858100,0.0003863985338257159,224.27423477172852,233.99013244628907,90.607666015625
2019-01-14,229.6943817138672,230.49750349514574,228.81095047773832,229.21249775198987,70908200,-0.006101286183717747,223.98736724853515,233.83280029296876,90.607666015625
2019-01-15,232.32693481445312,232.6392676098816,230.06032300031862,230.06925535334858,85208300,0.011461112287305841,224.04948806762695,233.67737213134765,90.607666015625
2019-01-16,232.88909912109375,233.77253051091907,232.54999654199065,232.75522277360974,77636700,0.0024197121486992934,224.36638946533202,233.48208526611327,90.607666015625
2019-01-17,234.6559600830078,235.5126488760363,231.97886887854872,232.02350340495772,96118400,0.007586705296993568,224.7840560913086,233.3508807373047,90.607666015625
2019-01-18,237.77931213378906,238.24335885900862,234.69174021094764,236.45863079656797,127900300,0.013310346132595186,225.52733993530273,233.25552764892578,90.607666015625
2019-01-22,234.5666961669922,236.52990709177476,232.9604524887355,236.31574853008118,115531200,-0.013510914544951125,226.29142379760742,233.06522674560546,90.607666015625
2019-01-23,235.0575714111328,236.2890379149848,232.60357075666337,235.5929951823012,86030300,0.0020926894233577187,227.3047019958496,232.78023193359374,90.607666015625
2019-01-24,235.1824951171875,235.76255343882323,233.8707190939541,234.87909465890846,59204100,0.000531460038937448,228.607999420166,232.50678619384766,90.607666015625
2019-01-25,237.17237854003906,237.9933649722263,235.28057220868996,237.02066475711823,96883400,0.008461018418314037,229.482511138916,232.32175506591796,90.607666015625
2019-01-28,235.36988830566406,235.43233307573223,233.6119305026941,235.0397180517145,85613700,-0.007599916337098667,230.1825714111328,232.1927639770508,90.607666015625
2019-01-29,235.0575714111328,236.0748520668469,234.22767954385318,235.51268570154357,66136300,-0.0013269195001089917,230.88129272460938,232.0665753173828,90.607666015625
2019-01-30,238.7787322998047,239.61755658630298,235.8071723468849,236.56568714630822,92473700,0.015830848869629932,231.66925048828125,232.0478125,90.607666015625
2019-01-31,240.8757781982422,241.3576623238347,238.50208698383028,238.7162728356407,104012100,0.008782381404908834,232.55046005249022,232.02095367431642,90.607666015625
2019-02-01,240.99169921875,242.00900674205917,240.2064149339726,241.07200867067843,85782500,0.0004812481411575753,233.7038345336914,231.98381561279297,87.42410278320312
2019-02-04,242.6873321533203,242.74980417596944,240.36718005495996,241.0364531275952,60744800,0.0070360636489441575,234.5770164489746,232.06274353027345,87.42410278320312
2019-02-05,243.70455932617188,244.00795975036206,242.6158744004156,243.1155959499973,79552800,0.004191513268640312,235.41226806640626,232.2503796386719,87.42410278320312
2019-02-06,243.38327026367188,243.91869393779575,242.65155271624124,243.42790478897015,58347800,-0.0013183547463713197,236.12481842041015,232.41561981201173,87.42410278320312
2019-02-07,241.0631103515625,242.32131903336483,239.41223228352345,241.77699032179683,95482000,-0.009532947394435998,236.66781692504884,232.56586334228516,87.42410278320312
2019-02-08,241.35763549804688,241.45578244326347,239.00178201946778,239.8227686891252,75788900,0.0012217760986110715,237.18494110107423,232.6465866088867,87.42410278320312
2019-02-11,241.49147033691406,242.26782243146113,240.9649789996095,242.00905655513216,68021400,0.000554508410687049,237.70429382324218,232.71401794433595,87.42410278320312
2019-02-12,244.59695434570312,244.9717319393332,243.0263851421111,243.0977895056119,72270200,0.012859601229213036,238.44942245483398,232.7339031982422,87.42410278320312
2019-02-13,245.39108276367188,246.22990681214208,245.00737291226793,245.426784936503,65277200,0.0032466815463547682,239.1026298522949,232.7803170776367,87.42410278320312
2019-02-14,244.84677124023438,245.97115828504187,243.49929325687182,244.31134754114603,83234400,-0.002218138969465766,239.70051345825195,232.78621337890624,87.42410278320312
2019-02-15,247.5149688720703,247.55067105300293,246.4084463582226,246.61367262481926,97088700,0.010897418080379806,240.34346389770508,232.7807110595703,87.42410278320312
2019-02-19,247.9432830810547,248.5946912150516,246.7118167006475,246.72074905298658,59120800,0.0017304578019512462,240.85166244506837,232.94435150146484,87.42410278320312
2019-02-20,248.44300842285156,248.8981226746034,247.4078631485972,247.90758469716386,76610800,0.002015482474810648,241.54547805786132,233.12526153564454,87.42410278320312
2019-02-21,247.5596160888672,248.16641703188387,246.60478013769355,247.8094769026262,64214700,-0.0035557142042043077,242.17058029174805,233.39975830078126,87.42410278320312
2019-02-22,249.09442138671875,249.29071526126756,247.541689998657,248.17526061344304,78114600,0.006199740176122237,242.8661766052246,233.69607818603515,87.42410278320312
2019-02-25,249.4335174560547,251.03085626968215,249.35320798266986,250.51329725249707,69030700,0.0013613153897553687,243.4792335510254,233.99811553955078,87.42410278320312
2019-02-26,249.2550048828125,250.12950377339791,248.88020019200758,249.08545362182642,56844100,-0.0007156719556490332,244.17348937988282,234.27298400878905,87.42410278320312
2019-02-27,249.14796447753906,249.4959721714288,247.6130977715903,248.54113644381616,56921600,-0.0004294413479229986,244.8780090332031,234.54730865478516,87.42410278320312
2019-02-28,248.6839141845703,249.37105167582394,248.36267631809804,248.9337749360863,69268300,-0.0018625490035283354,245.3732681274414,234.89929656982423,87.42410278320312
2019-03-01,250.23670959472656,250.64718938450127,248.8089218352826,250.25454706983453,78880500,0.006244052476203965,245.84131469726563,235.3730093383789,96.80016326904297
2019-03-04,249.32640075683594,251.53054008280552,247.04195196952872,251.2896116987926,106494600,-0.003637790951475206,246.25804977416993,235.8334848022461,96.80016326904297
2019-03-05,248.9873504638672,249.64771822808515,248.44302158963777,249.45139709268793,59114600,-0.001359865188522158,246.57305068969725,236.3549591064453,96.80016326904297
2019-03-06,247.47930908203125,249.11235053780916,247.15807109696712,249.10341818284977,75039800,-0.006056698780184777,246.76178817749025,236.91884490966797,96.80016326904297
2019-03-07,245.40896606445312,247.17582887820254,244.57014195241382,247.0330474088362,94885100,-0.008365721664803427,246.8630729675293,237.53118408203125,96.80016326904297
2019-03-08,244.91815185546875,245.0877031498142,243.09774937846666,243.56176873348625,85795800,-0.001999984828816248,247.05582504272462,238.24721618652345,96.80016326904297
2019-03-11,248.46978759765625,248.63040655157224,245.60530732168948,245.63207714734213,65098900,0.014501316930904284,247.41143264770508,238.82296905517578,96.80016326904297
2019-03-12,249.40673828125,249.92432451181233,248.8356396365524,249.0230284007584,79667500,0.003770883746682774,247.80719604492188,239.38373016357423,96.80016326904297
2019-03-13,251.05760192871094,251.98566780868583,250.12953604873607,250.29018221282456,80639200,0.00661916217195091,248.13022842407227,239.9832192993164,96.80016326904297
2019-03-14,250.89715576171875,251.5039569641307,250.4599059589216,251.08454464394643,67518400,-0.0006390810943767145,248.4055320739746,240.54077087402345,96.80016326904297
2019-03-15,252.13656616210938,252.9432256217653,251.2581878355714,251.4464293465867,81309000,0.004939914111930843,248.77002182006837,241.11847045898438,96.80016326904297
2019-03-18,253.05081176757812,253.34660426732648,252.12762953537845,252.351703158269,62199800,0.0036259937199309977,249.04681396484375,241.82100250244142,96.80016326904297
2019-03-19,253.11358642578125,254.87031616119532,252.22626353567875,254.1084876428496,90268100,0.00024807135675497527,249.3053291320801,242.3788003540039,96.80016326904297
2019-03-20,252.35162353515625,254.0994081833288,251.2491991641283,252.8983772259184,84609200,-0.0030103595045397613,249.50075988769532,242.88584228515626,96.80016326904297
2019-03-21,255.20193481445312,255.60525091513992,251.4912625717152,251.53609370694923,79550400,0.011294998777369836,249.88287582397462,243.40723571777343,96.80016326904297
2019-03-22,250.29022216796875,254.36835092558272,250.22747499256286,253.84851218600596,122659300,-0.019246376991833847,249.94266586303712,243.80897735595704,96.80016326904297
2019-03-25,250.10198974609375,251.13272280550842,248.8471830932092,249.94960766733146,85575200,-0.0007520566334735523,249.97608947753906,244.19071411132813,96.80016326904297
2019-03-26,251.96633911132812,252.91640921998217,250.56812169282816,251.8498164343296,68125900,0.007454356389275718,250.11165618896484,244.60795257568358,96.80016326904297
2019-03-27,250.64869689941406,252.5398921062087,249.10706960084804,251.95727892582767,72224700,-0.005229437458040276,250.1866928100586,245.02703887939452,96.80016326904297
2019-03-28,251.59878540039062,252.04693258620367,250.12887685434526,251.27613255591731,56238500,0.0037905184137376757,250.33243637084962,245.41247589111327,96.80016326904297
2019-03-29,253.18527221679688,253.50792509730042,251.9842409070283,253.10460899667098,82186800,0.0063056219205570585,250.47986450195313,245.81839935302733,96.80016326904297
2019-04-01,256.18780517578125,256.4835976324492,254.90611080417543,255.17501552412202,77617900,0.011859034819424075,250.82293472290038,246.2490362548828,82.32829284667969
2019-04-02,256.31317138671875,256.5462165569617,255.52442836686825,256.3759185252795,40070400,0.0004893527654505903,251.18922576904296,246.6197134399414,82.32829284667969
2019-04-03,256.7166442871094,257.9176754549509,256.11611502682194,257.52330374578105,68243200,0.0015741403307825141,251.65109252929688,247.06271240234375,82.32829284667969
2019-04-04,257.3979187011719,257.6488801360489,256.3492691654427,257.03940627316825,48997500,0.002653799156476122,252.25054016113282,247.50951934814452,82.32829284667969
2019-04-05,258.6437683105469,258.69754380436206,257.77436135687617,258.0611822257197,58621700,0.00484016970945822,252.93682098388672,247.9787448120117,82.32829284667969
2019-04-08,258.8409423828125,258.94849336551664,257.5681919310813,258.2224968795213,53566300,0.0007623383836137254,253.45537872314452,248.41211608886718,82.32829284667969
2019-04-09,257.5143127441406,258.20444950708367,256.96758635130226,257.88179668889666,66142300,-0.005125269698291635,253.86075744628906,248.85500457763672,82.32829284667969
2019-04-10,258.3927917480469,258.4824266834013,257.51441314596076,257.9267010253007,52601500,0.0034113793308998552,254.22751693725587,249.321708984375,82.32829284667969
2019-04-11,258.32110595703125,258.8857760340984,257.7564358799641,258.8768043335908,55093100,-0.000277429530950446,254.59871444702148,249.71255645751953,82.32829284667969
2019-04-12,260.0687561035156,260.3466051469437,258.3658024123571,259.92534573388645,69727800,0.006765417560480325,254.9953239440918,250.096416015625,82.32829284667969
2019-04-15,259.8985290527344,260.2391253546279,259.10081378222185,260.14051873172986,49596700,-0.0006545463335606572,255.33770980834962,250.47455261230468,82.32829284667969
2019-04-16,260.0687561035156,260.8306117253508,259.4771985860694,260.7768362558313,52153200,0.0006549750450750569,255.68546829223632,250.8221810913086,82.32829284667969
2019-04-17,259.4324035644531,261.20704882392914,259.02008848058534,261.1801610882623,58268300,-0.00244686270122052,256.03950729370115,251.13673797607422,82.32829284667969
2019-04-18,259.9432373046875,260.21214197970477,258.72429030667405,260.0149561591169,68708500,0.0019690437016186557,256.2765724182129,251.46793731689453,82.32829284667969
2019-04-22,260.1674499511719,260.3198320837561,259.0919127342727,259.18154767386676,40160100,0.0008625446417040994,256.770433807373,251.8500241088867,82.32829284667969
2019-04-23,262.5067443847656,262.73978971372134,260.3018675160108,260.5348854922284,52246600,0.008991495415866968,257.39067153930665,252.2730062866211,82.32829284667969
2019-04-24,261.9241638183594,262.7577111776434,261.7807534093311,262.4260865735888,50392900,-0.0022192975185137964,257.8885627746582,252.68166015625,82.32829284667969
2019-04-25,261.76275634765625,262.4170610760673,260.57966858301586,261.8255035173805,57770900,-0.0006162374190685771,258.4442657470703,253.02497619628906,82.32829284667969
2019-04-26,262.9817199707031,263.05341148117117,261.03674925919904,261.80757659857346,50916400,0.004656749646339886,259.01341247558594,253.3767889404297,82.32829284667969
2019-04-29,263.3939514160156,263.913817328566,262.98166377527735,263.0712986587577,57197700,0.001567528896527115,259.5238464355469,253.74773254394532,82.32829284667969
2019-04-30,263.5284423828125,263.8152631258013,261.64624621968596,263.05340749405735,81111700,0.0005106076509115987,259.89087829589846,254.06800201416016,82.32829284667969
2019-05-01,261.5476379394531,264.36201517554906,261.53866624356385,264.15585763921524,71671900,-0.00751647308142156,260.15260162353513,254.34008911132813,79.25344848632812
2019-05-02,260.9830322265625,262.3454174051037,259.4951800384251,261.4311794873483,65030200,-0.0021587108082441464,260.3659210205078,254.59088958740233,79.25344848632812
2019-05-03,263.53741455078125,263.8152635983207,261.09052124050993,262.4529060957811,56543700,0.009787541750994944,260.67289581298826,254.91044555664064,79.25344848632812
2019-05-06,262.4528503417969,262.89202570698626,258.9393653621047,259.2530737741224,107198100,-0.004115408853172076,260.8633499145508,255.17761413574217,79.25344848632812
2019-05-07,258.0699768066406,260.65130842271634,256.16983752056484,260.059750981305,144729900,-0.01669966064170525,260.8248016357422,255.3503433227539,79.25344848632812
2019-05-08,257.7115783691406,259.41453259316427,257.1200206665922,257.7115783691406,91568300,-0.001388764558879818,260.8346649169922,255.51947479248048,79.25344848632812
2019-05-09,256.9317626953125,257.5322646414615,253.92019920925287,255.65006823450122,103471100,-0.003025924092207921,260.7616134643555,255.67515075683593,79.25344848632812
2019-05-10,258.22247314453125,258.9753573069999,253.0239481854764,255.99965274623816,112429300,0.005023553474582831,260.75668182373045,255.86592193603516,79.25344848632812
2019-05-13,251.7332763671875,254.0905354305723,250.89972899311476,253.13152104183553,127290500,-0.025130255698974868,260.33990783691405,255.89585327148438,79.25344848632812
2019-05-14,254.00990295410156,255.53361482787994,252.62065716245965,252.7461241923132,77003200,0.009043804695860969,260.04547653198244,255.9895233154297,79.25344848632812
2019-05-15,255.49761962890625,256.13398084508157,252.18132018461094,252.3874776953057,73956400,0.005856923913212686,259.81691970825193,256.11972869873046,79.25344848632812
2019-05-16,257.8639221191406,259.2173081278269,256.12510871199436,256.19680023221036,76749600,0.009261544172784353,259.73849563598634,256.32742095947265,79.25344848632812
2019-05-17,256.19671630859375,258.6704969130999,255.55138342710202,255.56932681582998,100353000,-0.0064654481202554015,259.55116958618163,256.54317596435544,79.25344848632812
2019-05-20,254.50279235839844,256.30432540724155,253.75885272822012,254.6013716078713,62877600,-0.006611809763224841,259.26793670654297,256.73486877441405,79.25344848632812
2019-05-21,256.79736328125,257.1737916791253,255.93690080919936,256.1878621920293,46847100,0.009015896845722127,258.9824676513672,256.90142028808594,79.25344848632812
2019-05-22,256.008544921875,256.9586146903073,255.53351003765886,255.8472185127596,49482500,-0.0030717541227675005,258.68668670654296,257.03345642089846,79.25344848632812
2019-05-23,252.88047790527344,253.83949198396766,251.47328933984457,253.79468821165935,98733800,-0.012218603943693118,258.2425727844238,257.0699139404297,79.25344848632812
2019-05-24,253.4541473388672,254.72689751246438,252.83570197072484,254.31458236521192,55268100,0.002268539819070714,257.76619415283204,257.12105377197264,79.25344848632812
2019-05-28,251.09689331054688,254.68207123353233,251.0789772679172,253.73200127216015,70029400,-0.009300514720592346,257.1513412475586,257.1002603149414,79.25344848632812
2019-05-29,249.41180419921875,250.3887617006994,248.01358728400507,249.98544567865576,104972900,-0.00671091182814465,256.4455093383789,257.02748016357424,79.25344848632812
2019-05-30,250.0930938720703,250.99836021701967,248.99961331030934,250.16478540851315,62523800,0.0027315855199354644,255.87278213500977,256.9670703125,79.25344848632812
2019-05-31,246.72296142578125,248.38111161552996,246.69607368660633,247.55653604567522,86862800,-0.013475511834856957,255.1597785949707,256.8544970703125,79.25344848632812
2019-06-03,246.09559631347656,247.87024198178764,244.76907055860477,246.75884551454325,96428000,-0.002542791755899887,254.28768768310547,256.672370300293,106.4719009399414
2019-06-04,251.43751525878906,251.5719539740784,247.93300019896827,248.38114748509258,77231900,0.021706682384141418,253.73692092895507,256.69531616210935,106.4719009399414
2019-06-05,253.6154327392578,253.64232047470728,251.2492299615094,253.0507629420872,71169700,0.008661863677053683,253.51419372558593,256.76558502197264,106.4719009399414
2019-06-06,255.2646484375,255.93686927504896,253.2659293196054,253.91126241776183,69430400,0.006502820748837346,253.3918472290039,256.8315512084961,106.4719009399414
2019-06-07,257.819091796875,258.89465607265004,256.10716612351325,256.27746425638986,74272200,0.010007039263019823,253.43621368408202,256.97495910644534,106.4719009399414
2019-06-10,259.0021667480469,260.6603166850076,258.91253184688355,259.36067899996857,60799100,0.004588779453555736,253.4751983642578,257.12302673339843,106.4719009399414
2019-06-11,258.939453125,261.1801891806901,258.29412004685184,260.8127051852287,58641300,-0.0002421355150588056,253.83550720214845,257.2381103515625,106.4719009399414
2019-06-12,258.4823913574219,259.2621632182266,257.97149691319186,258.7064649888135,47096300,-0.0017651298867827903,254.05913162231445,257.2840020751953,106.4719009399414
2019-06-13,259.5489196777344,259.90745931903905,258.68848471461854,259.3875932507878,48945200,0.004126115959820709,254.26169662475587,257.3487170410156,106.4719009399414
2019-06-14,259.2621154785156,259.8626173825372,258.50025980152225,259.2621154785156,52324700,-0.0011050101829545023,254.33160629272462,257.3996264648438,106.4719009399414
2019-06-17,259.3607177734375,260.1225735181229,259.19041964158777,259.4951564689148,39205700,0.00038031894764056773,254.48980636596679,257.4388824462891,106.4719009399414
2019-06-18,262.0764465332031,263.12512289413803,260.81266829422253,261.1712078946069,85434800,0.010470856123007577,254.86848907470704,257.5075360107422,106.4719009399414
2019-06-19,262.66802978515625,263.19684018898215,261.24292499801845,262.21091089679237,78674400,0.0022572927089736794,255.16202239990236,257.5840777587891,106.4719009399414
2019-06-20,265.17767333984375,265.581016799397,262.73080690028075,265.3390271353072,116570000,0.00955443095507369,255.62047882080077,257.73734497070313,106.4719009399414
2019-06-21,264.7921447753906,266.16112828207497,264.5759967179576,264.9092341350886,83309500,-0.0014538500153405964,256.21606216430666,257.86533203125,106.4719009399414
2019-06-24,264.4679870605469,265.3145763201404,264.3148638254183,264.99936948825126,47582700,-0.0012241968700344996,256.7667541503906,257.9882696533203,106.4719009399414
2019-06-25,261.8740539550781,264.5489962916945,261.7659799189752,264.5219777826687,82028700,-0.009808117550631601,257.3056121826172,258.02437561035157,106.4719009399414
2019-06-26,261.6128845214844,263.27008405135524,261.5048104738926,262.7657201720802,51584900,-0.0009973093158688329,257.9156661987305,258.05866271972656,106.4719009399414
2019-06-27,262.54052734375,263.0448911665439,261.99114183475797,262.3694009589699,40355200,0.003545860609894591,258.5380378723145,258.10809814453125,106.4719009399414
2019-06-28,263.8914794921875,264.3868279303758,262.999841309143,263.51319292272876,59350900,0.00514568993254394,259.39646377563474,258.19727966308596,106.4719009399414
2019-07-01,266.2872619628906,267.42209435949115,265.0893772140861,267.2059187927584,78705600,0.009078665500354077,260.40604705810546,258.32416015625,106.58845520019531
2019-07-02,266.9808044433594,267.034841473531,265.404660263216,266.24226171664947,61504500,0.002604489885683625,261.183211517334,258.46042724609373,106.58845520019531
2019-07-03,269.11529541015625,269.1333260737654,267.5121330376996,267.6562409177344,40898900,0.007994922973009855,261.9582046508789,258.59259826660156,106.58845520019531
2019-07-05,268.80908203125,268.971220578247,266.60249706914334,267.8904251985188,51677300,-0.0011378520066633868,262.6354263305664,258.73029663085936,106.58845520019531
2019-07-08,267.33203125,268.6289747449363,266.7916335461484,267.5031576476492,45841800,-0.005494794930620217,263.11107330322267,258.84168212890626,106.58845520019531
2019-07-09,267.6653137207031,267.962517390623,266.12520336866174,266.1792403995563,41101300,0.001246698606017116,263.54423065185546,258.93535400390624,106.58845520019531
2019-07-10,268.9442138671875,269.8899168340314,268.1966833184836,268.72806575397624,58448500,0.0047779823567981605,264.04446868896486,259.0463592529297,106.58845520019531
2019-07-11,269.57470703125,269.8178736807302,268.5749944309455,269.5837223653779,50826100,0.0023443269330711836,264.5990844726563,259.16728454589844,106.58845520019531
2019-07-12,270.7815246582031,270.85359234497,269.7547937508127,270.06101270514915,40326000,0.004476746502828366,265.1607147216797,259.3519622802734,106.58845520019531
2019-07-15,270.87158203125,271.21383481192174,270.3672181920815,271.21383481192174,33900000,0.000332583152268473,265.7411880493164,259.5497332763672,106.58845520019531
2019-07-16,269.9979248046875,270.988649224032,269.6917058906657,270.78148900906183,36650100,-0.003225355794103546,266.2730484008789,259.6789434814453,106.58845520019531
2019-07-17,268.16058349609375,270.13301700119024,268.16058349609375,269.97090595616555,36036300,-0.006805020112368831,266.57725524902344,259.79309814453126,106.58845520019531
2019-07-18,269.14239501953125,269.5206817543314,267.22402528507104,267.66533690419124,51392600,0.0036612820222767795,266.9009735107422,260.01454650878907,106.58845520019531
2019-07-19,267.647216796875,270.25910648981244,267.4760904303873,270.23208798382825,58678600,-0.005555342637668659,267.0244506835937,260.21325927734375,106.58845520019531
2019-07-22,268.3047180175781,268.8451157071079,267.53016906834114,268.0435207619146,43638100,0.002456596517504961,267.2000793457031,260.4407183837891,106.58845520019531
2019-07-23,270.22314453125,270.22314453125,268.5929634364693,269.42157698333074,44564500,0.0071501780805292015,267.48783721923826,260.68073181152346,106.58845520019531
2019-07-24,271.4930114746094,271.4930114746094,269.37647011029196,269.4665409634946,47213200,0.004699327089699112,267.96878509521486,261.0759265136719,106.58845520019531
2019-07-25,270.19610595703125,271.09675964355466,269.39451098285616,271.0427226212248,55394100,-0.004776938863118474,268.3979461669922,261.39965057373047,106.58845520019531
2019-07-26,272.00653076171875,272.2046757465596,270.75460847436517,270.8807132309819,45084100,0.006700410423292391,268.8712463378906,261.7298287963867,106.58845520019531
2019-07-29,271.5111083984375,272.00648451921296,270.96172273001054,271.8893951181974,38126500,-0.00182136201617622,269.2522277832031,262.00277252197264,106.58845520019531
2019-07-30,270.8446044921875,271.2499096855078,269.7367904533448,270.11507713282856,45849000,-0.002454794244631464,269.48009490966797,262.29573028564454,106.58845520019531
2019-07-31,267.8814392089844,271.2769214493316,265.8729989303073,271.08776437141046,104245200,-0.010940462664038808,269.5251266479492,262.56330322265626,106.58845520019531
2019-08-01,265.5487060546875,270.9796462027079,264.7561264832074,268.0345188041901,142646600,-0.008708080564241771,269.34679718017577,262.738330078125,93.52125549316406
2019-08-02,263.5493469238281,264.90032781024166,262.00022107464287,264.65716114556676,116749700,-0.00752916163879791,269.0838104248047,262.88914611816404,93.52125549316406
2019-08-05,255.62355041503906,259.57740603070056,253.73217206883004,259.4693319799065,178745400,-0.03007329216065102,268.49838638305664,262.9440075683594,93.52125549316406
2019-08-06,259.2080383300781,259.4242138370661,256.03774824711377,257.5058176913912,120711700,0.014022526129611856,268.0755226135254,263.0590853881836,93.52125549316406
2019-08-07,259.3612060546875,260.12676707572143,254.02033705525537,256.14586625780424,140572300,0.00059090653822369,267.5963722229004,263.22437164306643,93.52125549316406
2019-08-08,264.44989013671875,264.44989013671875,260.2978904772064,260.8472759478428,87713900,0.01962006639095537,267.34013137817385,263.5251333618164,93.52125549316406
2019-08-09,262.6487121582031,264.10776722423486,260.87442269852517,263.51333229255926,93730000,-0.006811036970310047,266.9334907531738,263.77624572753905,93.52125549316406
2019-08-12,259.4513244628906,262.63961885110217,258.5056215627096,261.1535457059839,65527600,-0.012173627919357943,266.3624778747559,264.03081298828124,93.52125549316406
2019-08-13,263.4861755371094,264.9272266621899,258.8117815826576,259.1540343170127,94299800,0.015551476110486684,266.03689041137693,264.3786245727539,93.52125549316406
2019-08-14,255.69554138183594,260.0547013343165,255.5694641754447,259.4512788383251,135622100,-0.029567525276771867,265.41363830566405,264.46378509521486,93.52125549316406
2019-08-15,256.37109375,257.2627596852036,254.33563489141036,256.57825401490027,99556600,0.0026420185683067032,264.7750732421875,264.5188983154297,93.52125549316406
2019-08-16,260.1539001464844,260.58619645356737,256.4251795832291,258.01935467292986,83018300,0.014755198572321104,264.400407409668,264.6166833496094,93.52125549316406
2019-08-19,263.2880859375,263.9635762174009,262.4865184312846,263.1620087111855,53571800,0.012047429576304225,264.1495758056641,264.7260632324219,93.52125549316406
2019-08-20,261.2706604003906,263.3151346538664,261.14458315961394,262.78375220434907,51596400,-0.00766242623522384,263.7019515991211,264.77143310546876,93.52125549316406
2019-08-21,263.3961181640625,263.76536189910667,262.7386312364168,263.4231366687185,49524700,0.008135080151803642,263.29710693359374,264.86056640625,93.52125549316406
2019-08-22,263.3150634765625,264.72909617237826,261.5497901824528,264.0986551673647,51666400,-0.0003077292409051635,262.9530548095703,264.9572198486328,93.52125549316406
2019-08-23,256.5512390136719,263.6754138307136,255.30833237879608,262.0182141461367,149161500,-0.02568719150962162,262.18029022216797,264.89726623535154,93.52125549316406
2019-08-26,259.3882751464844,259.3882751464844,257.2086810185283,258.73078802640924,72423800,0.011058360675706203,261.5741485595703,264.89978942871096,93.52125549316406
2019-08-27,258.3704833984375,261.14451176642103,257.61393770328715,260.77524050704426,66668900,-0.003923815552079546,260.9504425048828,264.87998474121093,93.52125549316406
2019-08-28,260.18988037109375,260.35199145283605,256.91148746063425,257.71308250775724,59696700,0.00704181433082085,260.5658645629883,264.8422534179688,93.52125549316406
2019-08-29,263.5132751464844,264.035669739417,261.7389860715827,262.73872607625174,57899400,0.012772959388930305,260.46409301757814,264.8591583251953,93.52125549316406
2019-08-30,263.3961181640625,265.00826808480707,262.468446189857,264.9902649102906,62901200,-0.00044459613033442924,260.45643157958983,264.8235272216797,93.52125549316406
2019-09-03,261.8559875488281,262.61253318404823,260.53202581575215,261.7028918471687,69101400,-0.00584720316293752,260.7680534362793,264.7648040771484,103.4044189453125
2019-09-04,264.8282165527344,264.8462197315112,263.2700757868123,264.01763373547163,46887300,0.011350624561724088,261.04906234741213,264.7720086669922,103.4044189453125
2019-09-05,268.2326965332031,269.1423380968448,264.792192738452,267.30502430433256,83258100,0.01285542766093739,261.4926368713379,264.8991815185547,103.4044189453125
2019-09-06,268.4398498535156,269.07933383116614,267.87246105653117,268.54795139585633,49584300,0.0007722895940347474,261.69213485717773,265.0357208251953,103.4044189453125
2019-09-09,268.5749816894531,269.51164187797576,267.63829401515704,269.42159848406766,51260300,0.0005033970776366914,261.9884483337402,265.1564099121094,103.4044189453125
2019-09-10,268.51190185546875,268.57495421337273,266.5664864936177,267.81838089006624,57947100,-0.00023486861504218304,262.4414772033691,265.248818359375,103.4044189453125
2019-09-11,270.4212341308594,270.50228965378903,268.1696002080379,268.8180718772411,68821100,0.007110791969356933,262.78823013305663,265.33149780273436,103.4044189453125
2019-09-12,271.3580017089844,272.4117513041566,270.5654219362683,271.321967859559,72908700,0.003464105106744997,263.57135314941405,265.4190417480469,103.4044189453125
2019-09-13,271.1777038574219,272.1504248315918,270.8084326992424,271.7991568448754,62104800,-0.0006644279896925731,264.31168365478516,265.46028991699217,103.4044189453125
2019-09-16,270.3402404785156,271.22289107314236,269.70078399410147,270.0520246738491,58191200,-0.003088245703808168,264.82100067138674,265.4909130859375,103.4044189453125
2019-09-17,271.02459716796875,271.1146405073821,269.97082073641553,270.14194705851185,41475500,0.0025314643807439197,265.2078262329102,265.56476440429685,103.4044189453125
2019-09-18,271.1867980957031,271.2948721274453,268.6109145675291,270.63738511999253,73375800,0.0005984730885286726,265.7036331176758,265.63519409179685,103.4044189453125
2019-09-19,271.1687927246094,272.5648223935264,270.8355552670686,271.57409786721047,76560500,-6.639471840141908e-05,266.09226684570314,265.6796856689453,103.4044189453125
2019-09-20,269.8875732421875,272.05008918733927,269.1003904881604,271.76957180280993,89565000,-0.00472480431670852,266.4208923339844,265.6859429931641,103.4044189453125
2019-09-23,269.82421875,270.53902859724644,268.97369250459167,269.2270389853923,43476800,-0.0002347440136883927,267.0845413208008,265.666796875,103.4044189453125
2019-09-24,267.70703125,271.2991401437469,266.747931631159,270.9100771613818,94869400,-0.007846543612015977,267.50047912597654,265.603505859375,103.4044189453125
2019-09-25,269.2903747558594,269.73372418132254,266.31353298263394,267.7883822298212,71854000,0.005914463652546997,268.04647369384764,265.58935485839845,103.4044189453125
2019-09-26,268.7294616699219,269.507587597765,267.32701256150625,269.29949827937514,56179700,-0.0020829303180480707,268.47345275878905,265.600732421875,103.4044189453125
2019-09-27,267.2817077636719,269.588997076313,265.73448553679964,269.48039634070557,84746600,-0.005387402993529133,268.66187438964846,265.56351867675784,103.4044189453125
2019-09-30,268.5213928222656,269.22714598589437,267.7523237227943,267.7975533359256,51662400,0.004638121587018151,268.9181381225586,265.5810021972656,103.4044189453125
2019-10-01,265.327392578125,270.0505182065115,265.11024626366753,269.3990516504339,88242400,-0.011894770135706612,269.0917083740234,265.5214556884766,90.36798858642578
2019-10-02,260.640380859375,263.7619961590738,259.35556210753964,263.7529391947368,122539500,-0.01766501254622599,268.88231658935547,265.3298004150391,90.36798858642578
2019-10-03,262.7757263183594,262.80286959586755,257.70876948618246,260.4141507243739,85278800,0.008192688531008852,268.6094680786133,265.15545471191405,90.36798858642578
2019-10-04,266.3316650390625,266.5850115298141,263.37290937944215,263.42722355353567,65091200,0.013532219168505,268.5040588378906,265.0781658935547,90.36798858642578
2019-10-07,265.1826477050781,267.15516152028187,264.9021578144805,265.5355381167573,59610500,-0.004314234786223614,268.3344421386719,264.9416882324219,90.36798858642578
2019-10-08,261.0656433105469,264.0696285167988,261.0294430659895,263.3367323375145,95708100,-0.015525165127357687,267.9621292114258,264.73277893066404,90.36798858642578
2019-10-09,263.5447998046875,264.47675583286633,262.4499841085226,263.0743071151631,62359400,0.009496295501402185,267.61830749511716,264.58678283691404,90.36798858642578
2019-10-10,265.327392578125,266.2050624159976,263.30062000930803,263.4634797451511,55296300,0.0067639079760200005,267.31677703857423,264.5357019042969,90.36798858642578
2019-10-11,268.07794189453125,270.30377370590077,267.95128245800737,268.06888493024525,98720400,0.010366624002443814,267.1617889404297,264.58628662109373,90.36798858642578
2019-10-14,267.7794494628906,268.4309160029819,267.4356160649668,267.76133552866014,40394800,-0.0011134539064689974,267.03374938964845,264.670888671875,90.36798858642578
2019-10-15,270.4305419921875,271.17249535642475,268.702345668871,268.8199757891408,46754500,0.009900283739526783,267.00404663085936,264.96702850341796,90.36798858642578
2019-10-16,269.99615478515625,270.68382140216397,269.561862279844,269.9690115035742,48928200,-0.0016062801332691334,266.944514465332,265.1827908325195,90.36798858642578
2019-10-17,270.7923889160156,271.66100152133464,270.10472231326054,271.1543085338405,45736600,0.0029490572985861885,266.92569427490236,265.4114144897461,90.36798858642578
2019-10-18,269.6071472167969,270.901023258945,268.7566207357212,270.2586137211803,64304000,-0.004376938746185943,266.9116729736328,265.51455963134765,90.36798858642578
2019-10-21,271.4349060058594,271.63396601654864,270.4848631805334,270.9191834618667,39048600,0.006779341007576267,266.9922073364258,265.6902835083008,90.36798858642578
2019-10-22,270.5481262207031,272.25820831993343,270.4576394040979,271.96866155187655,48594700,-0.0032670071738566397,267.13426208496094,265.912219543457,90.36798858642578
2019-10-23,271.3352966308594,271.38958319579564,270.0866504119283,270.29476731931624,34352200,0.0029095393161737704,267.23650817871095,266.069201965332,90.36798858642578
2019-10-24,271.77862548828125,272.4120055147308,270.95524249897534,272.2672321483224,35453100,0.0016338783155993575,267.3889663696289,266.39086364746095,90.36798858642578
2019-10-25,272.8914489746094,273.43434198412007,271.1541968667122,271.2084834063947,45205400,0.004094595313847149,267.6694534301758,266.7212707519531,90.36798858642578
2019-10-28,274.42974853515625,274.92741221048794,274.0768858537456,274.10402913693105,42147000,0.005637038340069012,267.9648712158203,267.00678771972656,90.36798858642578
2019-10-29,274.348388671875,275.2713157610166,274.0316985454579,274.1583856411072,44284900,-0.00029646881839717754,268.4159210205078,267.2279937744141,90.36798858642578
2019-10-30,275.1899108886719,275.5608600162989,273.24454034083965,274.54747360987403,49643900,0.0030673488584012087,269.14339752197264,267.5063787841797,90.36798858642578
2019-10-31,274.4568786621094,275.18074553352045,273.0092001446827,275.18074553352045,69053800,-0.002663732199321256,269.72745513916016,267.72759399414065,90.36798858642578
2019-11-01,276.99951171875,277.04474133128576,275.7327512152758,275.8956385683579,71141500,0.00926423512879393,270.2608474731445,268.00128295898435,97.83673095703125
2019-11-04,278.1123046875,278.6823411670092,277.74132812761786,278.5466247701487,60606900,0.0040173102177878395,270.90733032226564,268.43250427246096,97.83673095703125
2019-11-05,277.8046875,278.6099841884755,277.51514076171463,278.311380485651,42933200,-0.0011060898144928943,271.7442825317383,268.80083251953124,97.83673095703125
2019-11-06,277.8680725097656,278.13950535949533,276.9270592762012,277.8047289739284,46487100,0.00022816393177538252,272.4604461669922,269.1907843017578,97.83673095703125
2019-11-07,278.84527587890625,280.1753521514452,278.3747830389513,279.1981662183995,54272300,0.003516788957847128,273.13634033203124,269.56389221191404,97.83673095703125
2019-11-08,279.53302001953125,279.587306607914,277.8048233221189,278.501519614838,49032100,0.002466400545812597,273.70909423828124,269.884287109375,97.83673095703125
2019-11-11,278.9989929199219,279.1709095366087,278.02177977110307,278.1575237620495,35797300,-0.0019104258222233383,274.2700714111328,270.1963446044922,97.83673095703125
2019-11-12,279.5871887207031,280.482944664036,278.81809222595433,279.3609854935828,46484600,0.002108236286537668,274.72790374755857,270.5509686279297,97.83673095703125
2019-11-13,279.6777648925781,280.07588490852714,278.3748316790554,278.6010349784488,53917700,0.0003239639566083863,275.2119842529297,270.84795959472655,97.83673095703125
2019-11-14,280.0848083496094,280.16626580577037,278.76378931225406,279.3971693561255,51219900,0.0014554015661116804,275.6766052246094,271.0850018310547,97.83673095703125
2019-11-15,282.111572265625,282.15680185760044,280.727209876316,281.4148487828875,62023600,0.007236250791173848,276.3018264770508,271.3584362792969,97.83673095703125
2019-11-18,282.31976318359375,282.55502341704454,281.4240070834595,281.87641361689356,49228000,0.0007379736899721934,276.8460693359375,271.6333319091797,97.83673095703125
2019-11-19,282.23828125,282.92594789001487,281.59587182260094,282.91689092495204,67804700,-0.0002886157620526353,277.43057708740236,271.9078594970703,97.83673095703125
2019-11-20,281.18865966796875,282.16587294031694,279.6414375348948,281.6501230250607,79406200,-0.0037189199756411107,277.9232452392578,272.1232080078125,97.83673095703125
2019-11-21,280.7362976074219,281.40587795167755,279.94008542437876,281.2973048182035,54664700,-0.0016087493040474188,278.37112884521486,272.31077392578123,97.83673095703125
2019-11-22,281.360595703125,281.6139421962558,280.35626669515204,281.47822579148874,44850200,0.0022237883060498564,278.7945861816406,272.5144317626953,97.83673095703125
2019-11-25,283.5411682128906,283.5411682128906,282.2834928438309,282.2834928438309,48647200,0.0077500991363639304,279.25015716552736,272.7784503173828,97.83673095703125
2019-11-26,284.18365478515625,284.3646284301698,283.2607554660706,283.5774455384936,37569000,0.00226593752263593,279.7419204711914,273.04163146972655,97.83673095703125
2019-11-27,285.4504089355469,285.4504089355469,284.4460521689153,284.6631984481001,44444600,0.004457519386005027,280.2549453735352,273.32690368652345,97.83673095703125
2019-11-29,284.39178466796875,285.13373798853377,284.1655814077503,284.88942079536815,36592700,-0.00370861009282053,280.75169067382814,273.59136352539065,97.83673095703125
2019-12-02,281.97589111328125,284.70841599216465,281.5506279673351,284.6450724653287,75767800,-0.00849494846522414,281.00050964355466,273.8331298828125,73.07838439941406
2019-12-03,280.0848083496094,280.16626580577037,277.8951767026078,279.27048230227246,73941700,-0.006706540606027045,281.09913482666013,274.0383416748047,73.07838439941406
2019-12-04,281.81298828125,282.41016804558075,280.78151604300257,281.1253493266502,49080000,0.00617020231059251,281.29954986572267,274.32046081542967,73.07838439941406
2019-12-05,282.31976318359375,282.52788012954665,281.0168301582875,282.50979380878255,40709000,0.0017982666641254141,281.5221343994141,274.5810485839844,73.07838439941406
2019-12-06,284.8984680175781,285.296587950962,284.2108012939693,284.21985826013315,48927000,0.009133986246324,281.82479400634764,274.9044287109375,73.07838439941406
2019-12-09,284.00274658203125,285.1789925931911,283.93034606930155,284.50943972031905,34838500,-0.003144002288884229,282.0482803344727,275.23884948730466,73.07838439941406
2019-12-10,283.6860046386719,284.60890391207636,283.03453820665106,283.9484081271428,52649800,-0.0011152777470336828,282.28263092041016,275.5421417236328,73.07838439941406
2019-12-11,284.4913635253906,284.7447101035528,283.6046366954701,284.13847314185796,53429100,0.002838909475793683,282.52783966064453,275.9254211425781,73.07838439941406
2019-12-12,286.94342041015625,287.7215465239914,284.26518101486846,284.5004136750445,96389600,0.008619090767396198,282.89112243652346,276.45148193359375,73.07838439941406
2019-12-13,287.1153259277344,288.3368292476284,285.93905222191876,286.7081489502007,81503900,0.000599092034702986,283.2426483154297,276.93827392578123,73.07838439941406
2019-12-16,289.0877380371094,289.67586093311127,287.051908896003,288.8343915151686,82749700,0.006869755569479663,283.5914566040039,277.39339538574217,73.07838439941406
2019-12-17,289.15106201171875,289.7663281501422,289.06963216510667,289.46775204589784,61097700,0.000219047597934674,283.93302154541016,277.872763671875,73.07838439941406
2019-12-18,289.1690673828125,289.7662470368328,289.1147808336007,289.54004387755344,48133000,6.22697733443367e-05,284.2795608520508,278.4348321533203,73.07838439941406
2019-12-19,290.35443115234375,290.42683164173593,289.1057850309427,289.3591315184229,85310500,0.004099206669162969,284.7378494262695,278.9710247802734,73.07838439941406
2019-12-20,291.6274108886719,292.7548861145354,290.40900397558755,291.38189255833026,147142100,0.0043842269989680105,285.282405090332,279.49702514648436,73.07838439941406
2019-12-23,292.07293701171875,292.46391273935615,291.92745186338635,292.4093592772884,52990000,0.001527723754393362,285.8180221557617,279.97692504882815,73.07838439941406
2019-12-24,292.08203125,292.345697060627,291.7819594676257,292.300245092851,20270000,3.113687414613153e-05,286.2450653076172,280.4629766845703,73.07838439941406
2019-12-26,293.63702392578125,293.6461254237874,292.45499462070484,292.4640683702415,30911200,0.005323821767215353,286.7177337646484,280.9271063232422,73.07838439941406
2019-12-27,293.5641174316406,294.4188253533874,293.0367580376793,294.3642718901657,42528800,-0.00024828781182262283,287.1234191894531,281.3984655761719,73.07838439941406
2019-12-30,291.9456481933594,293.7823740438549,291.4637407446412,293.64599037883215,49729100,-0.005513171202397138,287.50111236572263,281.82153076171875,73.07838439941406
2019-12-31,292.6548767089844,292.9003950592716,291.10004740048026,291.44557119091616,57077300,0.0024293169636673273,288.0350616455078,282.2824853515625,73.07838439941406
2020-01-02,295.3918762207031,295.41007921570383,293.26420694072004,294.1825702372799,59151200,0.009352311304350547,288.8004150390625,282.7616247558594,74.27989196777344
2020-01-03,293.155029296875,294.27343102956564,291.96389884711743,292.01845232203294,77709700,-0.007572472718094803,289.3675170898438,283.2137628173828,74.27989196777344
2020-01-06,294.2733459472656,294.3551761359796,291.29094218905,291.40915060001015,55653900,0.003814761947195322,289.96519622802737,283.67252380371093,74.27989196777344
2020-01-07,293.44598388671875,294.182483506946,293.0004268675797,293.70964975181556,40496400,-0.002811542642041198,290.3925720214844,284.1058709716797,74.27989196777344
2020-01-08,295.0098571777344,296.2191625683041,293.39137307879764,293.6368636547452,68296000,0.005329339561243929,290.9429275512695,284.54823913574216,74.27989196777344
2020-01-09,297.01025390625,297.08301036305517,295.98278400442655,296.56472466503584,48473300,0.006780779285318728,291.60914001464846,284.9998492431641,74.27989196777344
2020-01-10,296.1556091308594,297.7468170445733,295.69190455067536,297.5922581006665,53029300,-0.002877492491085487,292.1923522949219,285.43599365234377,74.27989196777344
2020-01-13,298.19232177734375,298.20139552344506,296.34652203143133,296.77387604888196,47086800,0.006877170594410176,292.7547973632812,285.8960418701172,74.27989196777344
2020-01-14,297.7376403808594,298.8014606220253,297.1829765277459,297.7558156184295,62832800,-0.0015247924352119746,293.2859130859375,286.36165710449217,74.27989196777344
2020-01-15,298.4104919433594,299.16516667291756,297.5648855268959,297.64671572057415,72056600,0.0022598807515210595,293.75205078125,286.78987670898437,74.27989196777344
2020-01-16,300.89288330078125,300.89288330078125,299.55626753925185,299.7835829561891,54050300,0.008318713397962751,294.3391418457031,287.24548828125,74.27989196777344
2020-01-17,301.829345703125,302.0384580750324,300.8291525707732,301.6020303434294,95846000,0.0031122783366319684,294.97215576171874,287.7259814453125,74.27989196777344
2020-01-21,301.2382507324219,302.0384050979575,300.80182307736766,300.87455177039266,77742400,-0.0019583747542046837,295.51634674072267,288.1933850097656,74.27989196777344
2020-01-22,301.27459716796875,302.73852210238783,301.1200383059274,302.0929266833118,48914900,0.00012065677402683939,295.9987060546875,288.64197143554685,74.27989196777344
2020-01-23,301.6201477050781,302.02932637339586,299.5197564044105,300.62905625680025,51963000,0.0011469620749893217,296.47606658935547,289.08371398925783,74.27989196777344
2020-01-24,298.9378662109375,302.3566980198879,297.6558042825811,302.27486782213623,87578400,-0.008892912209443438,296.81885833740233,289.4824914550781,74.27989196777344
2020-01-27,294.14617919921875,295.6191788098589,293.38240265105225,293.71882506231367,84062500,-0.016029039988990967,296.84431610107424,289.77367126464844,74.27989196777344
2020-01-28,297.2285461425781,298.1014295336754,294.23706762447324,295.56458182841783,63834000,0.010479031044193121,297.0275375366211,290.12468688964844,74.27989196777344
2020-01-29,296.9830017089844,298.81062629591605,296.78296305892985,298.5833109094205,53888900,-0.0008261132276169425,297.27940521240237,290.46265075683596,74.27989196777344
2020-01-30,297.94677734375,298.1559174611264,294.18244947017035,294.9280227504924,75491800,0.0032452215420397668,297.54400024414065,290.77935485839845,74.27989196777344
2020-01-31,292.5366516113281,297.4830353636168,291.6273903002229,297.32844873140954,113845600,-0.018158027351912076,297.4012390136719,290.98369262695314,74.27989196777344
2020-02-03,294.70989990234375,296.5648015533711,293.89156991609985,294.0097783777118,69083000,0.007428977801739123,297.47898254394534,291.233125,138.4209442138672
2020-02-04,299.2015075683594,300.06531686350615,297.9831008115139,298.3013478017496,62573200,0.015240776327853256,297.725390625,291.5933819580078,138.4209442138672
2020-02-05,302.65679931640625,302.86593947140614,300.665541964284,302.12033830849697,65951100,0.011548376798393711,298.18593139648436,292.0317919921875,138.4209442138672
2020-02-06,303.6751708984375,303.86610804710017,302.6022212214516,303.6115159327302,50359700,0.0033647735135353685,298.6191970825195,292.47808349609375,138.4209442138672
2020-02-07,302.056640625,303.68419851140686,301.51107824895325,302.62037823914807,64139400,-0.005329807730572789,298.871516418457,292.84839294433596,138.4209442138672
2020-02-10,304.3116455078125,304.3753004752346,301.1383316131343,301.1747098442984,42070000,0.007465503417327879,299.27931823730466,293.2509527587891,138.4209442138672
2020-02-11,304.8390808105469,306.43936250413543,304.31169349511373,305.65741077579145,54864500,0.001733207751067889,299.61165618896484,293.63872619628904,138.4209442138672
2020-02-12,306.8031005859375,307.0122130217113,305.9029126176601,306.26661175456127,43992700,0.0064428083504530775,300.06492919921874,294.08695251464843,138.4209442138672
2020-02-13,306.4756774902344,307.43949245570366,305.11178524682026,305.3845525961196,54501900,-0.0010672092135894928,300.4681884765625,294.5769482421875,138.4209442138672
2020-02-14,306.9667053222656,307.084913763709,305.69374469991504,306.88487511244955,64582200,0.001602175533315764,300.7718795776367,295.1145861816406,138.4209442138672
2020-02-18,306.1756286621094,307.030336674616,304.7935334511837,305.9755900262363,57226200,-0.002577076426988234,300.98919372558595,295.6018389892578,138.4209442138672
2020-02-19,307.6395568847656,308.31240156841585,306.857605252249,307.1394741196409,48814700,0.004781334912426383,301.30925903320315,296.10823486328127,138.4209442138672
2020-02-20,306.3756408691406,307.9122948602321,303.4023383220383,307.0939373986902,74163400,-0.004108431400772106,301.5643112182617,296.5377783203125,138.4209442138672
2020-02-21,303.2205505371094,305.33911773127744,302.40219294643487,305.02997213526146,113788200,-0.01029811091730648,301.64433135986326,296.92213439941406,138.4209442138672
2020-02-24,293.16412353515625,303.2932828550101,292.0911738086347,293.81879296639795,161088400,-0.03316538732002061,301.3556442260742,297.11169677734375,138.4209442138672
2020-02-25,284.2805480957031,295.155305787831,283.4076649920906,294.5461162383918,218913200,-0.030302396256163378,300.86236267089845,297.10748046875,138.4209442138672
2020-02-26,283.2349548339844,289.2451599784566,282.5075567395727,285.671768973568,194773800,-0.0036780330864099042,300.1626831054688,297.03331115722654,138.4209442138672
2020-02-27,270.51446533203125,283.2895814994862,270.51446533203125,277.7430794140114,284353500,-0.044911439371631,298.8392562866211,296.7012939453125,138.4209442138672
2020-02-28,269.3778076171875,270.85990822902744,259.63052370677684,262.50379323523845,384975800,-0.0042018370938079475,297.41080780029296,296.3070953369141,138.4209442138672
2020-03-02,281.0436706542969,281.1073256272958,267.74116872064934,271.1508997939303,238703600,0.043306696792512867,296.8361587524414,296.14494750976564,75.95555877685547
2020-03-03,272.9967041015625,285.36266787315276,270.56899107802036,281.41647571156864,300139100,-0.02863244183368463,295.75049896240233,295.8215002441406,75.95555877685547
2020-03-04,284.4715270996094,284.6897687189938,275.8062664944297,278.3431137377837,176613400,0.04203282613176862,295.01399993896484,295.70384216308594,75.95555877685547
2020-03-05,275.01519775390625,280.47986769668034,272.7875239528955,277.3065542615763,186366800,-0.03324174282789272,293.63191986083984,295.3715979003906,75.95555877685547
2020-03-06,270.4689636230469,271.669195665043,263.895019628656,266.550048117172,228667200,-0.01653084690587725,291.9716094970703,294.9395184326172,75.95555877685547
2020-03-09,249.3467559814453,258.4029914751253,248.63753322137015,250.31964456045836,309417300,-0.07809475571119362,289.33611526489256,294.0848129272461,75.95555877685547
2020-03-10,262.2491760253906,262.34007996344667,248.68298420253547,258.8121691635351,276444100,0.051744888330953254,287.2329917907715,293.4570559692383,75.95555877685547
2020-03-11,249.4649658203125,256.35718336366966,246.30075363543554,255.22970801029587,255316300,-0.04874833316479277,284.46428604125975,292.5750729370117,75.95555877685547
2020-03-12,225.5968475341797,242.4636493556754,225.20585791580433,232.77091945781268,392220700,-0.09567723550939344,280.4039733886719,291.24809692382814,75.95555877685547
2020-03-13,244.88230895996094,246.84631709064,225.96966736197948,239.21759993839407,329566100,0.08548639591632301,277.3243049621582,290.29264556884766,75.95555877685547
2020-03-16,218.0863800048828,233.5892777421095,215.8223138369543,219.29568561096787,297240000,-0.10942370263039025,272.8802886962891,288.74653564453126,75.95555877685547
2020-03-17,229.861328125,232.92554905643092,215.55864748542567,222.80544944835165,262070500,0.053992129723339666,269.06457366943357,287.48066162109376,75.95555877685547
2020-03-18,218.22276306152344,225.8332774835406,207.3298140234867,214.81303238868713,327597100,-0.05063298449727671,264.5937339782715,285.9596499633789,75.95555877685547
2020-03-19,218.68650817871094,224.93314496964533,211.14873542092303,217.54084352727176,289322000,0.0021250996490076446,260.20927734375,284.46446044921873,75.95555877685547
2020-03-20,209.26234436035156,223.59425218036205,208.98795912832034,221.81991016314782,347158800,-0.04309439981847407,255.5113670349121,282.74951019287107,75.95555877685547
2020-03-23,203.9119110107422,210.06722076037724,199.62239599139812,208.7044633697625,326025200,-0.025568065606662027,251.04875640869142,280.8875433349609,75.95555877685547
2020-03-24,222.38693237304688,223.25582114846083,213.83535584057927,214.40240834174568,235494500,0.09060295335730251,247.9540756225586,279.4121697998047,75.95555877685547
2020-03-25,225.71615600585938,234.45982229383785,219.27732029095014,223.96010990179323,299430300,0.014970410344200547,245.07813568115233,277.962646484375,75.95555877685547
2020-03-26,238.89566040039062,240.35901111388173,227.78316298320365,228.21302993098874,257632800,0.05838972551964394,243.4971954345703,276.78580688476563,75.95555877685547
2020-03-27,231.780029296875,238.53898394691296,229.61241213301977,231.64284363681386,224341200,-0.02978551846270372,241.6173065185547,275.45319763183596,75.95555877685547
2020-03-30,239.3071746826172,240.02056779740272,231.8805622795626,233.86525994052337,171369500,0.032475383701419114,239.5304817199707,274.22148345947267,75.95555877685547
2020-03-31,235.74026489257812,240.8437663965274,234.34091545507368,238.31031171628476,194881100,-0.014905151902652736,237.66765975952148,272.8997018432617,75.95555877685547
2020-04-01,225.1307830810547,235.65793147048535,223.07291481173678,226.80451761479742,189554600,-0.04500496262850118,234.70062255859375,271.3775524902344,81.54003143310547
2020-04-02,230.3257598876953,231.1031684005244,223.70399220839067,224.2527626516447,177660400,0.023075373058913273,232.4661506652832,269.9585757446289,81.54003143310547
2020-04-03,226.99661254882812,231.68855710462185,224.2802250645069,229.34714837779504,135561200,-0.0144540816471872,230.29253311157225,268.4661050415039,81.54003143310547
2020-04-06,242.24314880371094,244.20042402682725,226.9783475040951,235.82260837748493,188061200,0.0671663602539585,229.93735275268554,267.3322106933594,81.54003143310547
2020-04-07,242.49002075195312,251.54463426679763,242.27052376616464,250.794649016526,201427200,0.001019108071626862,228.94939498901368,266.29908752441406,81.54003143310547
2020-04-08,250.6300811767578,252.4318604274332,242.59982238542267,245.07840276494375,153774500,0.033568640884942935,229.00765075683594,265.36711822509767,81.54003143310547
2020-04-09,254.44398498535156,257.18780928967254,251.94709482023472,253.87690451669422,189999200,0.01521726279098945,230.45000762939452,264.516337890625,81.54003143310547
2020-04-13,252.12088012695312,253.8129107475081,248.23379557966797,253.47451020572214,114839100,-0.009130122916964134,230.81193618774415,263.5998199462891,81.54003143310547
2020-04-14,259.5566711425781,260.5718728557948,251.98371629741587,256.98662431123626,134143400,0.02949295993208012,232.8854507446289,262.9402203369141,81.54003143310547
2020-04-15,254.04156494140625,259.6938365265299,251.9379494803532,253.86778716253068,121775000,-0.021248177428436654,234.0944625854492,262.1268536376953,81.54003143310547
2020-04-16,255.2671661376953,256.1177451046748,252.21237795625973,255.3128853851821,131798300,0.004824412086155139,235.94668273925782,261.248166809082,81.54003143310547
2020-04-17,262.1632995605469,262.76691639123914,258.2853419351938,261.0108843332455,146684800,0.0270153562136215,238.12052230834962,260.4382968139648,81.54003143310547
2020-04-20,257.5444641113281,262.3004368896552,257.32496712241556,258.4773542258276,100109300,-0.01761816187453047,240.53462829589844,259.5156826782227,81.54003143310547
2020-04-21,249.72459411621094,254.29763444548425,248.7916760256004,253.09950011214448,126385700,-0.030363184167441104,242.82526245117188,258.4690417480469,81.54003143310547
2020-04-22,255.2671661376953,257.0049162166208,253.26417185311237,254.58120995562248,92951600,0.022194738332040664,244.4692741394043,257.4881521606445,81.54003143310547
2020-04-23,255.2488555908203,259.69386615566833,254.947047152438,256.5384565598926,104709700,-7.173091295697986e-05,245.94590911865234,256.49634765625,81.54003143310547
2020-04-24,258.8067626953125,259.4744369338839,254.71846167335374,256.7580486318894,85063200,0.013938973776226105,246.94146423339845,255.5364208984375,81.54003143310547
2020-04-27,262.538330078125,263.6541534426872,260.3158383647242,260.7731425647639,77896600,0.014418353461673528,248.47937927246093,254.65767395019532,81.54003143310547
2020-04-28,261.33099365234375,266.5168061709099,261.02915733590845,266.1692506121664,105270000,-0.004598705360173372,249.58057022094727,253.74495971679687,81.54003143310547
2020-04-29,268.1722106933594,269.69961837336587,265.61131939279846,266.6356759130228,118745600,0.02617836080368141,251.20216751098633,252.98489135742187,81.54003143310547
2020-04-30,265.6754150390625,268.27289912485736,263.94679204552654,266.80036532536803,122901700,-0.009310419032014572,253.22939910888672,252.1456085205078,81.54003143310547
2020-05-01,258.6419677734375,265.8399272556353,257.4803979133021,260.94676956122765,125180000,-0.026473835618515462,254.64520950317382,251.19093505859374,69.33940124511719
2020-05-04,259.3554382324219,259.6572466389891,255.2945758379468,256.7670815529989,80873200,0.002758525482644547,256.26315078735354,250.3136328125,69.33940124511719
2020-05-05,261.751708984375,264.5504076936841,259.4834707215646,262.16329381700166,79569900,0.009239331044239352,257.2385787963867,249.68538452148437,69.33940124511719
2020-05-06,259.9774169921875,263.82791023422936,259.5475499619621,263.44379036734006,73632600,-0.0067785306887658825,258.1129486083984,249.19932189941406,69.33940124511719
2020-05-07,263.1144714355469,265.03515417332994,262.6114481071013,263.1785007061858,75250400,0.01206664209396946,258.7371681213379,248.7969122314453,69.33940124511719
2020-05-08,267.46807861328125,267.93453782182627,265.1083733470764,266.23335170995387,76452400,0.016546437578979223,259.38837280273435,248.73598449707032,69.33940124511719
2020-05-11,267.5228576660156,268.8947697566106,265.12658901363613,265.54730090616414,79514200,0.0002048059455108664,260.1584716796875,248.69888549804688,69.33940124511719
2020-05-12,262.1907653808594,269.1143287808688,262.05355181087856,268.7027718058145,95870800,-0.019931352153142012,260.29017639160156,248.32182739257811,69.33940124511719
2020-05-13,257.55364990234375,262.66630589864803,255.1390710892638,261.6327942663051,144721100,-0.017686036622150847,260.4657806396484,248.01296630859375,69.33940124511719
2020-05-14,260.6358947753906,260.7639254068416,249.67887870539946,255.1299635672098,121977900,0.01196738960684729,260.7342170715332,247.53625366210937,69.33940124511719
2020-05-15,261.833984375,261.87970361161774,257.3158184969402,258.25786364656517,111146300,0.0045967943158475855,260.71775131225587,247.27262939453124,69.33940124511719
2020-05-18,269.8093566894531,271.4099206698143,267.7057694799125,268.0258599466881,119703800,0.030459653025906475,261.3309959411621,247.25943725585938,69.33940124511719
2020-05-19,267.03814697265625,270.9160766593907,267.0198648575471,269.2149188705736,95189300,-0.010270991898870596,262.19667358398436,247.6132650756836,69.33940124511719
2020-05-20,271.57452392578125,272.43425760648324,270.33067054785755,270.5593225286481,85861700,0.01698774877130016,263.01204147338865,247.7997720336914,69.33940124511719
2020-05-21,269.6996765136719,272.2514412639975,268.6112904984,271.4465815641365,78293900,-0.006903620358078011,263.7345825195313,248.2044662475586,69.33940124511719
2020-05-22,270.2118835449219,270.38566135817075,268.18145196368334,269.4161787745879,63958200,0.0018991755491557516,264.3048385620117,249.09676696777345,69.33940124511719
2020-05-26,273.54095458984375,276.38540004867997,270.230078020285,276.14759303154426,88951400,0.012320224415179881,264.85496978759767,249.6699398803711,69.33940124511719
2020-05-27,277.61102294921875,277.6476150920947,271.51972905102286,276.32142205120357,104817400,0.014879191912881229,265.6689712524414,250.86043273925782,69.33940124511719
2020-05-28,277.09881591796875,280.6383447830718,276.4311419598092,278.6353508202171,90405200,-0.0018450529298460472,266.11530151367185,251.80518249511718,69.33940124511719
2020-05-29,278.3336181640625,278.91895299063503,273.89776210984286,276.63243212883435,119090800,0.004456180160868239,266.7482116699219,253.00739959716796,69.33940124511719
2020-06-01,279.45855712890625,280.06220196111565,277.18119137546694,277.69336979462093,55758300,0.004041692743636416,267.78904113769534,254.22284057617188,68.50721740722656
2020-06-02,281.7725524902344,281.8182996586592,279.0470372355985,280.3732027105034,74267200,0.008280280930029749,268.90989685058594,255.67304473876953,68.50721740722656
2020-06-03,285.52239990234375,286.473600307981,283.47368633170566,283.7480576450486,92567600,0.013308064887687543,270.0984313964844,257.30525451660156,68.50721740722656
2020-06-04,284.7724304199219,286.2724014480952,282.68712458654153,284.54377834208793,75794400,-0.0026266572523850895,271.3381820678711,258.55296447753904,68.50721740722656
2020-06-05,292.0710144042969,293.83620174403694,290.0771749870268,290.1412042675265,150524700,0.025629531530185767,272.78600921630857,259.8800616455078,68.50721740722656
2020-06-08,295.6014099121094,295.79346983737577,292.33625162443076,292.87586716507536,73641200,0.012087455905246403,274.19267578125,261.01417663574216,68.50721740722656
2020-06-09,293.397216796875,295.6745826285939,292.08930565964937,292.9490397309873,77479200,-0.007456639384398556,275.486393737793,262.2465203857422,68.50721740722656
2020-06-10,291.760009765625,294.86054489707874,291.04661650084495,293.9733738449627,95000800,-0.005580172331298816,276.96485595703126,263.29557708740236,68.50721740722656
2020-06-11,274.9402770996094,285.49486045239485,274.3915346695875,284.86377874625066,209243600,-0.05764920517903449,277.83418731689454,264.07957733154296,68.50721740722656
2020-06-12,278.2329406738281,282.68707794933687,273.1020022913101,281.9188104439579,194678900,0.011975922949353235,278.7140396118164,265.1416204833984,68.50721740722656
2020-06-15,280.8304443359375,281.95542250093104,271.4008357686363,272.571533180231,135782700,0.00933571580639847,279.66386260986326,266.15171417236326,68.50721740722656
2020-06-16,286.23577880859375,288.68695003469736,281.39752145340583,288.54060937107715,137627500,0.019247679807073315,280.4851837158203,267.3364974975586,68.50721740722656
2020-06-17,285.0467834472656,287.5436737805925,284.3150801698456,287.25099246962446,83398900,-0.004153901955503692,281.38561553955077,268.1925701904297,68.50721740722656
2020-06-18,285.1565246582031,285.63211084262696,283.08037422942215,283.53767829923845,80828700,0.0003849936828275169,282.06471557617186,269.0459002685547,68.50721740722656
2020-06-19,283.5269470214844,288.79989229703216,281.5886165097205,288.6069871864401,135549600,-0.005714677714886651,282.7560791015625,269.7038375854492,68.50721740722656
2020-06-22,285.3457946777344,285.74080016258773,281.79068924514235,282.9297852607961,74649400,0.006415078620771064,283.5127746582031,270.3218737792969,68.50721740722656
2020-06-23,286.659423828125,288.91008594994315,286.25522305494576,287.9822576249924,68471200,0.004603639425891037,284.1686981201172,271.0126446533203,68.50721740722656
2020-06-24,279.3471374511719,285.2447743186567,277.51906654379894,284.6292778033308,132813500,-0.025508620227107648,284.25550384521483,271.4084539794922,68.50721740722656
2020-06-25,282.34185791015625,282.60826932957065,276.7657488767601,278.77755738775835,89468000,0.010720426514153392,284.51765594482424,271.9744598388672,68.50721740722656
2020-06-26,275.6358337402344,281.45999191166675,275.05711847124337,281.24869621906464,127961000,-0.02375143458911355,284.3827667236328,272.381833190918,68.50721740722656
2020-06-29,279.6870422363281,279.8248316025457,274.6070020157389,276.88522233022,79773300,0.014697684408884637,284.3941909790039,272.7323080444336,68.50721740722656
2020-06-30,283.2696838378906,284.9599933798619,279.09910982852165,279.2552617532368,113394800,0.012809465797615438,284.4690475463867,273.24681243896487,68.50721740722656
2020-07-01,285.2539367675781,286.51248764873316,283.9219356089049,284.3812521535075,72396500,0.00700481923375551,284.45562438964845,273.9573992919922,71.22785949707031
2020-07-02,286.82476806640625,290.01242543532555,286.1633512394865,288.6712011809494,69344200,0.005506782190732862,284.55824127197263,274.5885513305664,71.22785949707031
2020-07-06,291.2525939941406,291.83133729460695,289.8838397361495,290.6279302554761,61713800,0.015437390423372443,284.51732025146487,275.3086260986328,71.22785949707031
2020-07-07,288.24859619140625,291.6842738605442,287.8719533827628,289.718414264675,82910000,-0.010314063684510266,284.14967956542966,275.8974627685547,71.22785949707031
2020-07-08,290.4532775878906,290.5635090253282,287.25645376442134,289.0110175343776,54638600,0.007648541660270292,284.00248260498046,276.45576171875,71.22785949707031
2020-07-09,288.79986572265625,291.29854876580123,285.40091218882344,291.0596951993123,83354200,-0.00569252266307807,283.854475402832,277.00513916015626,71.22785949707031
2020-07-10,291.7486267089844,292.0150381063535,287.31164202517806,288.7355118423281,57550400,0.010210395974213915,284.6948928833008,277.47666748046873,71.22785949707031
2020-07-13,289.2224426269531,296.45208065811465,288.5702209738263,294.08201958882603,102997500,-0.008658769402027366,285.244367980957,277.9476080322266,71.22785949707031
2020-07-14,292.970458984375,293.742107367341,286.61350606595687,287.80771779411623,93657000,0.012958940265421104,285.8513687133789,278.6341778564453,71.22785949707031
2020-07-15,295.66204833984375,296.75522389579646,293.2919594068963,296.176480597415,87196500,0.009187238074444659,286.3226821899414,279.36031005859377,71.22785949707031
2020-07-16,294.6883239746094,295.1384452286561,293.12663646975597,293.7696908622151,54622500,-0.0032933694760686194,286.8047592163086,280.01904235839845,71.22785949707031
2020-07-17,295.542724609375,296.32356856938503,293.72382047088325,295.68970931056816,62774900,0.0028993365710656693,287.3240692138672,280.7303485107422,71.22785949707031
2020-07-20,297.9310607910156,298.6751512770174,294.53210748290684,295.27619796890855,56308800,0.008081187533197864,288.0442749023438,281.4266802978516,71.22785949707031
2020-07-21,298.56494140625,300.3287011916338,297.5819972984977,299.887775262516,57292200,0.0021276083586296846,288.70523223876955,282.0486175537109,71.22785949707031
2020-07-22,300.264404296875,300.57676422399317,298.09644361801094,298.20667510548435,57792900,0.0056921046477207415,289.385481262207,282.7034484863281,71.22785949707031
2020-07-23,296.6817626953125,300.60434429920406,295.3222035367767,299.90617411436045,75738000,-0.011931622764116634,290.25221252441406,283.39326843261716,71.22785949707031
2020-07-24,294.7710266113281,295.7906960099343,293.2736500051928,294.83533766379713,73766600,-0.006440355708505985,290.87367095947263,284.1376159667969,71.22785949707031
2020-07-27,296.92059326171875,297.0951357943914,294.66993094112354,295.4599699891878,48293000,0.007292326776827229,291.9379089355469,284.8633099365234,71.22785949707031
2020-07-28,295.0373840332031,297.3064087498554,294.7434147338862,296.19484259327356,57495000,-0.006342467552783337,292.70542602539064,285.5273779296875,71.22785949707031
2020-07-29,298.66595458984375,299.2263352942239,295.8733024378187,295.910055607234,48454200,0.012298680618155977,293.4752395629883,286.1045098876953,71.22785949707031
2020-07-30,297.60028076171875,298.0136767448375,293.631808282244,295.7078993937221,61861700,-0.003568112842283866,294.0925567626953,286.71575256347654,71.22785949707031
2020-07-31,299.9519958496094,300.0530600436379,295.1842889920088,299.38244795338665,84986800,0.007902260985343634,294.7489181518555,287.28330200195313,71.22785949707031
2020-08-03,302.037353515625,302.7998065744939,301.063604773236,301.6055948819654,53077900,0.006952304684984201,295.2881561279297,287.9300555419922,66.47328186035156
2020-08-04,303.2040100097656,303.2040100097656,301.1830061675054,301.1830061675054,41917900,0.0038626232171652397,296.03592681884766,288.58989807128904,66.47328186035156
2020-08-05,305.0871887207031,305.344432870868,304.2328667686408,304.49927818527294,42697700,0.006210929436180068,296.76762237548826,289.22082275390625,66.47328186035156
2020-08-06,307.1265563964844,307.2459831711578,304.1869476378153,304.50847479244663,43679400,0.006684540522113647,297.6839569091797,289.8111334228516,66.47328186035156
2020-08-07,307.3470764160156,307.631850428163,305.2617613816024,306.16203189273534,57308300,0.000718010262995783,298.46387939453126,290.4160986328125,66.47328186035156
2020-08-10,308.26568603515625,308.4493958165676,305.8680393000417,307.7971742288162,44282100,0.0029888347397104553,299.4160415649414,291.0147399902344,66.47328186035156
2020-08-11,305.7210388183594,310.07537812563476,304.9953389625245,309.441519138521,69601100,-0.008254720950377381,300.05357055664064,291.53998962402346,66.47328186035156
2020-08-12,309.9834899902344,310.75513826700785,308.1186663127522,308.14622417854946,53774400,0.013942289311686729,300.76964263916017,292.1042083740234,66.47328186035156
2020-08-13,309.4231872558594,310.7276586457943,308.5045541186952,309.2210868443049,41816100,-0.001807524440713415,301.50638580322266,292.58222412109376,66.47328186035156
2020-08-14,309.4323425292969,309.96516537922156,308.31160912555913,309.0373370596852,47260400,2.9588194468299633e-05,302.20086669921875,293.07542236328123,66.47328186035156
2020-08-17,310.4153137207031,310.8103192248424,309.4415648789166,310.4428715922836,35481000,0.00317669182016167,302.8250793457031,293.4423083496094,66.47328186035156
2020-08-18,311.08587646484375,311.50843977331124,309.2210246583516,310.8102697584453,38733900,0.002160211544021795,303.4511260986328,293.7519976806641,66.47328186035156
2020-08-19,309.7906188964844,311.97694190316844,309.23023818456306,311.4625096622481,68054200,-0.004163665618891477,303.9274368286133,294.0798657226562,66.47328186035156
2020-08-20,310.7551574707031,311.2328365188577,307.9441428478694,308.0727368847193,42207800,0.003113517696741619,304.6311065673828,294.4597686767578,66.47328186035156
2020-08-21,311.8575744628906,312.0780374355691,310.0845912760767,310.4245090715658,55106600,0.0035475420622470555,305.4854339599609,295.19811462402345,66.47328186035156
2020-08-24,315.0176086425781,315.0910869399419,311.8299513355394,314.28268549668286,48588700,0.010132940285737746,306.3902847290039,295.9338079833984,66.47328186035156
2020-08-25,316.1199951171875,316.20266872609784,314.4205183977049,315.5780049913605,38463400,0.003499443981431982,307.4444152832031,296.63959899902346,66.47328186035156
2020-08-26,319.289306640625,319.55569004926366,316.1659597726134,316.7079499261824,50790200,0.010025659788659214,308.4755828857422,297.30066955566406,66.47328186035156
2020-08-27,319.9873962402344,321.4296566689116,318.3338681796613,320.1527714738535,58034100,0.002186385779574751,309.59493865966795,297.9994818115234,66.47328186035156
2020-08-28,322.0543212890625,322.18294335620885,319.8220499903276,321.0070943234452,48588900,0.006459395192166761,310.70005493164064,298.7374377441406,66.47328186035156
2020-08-31,320.8876647949219,322.715735344681,320.65800656366764,321.84305088658607,66099200,-0.0036225456918911325,311.64257049560547,299.4846520996094,66.47328186035156
2020-09-01,323.90997314453125,324.0110093091774,320.82335195593424,321.71442700956277,54908700,0.009418586880056257,312.67786865234376,300.2559356689453,65.46604919433594
2020-09-02,328.594970703125,329.559523949686,324.67239062235956,325.811514381806,69540000,0.01446388795353104,313.85325775146487,301.09464660644534,65.46604919433594
2020-09-03,317.2866516113281,327.38241887389745,314.71446250184243,326.91390709312424,148011100,-0.03441415754964061,314.361262512207,301.85343688964844,65.46604919433594
2020-09-04,314.696044921875,319.528034384878,307.6225611503972,317.96637544605505,139156300,-0.008164877647064084,314.7287109375,302.5005206298828,65.46604919433594
2020-09-08,306.0976867675781,314.76041705680797,305.79455021998007,309.31290219076556,114465300,-0.02732273980892086,314.6203109741211,303.10975769042966,65.46604919433594
2020-09-09,312.1423034667969,314.5950377875089,309.2210293277964,310.0845465588693,91462300,0.01974734524475008,314.94137420654295,303.75886291503906,65.46604919433594
2020-09-10,306.7223205566406,314.65929340975237,305.76693459029764,314.00707196819104,90569500,-0.017363820443302314,314.77831573486327,304.22791564941406,65.46604919433594
2020-09-11,306.8785400390625,309.5517654532482,304.0675252807341,308.49534310221514,84680200,0.0005093189244864682,314.6510833740234,304.66040771484376,65.46604919433594
2020-09-14,310.92047119140625,312.68425862482945,307.02547682042814,310.02939619225884,65605700,0.013171110472010472,314.7254898071289,305.14232177734374,65.46604919433594
2020-09-15,312.4913330078125,314.1907812662179,310.9296460285526,313.36401735020615,52920900,0.00505229459606471,314.82929077148435,305.56709655761716,65.46604919433594
2020-09-16,311.25128173828125,315.1462772122179,310.97567498046277,313.7224070840924,82096000,-0.003968274120102588,314.8375610351562,306.0271502685547,65.46604919433594
2020-09-17,308.513671875,310.2223436585627,305.89556248526213,306.4191899701,91523300,-0.008795497477125935,314.77371368408205,306.3883581542969,65.46604919433594
2020-09-18,304.9619140625,309.4258928149711,302.49012905972876,309.3152200755453,105877900,-0.011512481086864312,314.4840515136719,306.71159912109374,65.46604919433594
2020-09-21,301.56781005859375,301.71538308915785,296.73491293099994,300.3964860710057,99450800,-0.011129599623416087,313.96956329345704,306.9079827880859,65.46604919433594
2020-09-22,304.6390380859375,305.19242981762375,300.54397867680115,303.043459504694,63612100,0.010184203767461097,313.450634765625,307.2163146972656,65.46604919433594
2020-09-23,297.5741882324219,305.46916160559636,297.0761328236134,305.19245164662516,93112200,-0.023190888134050125,312.5233444213867,307.3083892822266,65.46604919433594
2020-09-24,298.36737060546875,301.4109832200537,294.9548113676943,296.26450432799584,76681300,0.0026654945368693728,311.4772476196289,307.36249572753906,65.46604919433594
2020-09-25,303.19097900390625,303.9749199932202,296.65180442605316,297.5187499384709,71069400,0.016166675292439203,310.6374267578125,307.532548828125,65.46604919433594
2020-09-28,308.22686767578125,308.9370364423363,306.3453468665424,307.3322255987747,64584600,0.016609625683520424,309.94605407714846,307.78623168945313,65.46604919433594
2020-09-29,306.5482482910156,308.7617872255907,305.85651561479375,308.02395029629054,51304000,-0.005446051466646784,309.2290832519531,307.9585754394531,65.46604919433594
2020-09-30,308.87237548828125,312.0082235145511,307.0185235849482,307.2122007826106,104081100,0.007581603255678138,308.4772033691406,308.16472412109374,65.46604919433594
2020-10-01,310.85540771484375,312.4233180156539,308.9831193152461,311.4549036577027,88698700,0.006420231733017978,307.59022521972656,308.3765441894531,80.37738037109375
2020-10-02,307.9040222167969,310.82775782543484,305.4599059080019,305.93029309925635,89431100,-0.009494399726686642,307.12109375,308.60098937988283,80.37738037109375
2020-10-05,313.3641357421875,313.54858090194296,309.9054723466813,309.95157659995147,45713100,0.01773316725802987,307.05449829101565,308.9728515625,80.37738037109375
2020-10-06,308.9093017578125,315.58684573448136,308.40204248328774,313.5024159911563,90128900,-0.014216157741931634,307.19507904052733,309.2126257324219,80.37738037109375
2020-10-07,314.28643798828125,315.08884337216455,311.82385732877054,311.85152550936397,56999600,0.017406844662400278,307.3022857666016,309.59760681152346,80.37738037109375
2020-10-08,317.07177734375,317.136345808454,315.30092949856623,316.2140356726997,45242500,0.008862422996351427,307.819758605957,309.9657232666016,80.37738037109375
2020-10-09,319.9033203125,320.3644754439447,318.09560007830606,318.7135321923036,59528600,0.008930290145881425,308.4709976196289,310.4117840576172,80.37738037109375
2020-10-12,325.0497741699219,326.51624399741416,321.9415933267458,322.4304166025766,80388500,0.016087528733351508,309.1774627685547,310.91373962402344,80.37738037109375
2020-10-13,322.9284362792969,325.0866385120567,321.96922590473577,324.9113973432425,73255500,-0.006526194014569775,309.6993179321289,311.33156127929686,80.37738037109375
2020-10-14,320.8993835449219,324.588624372676,320.1707787470456,323.50030508369025,57727900,-0.006283289132890446,310.1817230224609,311.68546875,80.37738037109375
2020-10-15,320.5027160644531,320.98230711828194,316.4722259802891,317.00715338084177,60357700,-0.0012361116935994954,310.7811752319336,311.993779296875,80.37738037109375
2020-10-16,320.30902099609375,323.5002054481727,320.13377985901445,321.84926280516146,89501900,-0.0006043476658725844,311.5485305786133,312.2574285888672,80.37738037109375
2020-10-19,315.4394226074219,322.19071406514496,314.5447802979855,321.5635496813519,68425600,-0.015202813750073152,312.2421112060547,312.4192755126953,80.37738037109375
2020-10-20,316.70294189453125,319.93102821542567,316.0204412221937,316.77671434018436,60051900,0.004005584579965138,312.8453063964844,312.5880206298828,80.37738037109375
2020-10-21,316.1033935546875,318.81498786798693,315.7990154182925,316.6567571723614,63575000,-0.0018930936866491388,313.77176666259766,312.79566772460936,80.37738037109375
2020-10-22,317.8373718261719,318.418431878702,314.18503054171345,316.31556530320415,55399300,0.0054854781911235495,314.7452667236328,312.95274536132814,80.37738037109375
2020-10-23,318.91644287109375,319.1101201460179,316.47232629384683,319.0547837817538,49143900,0.003395041428646106,315.5315399169922,313.1426104736328,80.37738037109375
2020-10-26,313.0229187011719,316.33400943251553,309.5457907177374,315.55004001693953,91473000,-0.01847983790633223,315.7713424682617,313.2144219970703,80.37738037109375
2020-10-27,311.9437255859375,313.69610916029956,311.73158412847806,313.36409103210644,65994100,-0.0034476488805109673,316.04111633300784,313.244990234375,80.37738037109375
2020-10-28,301.2818908691406,311.9714640421637,300.79306752806804,306.2992612343689,127094300,-0.03417871187109245,315.6615921020508,313.0489105224609,80.37738037109375
2020-10-29,304.3439636230469,307.49824909412393,299.83385273532434,301.5124642403669,90597700,0.010163480934989977,315.3360198974609,312.9399774169922,80.37738037109375
2020-10-30,301.1711730957031,304.07644452408306,297.5372687463835,302.7759837968387,120287300,-0.010425015464652021,314.99937744140624,312.7482977294922,80.37738037109375
2020-11-02,304.546875,306.5390404964642,301.8168162223565,304.546875,86068300,0.01120858238057254,314.5585144042969,312.6020837402344,76.08316802978516
2020-11-03,309.9239196777344,311.9714496081248,304.62986772162367,307.76571701813515,93294200,0.017655885248319736,314.60924530029297,312.5002099609375,76.08316802978516
2020-11-04,316.8504943847656,320.90865415281115,313.2073573716277,314.3786813421589,126959700,0.022349274345244696,314.73744812011716,312.51481994628904,76.08316802978516
2020-11-05,323.02996826171875,324.8284847044749,321.75717547412864,322.107657910906,82039700,0.019502806485916624,315.0353576660156,312.5896331787109,76.08316802978516
2020-11-06,322.9561462402344,324.20127065202445,320.6411386081411,322.74400475930975,74973000,-0.00022852994687028172,315.18799896240233,312.6490081787109,76.08316802978516
2020-11-09,327.01434326171875,336.0714373165098,326.55318810389855,335.69328670949596,172304200,0.012565783524260965,315.2862274169922,312.7482086181641,76.08316802978516
2020-11-10,326.5346984863281,327.5861174374779,323.2789447318522,326.02741100790297,85552000,-0.0014667392586102945,315.46654052734374,312.8611492919922,76.08316802978516
2020-11-11,328.96038818359375,329.7812296172515,327.4754541399261,328.71134641817173,58649000,0.007428581735754447,315.86959075927734,312.96215759277345,76.08316802978516
2020-11-12,325.76922607421875,329.0065443622718,323.9707378060497,327.9550970682561,67546200,-0.009700748856102392,316.13291625976564,312.9056427001953,76.08316802978516
2020-11-13,330.279296875,331.01713379560016,327.15265170494035,327.6691431786953,62892200,0.01384437337783928,316.6314300537109,313.1654956054688,76.08316802978516
2020-11-16,334.4020080566406,334.5956853129893,331.6535135928725,332.9355382509408,74541100,0.012482499571267125,317.5795593261719,313.5596148681641,76.08316802978516
2020-11-17,332.6034851074219,333.802505202386,330.5006190703116,332.00398913327604,66111000,-0.005378325805131312,318.3745864868164,314.08973083496096,76.08316802978516
2020-11-18,328.6007080078125,333.41516883301097,328.56380771525403,332.87100914114745,70591300,-0.012034681772250755,318.9994522094727,314.41889892578126,76.08316802978516
2020-11-19,329.984130859375,330.3530492973279,326.63614044527395,327.9735014478599,59940900,0.004210042211867604,319.60679016113284,314.88413513183593,76.08316802978516
2020-11-20,327.7244567871094,329.9287915800389,327.650684358841,329.7258822189603,70417300,-0.006847826489052022,320.0471908569336,315.3010534667969,76.08316802978516
2020-11-23,329.68902587890625,330.94338250005325,327.3002456235461,329.5230167831691,63230600,0.005994575781913758,320.8804962158203,315.6764245605469,76.08316802978516
2020-11-24,335.0016174316406,335.5457772433466,331.3769439597597,332.2254538487417,62415900,0.016113947191817246,322.0333908081055,316.12663024902344,76.08316802978516
2020-11-25,334.48504638671875,334.9462015223956,333.3967270217236,334.918533340122,45330900,-0.0015419956741770102,323.69354858398435,316.5913055419922,76.08316802978516
2020-11-27,335.41656494140625,335.88692400664513,334.4112220479706,335.5733419142613,28514100,0.0027849333318492597,325.24717864990237,317.1293634033203,76.08316802978516
2020-11-30,333.93157958984375,334.90922600615437,331.2661181405952,334.64174820647105,83872700,-0.0044272868628951745,326.88519897460935,317.70875671386716,76.08316802978516
2020-12-01,337.583984375,339.1150227531008,336.57866958962217,337.16896165443563,74231400,0.010937584248972065,328.53705444335935,318.4290802001953,70.06746673583984
2020-12-02,338.29412841796875,338.45090537235035,335.90534864392777,336.47717640069897,45927000,0.002103607030657928,329.95556488037107,319.10218200683596,70.06746673583984
2020-12-03,338.20196533203125,339.5854307786495,337.10441382598,338.1927332221173,62882000,-0.0002724347784825998,331.02313842773435,319.9147375488281,70.06746673583984
2020-12-04,341.11639404296875,341.11639404296875,338.69071399123095,338.78295063000496,50749900,0.00861742097824969,331.9274597167969,320.7697180175781,70.06746673583984
2020-12-07,340.41546630859375,340.90428958580924,339.1519058456032,340.3508978397775,48944300,-0.002054805182675312,332.80042572021483,321.5142077636719,70.06746673583984
2020-12-08,341.41162109375,341.9742168745156,339.10584531026393,339.1519495672629,42458900,0.002926291205151088,333.5202896118164,322.17790283203124,70.06746673583984
2020-12-09,338.3495788574219,342.223265683624,337.51950511942715,342.06648867638006,74098300,-0.008968769799102105,334.1110336303711,322.81392944335937,70.06746673583984
2020-12-10,338.2388610839844,339.2810480632366,336.1175305396437,336.9845044596191,57735400,-0.0003272289382223459,334.5749572753906,323.40125915527346,70.06746673583984
2020-12-11,337.8421936035156,338.2480123175463,335.0383910387043,336.55096503463255,57698600,-0.0011727436616759679,335.1786056518555,323.94099487304686,70.06746673583984
2020-12-14,336.32965087890625,341.0703108111561,336.1544096839779,340.0004557165168,69216200,-0.004477068741699175,335.48112335205076,324.50950744628904,70.06746673583984
2020-12-15,340.87664794921875,340.87664794921875,337.49178503398645,338.8567862142581,63865300,0.013519465376989892,335.8048553466797,325.0597576904297,70.06746673583984
2020-12-16,341.41162109375,342.32469929707383,340.21260079833104,341.08880685472656,58420500,0.0015694039112088554,336.2452621459961,325.7098040771484,70.06746673583984
2020-12-17,343.32073974609375,343.52364911590456,342.2231883566635,343.0440579448397,64119500,0.005591838515126346,336.9812637329102,326.29049011230467,70.06746673583984
2020-12-18,341.94989013671875,343.7745873422909,339.94920475396054,343.6078706270574,136542300,-0.003992912313974473,337.57955169677734,326.7880523681641,70.06746673583984
2020-12-21,340.7273254394531,350.54549505048345,335.32734770004896,338.0505010968188,96386700,-0.003575274426252384,338.22969512939454,327.2045324707031,70.06746673583984
2020-12-22,340.1529541015625,341.16255404751814,339.03220968693654,341.0514095788478,47949000,-0.0016857213818992633,338.75289154052734,327.50659606933596,70.06746673583984
2020-12-23,340.45867919921875,342.35746343749054,340.13448894065533,341.116302912313,46201400,0.0008987871308181461,339.02574462890624,327.85720092773437,70.06746673583984
2020-12-24,341.783203125,341.8109892466204,340.3475397301883,340.9310482842166,26457900,0.003890410222164409,339.3906524658203,328.2748773193359,70.06746673583984
2020-12-28,344.71942138671875,345.10842711140884,343.7005497585794,344.3211159320895,39000400,0.00859087934945979,339.8557952880859,328.75921142578125,70.06746673583984
2020-12-29,344.06170654296875,346.41436818810644,343.47816979581654,346.2383800178018,53680500,-0.0019079715355293514,340.3623016357422,329.23426513671876,70.06746673583984
2020-12-30,344.5526428222656,345.580785813549,344.1636371354638,344.8768330723695,49455300,0.001426884393005201,340.71073455810546,329.8165295410156,70.06746673583984
2020-12-31,346.30328369140625,347.02575115427703,343.8487486102848,344.3581702862446,78520700,0.005080909711796089,341.11119232177737,330.4085363769531,70.06746673583984
2021-01-04,341.5887145996094,347.75748825794324,337.91153359546706,347.6278008405059,110210800,-0.013613988991216353,341.28052978515626,330.9182427978516,64.06729125976562
2021-01-05,343.9412536621094,345.02496868564185,340.90318258528833,340.94951162161084,66426200,0.006887051480191753,341.4217727661133,331.4403204345703,64.06729125976562
2021-01-06,345.9975891113281,349.17461974787045,341.8943450056138,342.4408242377529,107997700,0.005978740343951072,341.70087890625,331.981943359375,64.06729125976562
2021-01-07,351.1382751464844,351.87925728639124,348.1835615169557,348.3595497218485,68766800,0.014857577615958961,342.18721160888674,332.74425048828124,64.06729125976562
2021-01-08,353.1389465332031,353.351964049799,349.28577737519294,352.51835210952186,71677200,0.005697673903205525,342.92667999267576,333.5681549072266,64.06729125976562
2021-01-11,350.7584533691406,352.509035392322,349.8599978362601,349.9804137736542,51034700,-0.006740953348340684,343.5526596069336,334.55768615722656,64.06729125976562
2021-01-12,350.8325500488281,351.8421500854146,348.600304213812,350.9437227941285,52547700,0.00021124702477104407,344.2021774291992,335.4874578857422,64.06729125976562
2021-01-13,351.77734375,352.7684008880122,349.98043258764204,350.7584722249537,45303600,0.0026930046856836753,344.9745620727539,336.4995812988281,64.06729125976562
2021-01-14,350.54541015625,353.0184878217367,350.2119767271878,352.5183094114912,49989100,-0.0035020265393370664,345.45800018310547,337.41955200195315,64.06729125976562
2021-01-15,347.98907470703125,349.7303856428167,346.13659100513945,348.93383121899916,107160000,-0.007292451634381081,345.78687286376953,338.18085510253906,64.06729125976562
2021-01-19,350.721435546875,351.25867159512734,348.9615818623468,350.43430286360933,51233300,0.007851858114063193,346.1569076538086,338.85827392578125,64.06729125976562
2021-01-20,355.5749206542969,356.40853248612547,352.6109360670709,352.99994173082,61836100,0.013838575620146898,346.8381591796875,339.5091729736328,64.06729125976562
2021-01-21,355.8991394042969,356.55679143284385,354.98216906964274,356.13069985378786,47840100,0.0009118155729415101,347.5967498779297,340.16803283691405,64.06729125976562
2021-01-22,354.6394958496094,355.79729820062977,353.67619637889595,354.0559589420297,52860500,-0.0035393273408749204,348.32107696533205,340.72053588867186,64.06729125976562
2021-01-25,356.0380554199219,356.39000351678175,350.545420736657,355.3711602750166,70402000,0.003943609176868312,349.1000457763672,341.31060302734375,64.06729125976562
2021-01-26,355.4823303222656,357.3903860722406,355.25076988400014,356.98283743956097,42665300,-0.0015608587037158062,349.78500213623045,341.8410418701172,64.06729125976562
2021-01-27,346.794189453125,352.2682817840443,344.57121482669146,352.17565195238956,123351100,-0.02444042960240611,349.8887405395508,342.2615411376953,64.06729125976562
2021-01-28,349.7766418457031,353.7594696685846,348.16499040605424,348.60029684934375,94198100,0.008600064485743797,350.1744873046875,342.6514880371094,64.06729125976562
2021-01-29,342.7742919921875,348.8874932095309,341.1070398783729,347.92419387265943,126765100,-0.020019489627911113,350.08556976318357,342.8189337158203,64.06729125976562
2021-02-01,348.4798889160156,349.5080035286614,343.0613698782422,346.1550134441998,75817600,0.016645346681828155,350.19440002441405,343.1364617919922,77.418701171875
2021-02-02,353.4075927734375,354.95442921499745,348.5633656292974,351.64773878123896,64450700,0.01414056883669823,350.7853439331055,343.6325994873047,77.418701171875
2021-02-03,353.6854248046875,355.3989777290151,352.41647810504685,354.2319040558715,52427100,0.0007861518454361782,351.2725524902344,344.10662536621095,77.418701171875
2021-02-04,357.7052917480469,357.75159252733863,353.79655056291546,354.7135208194631,47142600,0.011365656205876151,351.8579376220703,344.7062420654297,77.418701171875
2021-02-05,359.1131896972656,359.8171424896875,357.6590115971153,359.56706738711136,48669800,0.003935915910940446,352.2566833496094,345.2947253417969,77.418701171875
2021-02-08,361.7066345214844,361.7529352971616,359.7059491724851,360.55807565817906,38365200,0.0072218033161217665,352.68506774902346,345.8288256835938,77.418701171875
2021-02-09,361.46588134765625,362.0586896986438,360.46555258868733,360.8730729966688,35551100,-0.0006656034223608831,353.2204391479492,346.3684423828125,77.418701171875
2021-02-10,361.308349609375,363.34609265440474,358.9186584626159,363.197890590525,59154400,-0.00043581357580391167,353.7442291259766,346.8862780761719,77.418701171875
2021-02-11,361.8919372558594,362.7996644246822,359.4744596490832,362.3828442947827,42913300,0.001615206643066358,354.24995880126954,347.4454852294922,77.418701171875
2021-02-12,363.6795654296875,363.92036905749677,361.0212279279476,361.09534309546916,50593300,0.004939673946270595,354.9066665649414,347.96739685058594,77.418701171875
2021-02-16,363.36468505859375,365.09678115079834,362.65148897356323,364.9022500003414,50972400,-0.0008658181570408985,355.67544708251955,348.46880798339845,77.418701171875
2021-02-17,363.4479675292969,363.6980425939292,360.61364213020715,361.6232703836871,52290600,0.00022919803197085642,356.3117736816406,348.9737280273437,77.418701171875
2021-02-18,361.9011535644531,362.64213560839346,359.14094315746735,360.854495934064,59712800,-0.004255943362013848,356.6280853271484,349.3894232177734,77.418701171875
2021-02-19,361.2619934082031,363.4386667208575,360.81738728477296,363.15153409947,83241000,-0.001766118040671505,356.89622802734374,349.8063537597656,77.418701171875
2021-02-22,358.4833068847656,360.88226938109636,358.21468888994264,358.5110930037713,67414200,-0.007691610449311104,357.0884185791016,350.1477874755859,77.418701171875
2021-02-23,358.91864013671875,360.26170183872983,352.15708738402975,356.2881172371343,107284100,0.0012143752403317443,357.2324478149414,350.55916870117187,77.418701171875
2021-02-24,362.873779296875,363.29987092323375,356.8532069417338,357.8350210952394,72433900,0.01101959808676889,357.6020202636719,351.0518670654297,77.418701171875
2021-02-25,354.1300048828125,362.9756307811768,352.6943414403151,361.614054243243,146670500,-0.024095911341417198,357.96881103515625,351.37762329101565,77.418701171875
2021-02-26,352.3053283691406,357.14031184524765,350.3324570181541,356.0010524866953,152701600,-0.005152561173899062,358.0952453613281,351.6971368408203,77.418701171875
2021-03-01,360.84527587890625,362.0864647926419,352.49985630016823,357.14958006161066,105348800,0.02424018833123509,358.99879455566406,352.09650939941406,73.95680236816406
2021-03-02,358.0295104980469,361.29914289591414,357.52933201527884,361.0675824477177,79595300,-0.007803248564086207,359.4762756347656,352.4288671875,73.95680236816406
2021-03-03,353.287109375,358.2980519232204,353.18520809288117,357.33478094068346,119940200,-0.013245838636177898,359.4702514648437,352.6281945800781,73.95680236816406
2021-03-04,348.915283203125,355.67683676199033,344.45079112435485,353.1018857931817,183433000,-0.012374711830299145,359.23174438476565,352.76750244140624,73.95680236816406
2021-03-05,355.3341369628906,356.3807946921803,345.1547488924629,352.39793809635813,152039600,0.018396596734998383,359.1131866455078,353.059638671875,73.95680236816406
2021-03-08,353.5649719238281,359.0853643704964,353.28711072907987,356.2881246989713,123149200,-0.004978877217325373,358.8357757568359,353.3278790283203,73.95680236816406
2021-03-09,358.613037109375,361.15093050380403,356.89021272533046,357.39039119381505,113633600,0.014277616807115256,358.6810958862305,353.69096618652344,73.95680236816406
2021-03-10,360.84527587890625,362.53104277568065,359.53929978707265,360.9471771777907,109899400,0.006224644780135069,358.65006561279296,354.07220764160155,73.95680236816406
2021-03-11,364.50384521484375,366.46747282760145,362.84586488395325,363.2997424761979,86245000,0.010138886610130626,358.8098403930664,354.46789611816405,73.95680236816406
2021-03-12,364.994873046875,365.1338036755719,362.345834837524,363.15166075062507,64653600,0.0013471129001172422,358.96498718261716,354.88655944824217,73.95680236816406
2021-03-15,367.1715087890625,367.4308553577761,363.11456525466946,365.24491005005603,73427200,0.005963469360590112,359.13958435058595,355.3389367675781,73.95680236816406
2021-03-16,366.70831298828125,368.48668101999846,365.9395166356945,367.7827566296584,73722500,-0.0012615243549503052,359.3067657470703,355.7470373535156,73.95680236816406
2021-03-17,367.95867919921875,368.75523326031924,364.2907427877029,365.4300299215799,97959300,0.003409702389205016,359.5323013305664,356.2744366455078,73.95680236816406
2021-03-18,362.6051025390625,367.45859988992873,361.92893593764336,365.38382757505207,115349100,-0.014549396339303966,359.5674987792969,356.64771362304685,73.95680236816406
2021-03-19,361.9342041015625,363.8763863440196,359.7689764719853,362.30590860111545,113624500,-0.0018502178618066134,359.60110931396486,356.96644592285156,73.95680236816406
2021-03-22,364.82427978515625,366.1996177896849,362.3895824149107,362.44533667840955,73778600,0.007985085827320049,359.91815795898435,357.240166015625,73.95680236816406
2021-03-23,361.9527282714844,365.6326505079344,361.1721404249181,364.1922851409189,90686600,-0.007871053745005518,360.06986236572266,357.41644165039065,73.95680236816406
2021-03-24,360.11279296875,364.9729135223698,360.0663405424219,363.3466815716018,97588600,-0.005083358016172546,359.9318130493164,357.6035284423828,73.95680236816406
2021-03-25,362.1386413574219,362.928502774503,356.7488269231494,358.6817356717282,116128600,0.005625594058936034,360.3322448730469,357.8296502685547,73.95680236816406
2021-03-26,367.9744873046875,368.3740689250356,362.6869079495488,363.28162946554033,114409100,0.016114949582267224,361.1157028198242,358.1535931396484,73.95680236816406
2021-03-29,367.7886962890625,368.6900947565483,365.02874661927524,366.50629142199597,108107600,-0.0005049018941118977,361.462873840332,358.4984588623047,73.95680236816406
2021-03-30,366.8128967285156,367.4819761652533,365.22381534174167,366.5248236170681,76262200,-0.002653152667258518,361.9020431518555,358.8749353027344,73.95680236816406
2021-03-31,368.2996520996094,369.8515542651653,367.3518015417201,367.37967866521006,112734200,0.004053170933611128,362.6526702880859,359.22649963378905,73.95680236816406
2021-04-01,372.27703857421875,372.3328211938381,370.0189059510316,370.22334769217844,99682900,0.010799321834639386,363.8207580566406,359.5605419921875,78.61876678466797
2021-04-05,377.620361328125,378.15935697469143,374.85113861446,374.92546817300206,91684800,0.014353081711325988,364.93506927490233,359.9949664306641,78.61876678466797
2021-04-06,377.3973083496094,378.43809222549146,376.72822894950895,377.062782829176,62021000,-0.0005906804859016068,366.1266860961914,360.45012268066404,78.61876678466797
2021-04-07,377.8341064453125,378.17793382855064,376.7747471661256,377.2300830672533,55836300,0.0011573958956232477,367.0877395629883,360.8860437011719,78.61876678466797
2021-04-08,379.6275939941406,379.6833482520154,378.1500494419872,379.07932488554803,57863100,0.004746759274067092,368.02685546875,361.3689489746094,78.61876678466797
2021-04-09,382.38751220703125,382.55480332633414,379.38597091748704,379.5067812528372,61104600,0.007270067446501827,368.92103881835936,362.0808154296875,78.61876678466797
2021-04-12,382.5270080566406,382.7964775524493,381.1888489712664,381.7928724180384,56704900,0.00036480231481483827,369.79764556884766,362.73582275390623,78.61876678466797
2021-04-13,383.66064453125,384.2832715540899,382.04371434066746,382.42472067416116,56551000,0.0029635462352544106,370.62210235595705,363.5535498046875,78.61876678466797
2021-04-14,382.3503723144531,384.68283426978144,381.81137670460754,383.6327485367833,61659900,-0.0034151853610050464,371.4042053222656,364.23095947265625,78.61876678466797
2021-04-15,386.457763671875,386.7272614837685,384.43195006619254,384.47840249341357,60229800,0.010742480339587246,372.32915954589845,364.891962890625,78.61876678466797
2021-04-16,387.74951171875,388.35353513360724,386.3277213105681,387.7402098886137,82037300,0.003342533565897643,373.5863800048828,365.57324462890625,78.61876678466797
2021-04-19,385.84442138671875,387.26621157931834,384.52486623240225,386.82017754821817,78498500,-0.0049131985326987815,374.7818908691406,366.1360272216797,78.61876678466797
2021-04-20,383.0194091796875,385.7328771483099,381.55113833869905,384.63633911111634,81851800,-0.007321635484266453,375.6916473388672,366.6141516113281,78.61876678466797
2021-04-21,386.6435852050781,386.8480269077358,382.26667807443886,382.4060920583846,66793000,0.009462121079327313,376.9261901855469,367.112890625,78.61876678466797
2021-04-22,383.11236572265625,387.303406925715,382.05300649472724,386.47636655189376,97582800,-0.009133009359379107,378.0761688232422,367.5458203125,78.61876678466797
2021-04-23,387.2662658691406,388.6694809602353,383.5956446305461,383.66997419307154,73209200,0.010842511279031575,379.3325500488281,368.06497863769533,78.61876678466797
2021-04-26,388.07464599609375,388.6415186781956,387.33123709676823,387.9166850756221,52182400,0.002087401351984264,380.3375579833984,368.5886328125,78.61876678466797
2021-04-27,387.9910583496094,388.56723292463965,386.8573412168641,388.37206467020457,51303100,-0.00021539064029763022,381.3476760864258,369.0748626708984,78.61876678466797
2021-04-28,387.8795471191406,389.375695263148,387.4149094181452,388.260553437065,51238900,-0.0002874067019561499,382.40100860595703,369.5651599121094,78.61876678466797
2021-04-29,390.3514404296875,390.96476562535156,386.9874678625414,390.59306111989224,78544300,0.0063728374669562715,383.50359802246095,370.10322937011716,78.61876678466797
2021-04-30,387.78662109375,388.9389418978536,386.8945246318917,388.0932978632619,85527000,-0.0065705389305448225,384.2790771484375,370.6209387207031,78.61876678466797
2021-05-03,388.6229553222656,390.1469521204787,388.13044053050237,389.7659458311173,68128300,0.0021566866493658576,384.8292068481445,371.16815795898435,88.16622161865234
2021-05-04,386.2254333496094,387.13613344183,382.55481257184357,386.64361861912283,101591200,-0.0061692752314852495,385.2706130981445,371.72300048828123,88.16622161865234
2021-05-05,386.3462219238281,388.0932640974251,385.7886510489646,387.8609452628347,60162200,0.0003127411190173568,385.6962188720703,372.27155212402346,88.16622161865234
2021-05-06,389.4315185546875,389.5616023872247,384.42270963759154,386.4206464342076,74321400,0.007985833575635981,386.18641510009763,372.8027069091797,88.16622161865234
2021-05-07,392.26568603515625,392.9161900904021,389.5150390811732,390.1934202611164,67733800,0.007277704411259078,386.6803237915039,373.56542053222654,88.16622161865234
2021-05-10,388.38128662109375,392.84179632083254,388.26047630535754,392.61877934361434,81852400,-0.009902470576318434,386.97303771972656,374.2869396972656,88.16622161865234
2021-05-11,384.9151306152344,385.9001602068303,381.05864362633724,383.88364860033465,116888000,-0.008924621564583735,387.03576202392577,374.76833679199217,88.16622161865234
2021-05-12,376.73760986328125,383.40980160762746,375.4273279147275,382.1460004528248,134811000,-0.021244996887709977,386.7551239013672,375.1424987792969,88.16622161865234
2021-05-13,381.26318359375,383.1867908493856,378.2337361298547,378.2802169243702,106394000,0.012012535016376669,386.4953948974609,375.7020202636719,88.16622161865234
2021-05-14,387.1175537109375,387.9631977718594,383.95802285908553,383.9858999881605,82201600,0.015355193916193999,386.4637969970703,376.4660656738281,88.16622161865234
2021-05-17,386.1324768066406,386.9409701694624,384.1252386808852,386.0116948349033,65129200,-0.0025446454051329948,386.4781997680664,377.0820324707031,88.16622161865234
2021-05-18,382.8056945800781,386.6343045309309,382.6477052906037,386.3926838620524,59810200,-0.008615649877667275,386.46751403808594,377.66684692382813,88.16622161865234
2021-05-19,381.8020935058594,381.9786581081242,376.66320145918377,378.1407743642917,106467100,-0.0026216983927568327,386.225439453125,378.1306280517578,88.16622161865234
2021-05-20,385.9095458984375,387.1640735518261,382.5548748046777,382.6756568033617,78022200,0.010758066711635594,386.36529846191405,378.6319134521484,88.16622161865234
2021-05-21,385.59356689453125,388.62301401036063,385.13823098788333,387.3870617505494,76578700,-0.0008187903286264175,386.2816635131836,379.0537078857422,88.16622161865234
2021-05-24,389.5244140625,390.59307518890176,387.5822033599882,387.82382405889604,51376700,0.010194275800882169,386.3541519165039,379.5442987060547,88.16622161865234
2021-05-25,388.6601257324219,390.95543705465997,388.08397953448286,390.60230787289504,57451400,-0.0022188296776166627,386.38760528564455,379.97407104492186,88.16622161865234
2021-05-26,389.4315185546875,389.93330694206776,388.21416983101375,389.24565209764614,43088600,0.0019847490678699398,386.4652038574219,380.42853515625,88.16622161865234
2021-05-27,389.6358642578125,390.9647211844155,389.3570646409822,390.453631092409,56707700,0.000524728208654901,386.42942504882814,380.86207885742186,88.16622161865234
2021-05-28,390.332763671875,391.45717872537455,390.1004448714445,391.19698280326156,58520200,0.001788591549163332,386.5567321777344,381.4166320800781,88.16622161865234
2021-06-01,389.9890441894531,392.8233229944938,389.5522835895408,392.68393734755085,54216600,-0.0008805806594057719,386.6250366210937,381.97772888183596,93.00713348388672
2021-06-02,390.6023254394531,391.43869600618797,389.6358994197464,390.6395043968989,49097100,0.0015725602017222506,386.84388122558596,382.49328979492185,93.00713348388672
2021-06-03,389.15264892578125,390.2863660477926,386.8387622554671,388.2977314392226,58138800,-0.00371138730943521,386.9842025756836,383.0372882080078,93.00713348388672
2021-06-04,392.7117614746094,393.0091363874435,389.2176771468902,390.99259643637595,55938800,0.009145800648287183,387.14821472167966,383.689267578125,93.00713348388672
2021-06-07,392.33074951171875,392.8790185472602,391.4014741919741,392.70245396777017,51555000,-0.0009702076695129458,387.15146789550784,384.2931097412109,93.00713348388672
2021-06-08,392.41436767578125,393.2785868878319,390.5929960509878,393.18565368713985,47134300,0.00021313181331450437,387.3531219482422,384.7819073486328,93.00713348388672
2021-06-09,391.8289794921875,393.32512768168914,391.6059624638834,393.2507697660974,48436300,-0.0014917603222861509,387.69881439208984,385.2627130126953,93.00713348388672
2021-06-10,393.650390625,394.5982698082267,391.73608531665377,393.0463672069907,51020100,0.004648484997646252,388.5444534301758,385.799462890625,93.00713348388672
2021-06-11,394.3009033203125,394.41241184797695,392.9162918364142,394.19869662303313,45570800,0.0016525137807679169,389.1963394165039,386.3194879150391,93.00713348388672
2021-06-14,395.1837463378906,395.28595304031893,393.17650766109523,394.4124317172902,42358500,0.0022390083566736774,389.5996490478516,386.7776220703125,93.00713348388672
2021-06-15,394.4588317871094,395.3695035287047,393.585310642845,395.3323529313738,51508500,-0.0018343733959175212,390.015966796875,387.1143914794922,93.00713348388672
2021-06-16,392.2564697265625,394.82127919481803,390.2213824615084,394.59826214861766,80386100,-0.005583249462482565,390.4885055541992,387.41157470703126,93.00713348388672
2021-06-17,392.1263427734375,393.1020706024834,389.66376862836967,391.84757149634856,90949700,-0.0003317394693724829,391.0047180175781,387.6974194335937,93.00713348388672
2021-06-18,386.83636474609375,389.54937784816065,386.63125419537954,388.85947347394546,118676300,-0.0134904938799284,391.0510589599609,387.84159484863284,93.00713348388672
2021-06-21,392.3743591308594,392.5608336456239,387.7780497072785,388.5891597876732,72822000,0.014316116294807335,391.39009857177734,388.04133178710936,93.00713348388672
2021-06-22,394.4720764160156,395.30185103388027,391.64716102430225,392.36506231212155,57700300,0.0053462139824906885,391.6374816894531,388.28023315429687,93.00713348388672
2021-06-23,393.99658203125,395.34842259301394,393.91267704068656,394.54664482628675,49445400,-0.0012053942805932971,391.90430450439453,388.48695190429686,93.00713348388672
2021-06-24,396.327392578125,396.7469175537267,395.87987081880055,396.13161425617756,45110300,0.005915814129296537,392.2490982055664,388.7664923095703,93.00713348388672
2021-06-25,397.73516845703125,398.1826902147583,396.74691613756454,397.0732323076562,58129500,0.0035520529372159437,392.65406341552733,388.9920404052734,93.00713348388672
2021-06-28,398.53692626953125,398.70473623877365,397.0638802306052,398.25724298746064,53159600,0.0020158081962184937,393.0642715454102,389.2077886962891,93.00713348388672
2021-06-29,398.7513732910156,399.5531510094126,398.2199465974664,398.91918326202716,35970500,0.0005380857013468354,393.5023880004883,389.465927734375,93.00713348388672
2021-06-30,399.0870056152344,399.75827397212026,398.26656335103905,398.29453168040874,64827900,0.0008417082590805869,393.92662200927737,389.78727966308594,93.00713348388672
2021-07-01,401.29656982421875,401.45507598441856,399.7768909463528,399.8421598624358,53441000,0.00553654761466893,394.53381805419923,390.08033935546877,74.12712097167969
2021-07-02,404.364013671875,404.7182982314906,401.3805917033417,402.4527776449218,57697700,0.007643832712051157,395.1164306640625,390.5053723144531,74.12712097167969
2021-07-06,403.6274108886719,404.6343277321894,400.90506510112056,404.4198848881772,68710400,-0.0018216328810131133,395.68126373291017,390.83259521484376,74.12712097167969
2021-07-07,405.0538024902344,405.3335142240967,402.30348871200215,404.307961437293,63549500,0.0035339314503493036,396.3132354736328,391.17217834472655,74.12712097167969
2021-07-08,401.7534484863281,402.5086218416847,398.5835527035313,399.7582794572034,97595200,-0.008147939813466731,396.80945892333983,391.44742614746093,74.12712097167969
2021-07-09,406.0420837402344,406.34043156356205,401.5576479376436,403.25446917430344,76238600,0.01067479388183079,397.4290435791016,391.8106768798828,74.12712097167969
2021-07-12,407.49652099609375,407.74826443657537,405.529348587086,405.95820582921755,52889600,0.0035819864839179427,398.0888244628906,392.15357849121096,74.12712097167969
2021-07-13,406.10736083984375,408.2050710020873,405.8463136021785,406.71336030742225,52911300,-0.0034090110827309505,398.63500518798827,392.51999328613283,74.12712097167969
2021-07-14,406.71331787109375,408.27962958567196,405.47335073456526,407.7948073005834,64130400,0.0014921104360110515,399.2477294921875,392.88180053710937,74.12712097167969
2021-07-15,405.3241271972656,406.051332083829,403.4315280404398,405.3800638460775,55126400,-0.003415650810501436,399.90111236572267,393.2637744140625,74.12712097167969
2021-07-16,402.1449890136719,406.54551958157515,401.75343241278944,406.49891518452205,75874700,-0.007843446689386191,400.40204467773435,393.5797497558594,74.12712097167969
2021-07-19,396.2061767578125,402.2102917266134,393.40922985130334,397.34360297120685,147987000,-0.014767838511242748,400.8705352783203,393.7152429199219,74.12712097167969
2021-07-20,401.88397216796875,403.1519362165868,396.07563556513816,396.8681095390226,99608200,0.014330406094670511,401.3460159301758,393.9076086425781,74.12712097167969
2021-07-21,405.1377258300781,405.2775959293525,401.83734914667167,403.0773163550678,64724400,0.008096251374636765,401.8792984008789,394.2427374267578,74.12712097167969
2021-07-22,405.98626708984375,406.2286783244563,404.33607821703936,405.314998514936,47878500,0.0020944513573182277,402.4787826538086,394.66416015625,74.12712097167969
2021-07-23,410.1628723144531,410.498492228461,407.22608425884295,407.9066563462512,63766600,0.01028755296219197,403.170556640625,395.3326654052734,74.12712097167969
2021-07-26,411.1698303222656,411.1791625832427,409.5289741551596,409.57557855601476,43719200,0.002455019885467591,403.84228973388673,395.93079833984376,74.12712097167969
2021-07-27,409.2958068847656,410.1628534079964,406.4801960709925,410.1348850831183,67397100,-0.004557784397827058,404.38023376464844,396.37436340332033,74.12712097167969
2021-07-28,409.1280517578125,410.4985568598125,407.71094225553276,409.9205257266722,52472400,-0.00040986280370169936,404.8990676879883,396.83427490234374,74.12712097167969
2021-07-29,410.8248596191406,411.8970168587412,410.0417179366842,410.0510501972417,47435300,0.0041473759964338885,405.48596038818357,397.394658203125,74.12712097167969
2021-07-30,408.8297119140625,410.27478967456426,408.1397790411661,408.2703168786377,68951200,-0.004856443465781846,405.8626174926758,397.9352105712891,74.12712097167969
2021-08-02,407.97198486328125,411.08591559023773,407.6177003787268,410.53585279390853,58783300,-0.0020980056629581467,406.0430160522461,398.37645935058595,58.42076873779297
2021-08-03,411.29107666015625,411.4122822568077,406.58289362665914,408.76450901033223,58053900,0.008135587540373024,406.4261993408203,398.8904095458984,58.42076873779297
2021-08-04,409.2679138183594,411.2630544145641,409.03483491751217,410.0137549202648,46732200,-0.004919053576911359,406.63690490722655,399.2852795410156,58.42076873779297
2021-08-05,411.85980224609375,411.94370724678896,410.10704413730144,410.4240280683783,38969700,0.006332987122183109,407.14222259521483,399.74927307128905,58.42076873779297
2021-08-06,412.540283203125,412.95983656575635,411.8969832214965,412.1766949472546,46930000,0.0016522150336599761,407.4671325683594,400.2114483642578,58.42076873779297
2021-08-09,412.2047424316406,412.82937801362914,411.44023673390757,412.5123940918411,41222600,-0.0008133527443164867,407.7025436401367,400.6628259277344,58.42076873779297
2021-08-10,412.71746826171875,413.42603723143196,411.9716271529787,412.6521993404,43339300,0.00124386203577731,408.03304901123045,401.11052001953124,58.42076873779297
2021-08-11,413.7430419921875,413.83627924848605,412.66155241355983,413.78034258511013,44034300,0.002484929302334349,408.38453521728513,401.5855999755859,58.42076873779297
2021-08-12,414.9829406738281,415.1228107611535,412.69878475833394,413.5937996763557,38909400,0.002996784370488781,408.86747589111326,402.0732122802734,58.42076873779297
2021-08-13,415.7381896972656,415.75682576675683,414.9457157376628,415.43050961256574,39470300,0.00181995197732987,409.547135925293,402.6049230957031,58.42076873779297
2021-08-16,416.7171630859375,416.84767249312245,412.8946629015271,414.4423104279769,73740000,0.0023547834019885805,410.5726852416992,403.0850311279297,58.42076873779297
2021-08-17,413.9855041503906,414.8432187291261,411.01141455591,414.17195023393253,92673900,-0.00655518701298019,411.1777618408203,403.51812622070315,58.42076873779297
2021-08-18,409.45440673828125,414.5355387391959,409.2120240010242,412.978558984422,89351900,-0.010945062971246755,411.39359588623046,403.85892700195313,58.42076873779297
2021-08-19,410.0882873535156,411.2816785225219,406.6014364441112,406.7412780804755,92812200,0.0015481103751791014,411.59869689941405,404.2241131591797,58.42076873779297
2021-08-20,413.3514099121094,413.67772604605483,409.948463834136,410.4332861309736,72008700,0.007957122061817756,411.75812377929685,404.6181335449219,58.42076873779297
2021-08-23,416.9875183105469,417.8918656542568,413.42606560010046,415.02964970074015,54973000,0.008796651738071093,412.04900817871095,405.0718658447266,58.42076873779297
2021-08-24,417.64935302734375,418.18077966201145,417.1365909109511,417.64935302734375,38744700,0.001587181121100123,412.46668548583983,405.52117797851565,58.42076873779297
2021-08-25,418.5258483886719,419.03861064787276,417.4629948233235,417.8359438685796,40529700,0.0020986393369817335,412.9365753173828,406.00251831054686,58.42076873779297
2021-08-26,416.05517578125,418.4791736205417,415.9619385292738,418.2460947166087,57829600,-0.005903273637539952,413.1980911254883,406.47849243164063,58.42076873779297
2021-08-27,419.775146484375,420.1480670762453,416.80105710708057,416.8569937732602,77235100,0.008941051378918097,413.74536285400393,407.0314685058594,58.42076873779297
2021-08-30,421.6211242675781,422.4042660135,420.203986244658,420.4463974226872,48357400,0.004397539489088942,414.4278198242188,407.72716369628904,58.42076873779297
2021-08-31,420.9963684082031,421.86341496074755,420.3997013066277,421.52779505086323,59300200,-0.0014817944913464443,414.91308441162107,408.29960388183594,58.42076873779297
2021-09-01,421.22015380859375,422.4414849020611,420.98707492126005,421.9287227307321,48721400,0.0005315613558301013,415.5106964111328,408.8345654296875,89.4865493774414
2021-09-02,422.5160827636719,423.3178604728421,421.32272000796826,422.63728833645627,42501000,0.0030766071930807826,416.0435104370117,409.40495544433594,89.4865493774414
2021-09-03,422.41357421875,422.92636491207014,420.98713237168766,421.38804973614276,47170500,-0.00024261453966767377,416.537174987793,409.92667907714844,89.4865493774414
2021-09-07,420.9031066894531,422.1617381823304,420.2318384567192,422.0685009510046,51671500,-0.0035758025344958533,416.9720932006836,410.39003784179687,89.4865493774414
2021-09-08,420.3905029296875,421.09907201222666,418.4792385496857,420.37186685720667,56181900,-0.0012178664201303313,417.35574493408205,410.827109375,89.4865493774414
2021-09-09,418.5910339355469,421.938043250285,418.34862279482104,420.19461777386266,57970400,-0.00428047013812205,417.59814453125,411.2239025878906,89.4865493774414
2021-09-10,415.290771484375,420.93127095510573,415.1695658724317,420.5117458968653,89948200,-0.007884216773931252,417.61353607177733,411.54797790527346,89.4865493774414
2021-09-13,416.353515625,418.5351593108477,414.0506948028417,418.2741120636888,83738600,0.0025590362550711454,417.64430236816406,411.84911682128904,89.4865493774414
2021-09-14,414.1066589355469,417.99439930193716,413.2209476783512,417.789288718798,78197100,-0.005396511870640275,417.5137771606445,412.0439697265625,89.4865493774414
2021-09-15,417.56561279296875,418.0597390380431,413.4261282881109,414.5262541240091,78792200,0.00835280907173308,417.6927825927734,412.32273376464843,89.4865493774414
2021-09-16,416.9036560058594,418.01308559794103,413.9668385644041,417.04349768116214,77786700,-0.0015852761023154027,418.0652450561523,412.55973083496093,89.4865493774414
2021-09-17,412.84246826171875,416.5556198829702,412.48704878745247,416.13475093436307,118425000,-0.009741309978062551,418.2029541015625,412.78151123046877,89.4865493774414
2021-09-20,405.9586486816406,408.31560037858753,401.1137607120605,406.7442992472896,166445500,-0.01667420410759235,417.83331604003905,412.7798425292969,89.4865493774414
2021-09-21,405.5751647949219,409.5782577328852,405.05139775953694,408.2875359159857,92526100,-0.0009446378047718307,417.2626983642578,412.7414154052734,89.4865493774414
2021-09-22,409.53155517578125,411.5611742401926,405.68747544919097,407.8386598671586,102350100,0.009755011460970353,416.8568084716797,412.80989929199217,89.4865493774414
2021-09-23,414.5072937011719,416.1066812903445,411.1589238061392,411.3927493965041,76396000,0.012149829390448064,416.6558807373047,412.96577880859377,89.4865493774414
2021-09-24,415.19012451171875,415.90096352552064,412.66479641554514,412.8799262600289,62094800,0.001647331231375393,416.6126281738281,413.1630987548828,89.4865493774414
2021-09-27,414.0022888183594,415.32104015057223,413.31014559826434,414.16127425016805,61371100,-0.002860943994648979,416.32398529052733,413.4002447509766,89.4865493774414
2021-09-28,405.659423828125,411.57054280469146,404.9298889795922,411.2431812029925,130436300,-0.02015173639268153,415.52590026855466,413.5893096923828,89.4865493774414
2021-09-29,406.3421630859375,408.7645930197675,405.7809759041746,407.03427776898445,82329200,0.0016830356148751502,414.7931900024414,413.6784735107422,89.4865493774414
2021-09-30,401.37579345703125,408.51212870978463,401.03906966013284,407.8106517213491,140506000,-0.012222137105314168,413.8009719848633,413.6032348632813,89.4865493774414
2021-10-01,406.1456604003906,407.81985950445574,399.5892107063991,403.0965943208825,129240100,0.011883793245917262,412.9824508666992,413.6064227294922,80.69696807861328
2021-10-04,400.9080505371094,405.88383781213133,398.7755335780304,404.9859554641585,128570000,-0.012895890253063036,411.9071746826172,413.4213262939453,80.69696807861328
2021-10-05,405.0794677734375,407.3148256262935,401.6095039247003,402.40448811569496,90682500,0.010404922601927158,411.1159927368164,413.29951904296877,80.69696807861328
2021-10-06,406.7630310058594,406.9687986871979,399.87921865411016,401.4972736297954,113032200,0.004156130750530895,410.434619140625,413.2488635253906,80.69696807861328
2021-10-07,410.2798156738281,413.10441906944726,409.8495844974605,410.0272942635366,72437500,0.008645782433256866,410.01905822753906,413.27189880371094,80.69696807861328
2021-10-08,409.53155517578125,411.43024672745184,408.90491846012617,411.0467692620776,74557400,-0.0018237809160023266,409.73109741210936,413.24603271484375,80.69696807861328
2021-10-11,406.566650390625,411.77629222213716,406.5011723645591,408.8768487322521,65233300,-0.00723974684657358,409.24175415039065,413.200771484375,80.69696807861328
2021-10-12,405.56585693359375,407.8854173602366,404.7802062753356,407.48324414407466,71181200,-0.0024615729206262094,408.814714050293,413.15264892578125,80.69696807861328
2021-10-13,407.0248107910156,407.83851915059586,403.6203255732195,406.5852176085442,72974000,0.003597329095828661,408.2876739501953,413.06732360839845,80.69696807861328
2021-10-14,413.8713073730469,414.0209591805535,410.2049094470439,410.6725606418157,70236800,0.016820833522963152,408.1360565185547,413.1593914794922,80.69696807861328
2021-10-15,417.02337646484375,417.38815818898604,415.35853893557567,415.9758420926981,66260200,0.00761606092435807,408.34510192871096,413.2626629638672,80.69696807861328
2021-10-18,418.2578430175781,418.5945381490445,414.59144539702993,415.24616843242967,62213200,0.0029601855013479117,408.96006164550784,413.37701416015625,80.69696807861328
2021-10-19,421.4846496582031,421.55009912756316,419.2679591915799,419.87592853190614,46996800,0.007714874196607546,409.7555358886719,413.5626123046875,80.69696807861328
2021-10-20,423.1401672363281,423.4394708582434,421.8307495694043,421.9429812918315,49571600,0.003927824131833679,410.4359664916992,413.7710662841797,80.69696807861328
2021-10-21,424.2438659667969,424.46832943743675,422.1113773662151,422.54160853266404,41305400,0.00260835254113867,410.9227951049805,413.98108276367185,80.69696807861328
2021-10-22,423.80426025390625,425.25399624119467,421.86817724672443,423.81362241263184,58845100,-0.001036209944694999,411.35350189208987,414.15750915527343,80.69696807861328
2021-10-25,426.0770263671875,426.40438793845834,423.12149569678843,424.88920251258514,45214500,0.005362773163062551,411.9572387695313,414.3642858886719,80.69696807861328
2021-10-26,426.46044921875,428.8267630097883,426.086333989396,427.62024353585866,56075100,0.0008998909301249913,412.9972900390625,414.5591516113281,80.69696807861328
2021-10-27,424.5711364746094,427.5828110799996,424.4962963050063,426.9187544263702,72438000,-0.004430217966523542,413.9087387084961,414.7708642578125,80.69696807861328
2021-10-28,428.6678161621094,428.742627797446,425.98350275745725,425.9928363723962,51437900,0.00964898302205941,415.27333984375,415.1551324462891,80.69696807861328
2021-10-29,429.53765869140625,429.8276001732101,426.0863902989246,426.37633178072844,70162400,0.002029176197748228,416.4429397583008,415.5441198730469,80.69696807861328
2021-11-01,430.27655029296875,430.8938533397437,428.5555971973382,430.5197095224262,48433600,0.0017202021443556426,417.91136474609374,415.88262268066404,79.02923583984375
2021-11-02,432.0162048339844,432.3248706330071,430.3139474896051,430.4449035360186,48908400,0.004043107949599278,419.2582015991211,416.1831964111328,79.02923583984375
2021-11-03,434.65380859375,435.0559818458261,431.0154679198227,431.4550612665384,52509800,0.006105335240327969,420.6527404785156,416.5232855224609,79.02923583984375
2021-11-04,436.7021179199219,436.78629172441015,434.90632446133264,435.2523818386185,52847100,0.0047125074845171255,421.97385559082034,416.8868109130859,79.02923583984375
2021-11-05,438.2173156738281,440.2001525720331,436.7114922241577,438.91879260724045,66390600,0.003469636834195766,423.4081436157227,417.3300537109375,79.02923583984375
2021-11-08,438.59136962890625,439.8072799359265,437.9086171102104,439.3115707807346,50405200,0.0008535809556109442,425.0093795776367,417.7063781738281,79.02923583984375
2021-11-09,437.14166259765625,439.1899772416883,435.7387089260269,438.9561516297501,51149100,-0.0033053706288762585,426.58816986083986,418.0167889404297,79.02923583984375
2021-11-10,433.6248779296875,437.14162395618587,432.1471127518589,435.45806257315104,69429700,-0.008044954230788104,427.9181732177734,418.26935913085936,79.02923583984375
2021-11-11,433.7652282714844,435.1869063329562,433.7465324971055,435.1120661491066,34848500,0.00032366764210345345,428.9128692626953,418.5202606201172,79.02923583984375
2021-11-12,437.0387878417969,437.59061289028136,434.08322852376944,435.02789318029676,53466700,0.007546846443541311,429.913639831543,418.8107147216797,79.02923583984375
2021-11-15,437.1883544921875,438.4790762545081,436.0660088394629,438.32009084504045,46980500,0.00034222740532752205,430.86016540527345,419.10621032714846,79.02923583984375
2021-11-16,438.9187316894531,440.0504396595338,436.8517212713006,436.92653290815355,48857500,0.003957967268537033,431.73186950683595,419.4665228271484,79.02923583984375
2021-11-17,437.8525085449219,438.83456471339144,437.23520549442225,438.65685496204304,47858300,-0.0024292040132970483,432.4674865722656,419.8157629394531,79.02923583984375
2021-11-18,439.3396911621094,439.6015747427725,436.16900171530943,438.8813734885716,50625600,0.0033965378481666253,433.22227783203124,420.23073608398437,79.02923583984375
2021-11-19,438.5539855957031,440.4713442276694,438.1892039343977,439.2273759676528,57315600,-0.0017883782918132196,433.9597640991211,420.6960003662109,79.02923583984375
2021-11-22,437.3193054199219,442.9030613202092,437.11353777117984,440.42451592160756,72762000,-0.0028153436437343693,434.5218780517578,421.11531616210937,79.02923583984375
2021-11-23,437.8992614746094,438.7503901392518,434.4012394044777,436.99201694576334,73206500,0.0013261615654736048,435.0938186645508,421.59116821289064,79.02923583984375
2021-11-24,439.06842041015625,439.1900143055321,435.09338467174774,435.9070933030563,61858800,0.0026699267123899695,435.8186828613281,422.0212243652344,79.02923583984375
2021-11-26,429.2757263183594,433.88676011362156,428.15335206646023,432.42769071205043,112669600,-0.022303344163647654,435.8490783691406,422.2686657714844,79.02923583984375
2021-11-29,434.5414733886719,436.3746579851634,431.85716023659006,434.0457642896097,86268800,0.012266584732087304,436.0992691040039,422.70264587402346,79.02923583984375
2021-11-30,426.0863342285156,434.00834623655254,425.84314648487594,432.10968361693193,148559600,-0.019457611477727954,435.88975830078124,423.1051995849609,79.02923583984375
2021-12-01,421.35382080078125,434.6070711860737,421.1574152471016,431.7731054531582,131939200,-0.011106935490675207,435.3566390991211,423.42077270507815,86.56914520263672
2021-12-02,427.8073425292969,429.369310207567,421.1760514660489,421.56889106102784,127637800,0.015316158083604758,435.0143157958984,423.7862884521484,86.56914520263672
2021-12-03,424.08489990234375,430.51975754780614,419.87603837650664,429.4628896298023,137331600,-0.008701212571399997,434.38345489501955,423.9778405761719,86.56914520263672
2021-12-06,429.10748291015625,430.9780880886391,424.21584009288256,426.6195745975937,98977500,0.011843343181917376,433.92796325683594,424.2561877441406,86.56914520263672
2021-12-07,437.9834289550781,438.5446161321875,428.976461819127,434.36381305031244,95484700,0.020684668523434313,433.8975662231445,424.735810546875,86.56914520263672
2021-12-08,439.1431884765625,439.592143920361,436.6272226459906,438.376262173592,72238800,0.0026479529699361404,433.99764251708984,425.4054858398438,86.56914520263672
2021-12-09,436.1782531738281,439.2460437157852,435.9818476739704,437.8617859732188,61272600,-0.006751636779384174,434.12531127929685,426.00220764160156,86.56914520263672
2021-12-10,440.2843017578125,440.43395358708545,436.3279903422357,438.8720143535406,77159800,0.009413693952201818,434.4512649536133,426.7803778076172,86.56914520263672
2021-12-13,436.3840637207031,440.1159113005939,436.10345586445044,439.7698539667308,87724700,-0.008858453552710976,434.4185287475586,427.38514587402346,86.56914520263672
2021-12-14,433.3817443847656,435.60776885896564,430.4729673662913,433.1292229901505,97264100,-0.006879993073851232,434.2281982421875,428.03461975097656,86.56914520263672
2021-12-15,440.1532897949219,440.39644899556384,430.9311938196878,433.43782580010543,116899300,0.015624897674841431,434.28992614746096,428.73609619140626,86.56914520263672
2021-12-16,436.2718200683594,442.2764455495963,434.72854825907325,441.9958662441794,116568600,-0.00881844988224667,434.2108917236328,429.32627197265623,86.56914520263672
2021-12-17,431.628662109375,436.19958323758465,429.9298193213432,433.20548381703225,135511600,-0.010642809701201461,433.8253402709961,429.7532489013672,86.56914520263672
2021-12-20,427.0389404296875,427.4331314987916,423.43476458066107,426.5696462517917,107134800,-0.0106334960640877,433.2495880126953,430.1033966064453,86.56914520263672
2021-12-21,434.6227722167969,434.76355475782685,428.28730007942625,430.4460420910775,69806300,0.017759110631640596,433.11476135253906,430.6645190429688,86.56914520263672
2021-12-22,438.96844482421875,439.0810708579234,434.1722428370173,434.36936703944747,58890200,0.009998722766542345,433.16822052001953,431.33257080078124,86.56914520263672
2021-12-23,441.69964599609375,443.1919979095506,439.86002100536876,439.9632519663119,56439700,0.006221862195513239,433.2997817993164,432.0260675048828,86.56914520263672
2021-12-27,447.9506530761719,447.9975710329418,443.0230645907993,443.0699825475692,56808600,0.014152166832692936,434.23352813720703,432.7076544189453,86.56914520263672
2021-12-28,447.5845642089844,449.40542766483634,446.8243100349208,448.3823699323735,47274600,-0.0008172526698498883,434.8856826782227,433.3188781738281,86.56914520263672
2021-12-29,448.15716552734375,449.1708283192884,446.6929700259556,447.6878713629644,54503000,0.0012793142662801404,435.9892242431641,433.91686462402345,86.56914520263672
2021-12-30,446.9182434082031,449.5838309519996,446.45834427104364,448.5795345178264,55329000,-0.002764481334762925,437.26744537353517,434.42553649902345,86.56914520263672
2021-12-31,445.7919616699219,447.57527399414477,445.5197916430219,446.43022358419387,65237400,-0.00252010687613069,438.1666763305664,434.8785723876953,86.56914520263672
2022-01-03,448.373046875,448.50446299701963,444.7501094779795,447.04963382232506,72668200,0.005789887272550809,439.3810836791992,435.36115600585936,105.34542083740234
2022-01-04,448.22283935546875,450.503630734945,446.3738192251194,449.7902944480765,71178700,-0.00033500568461497515,440.3368515014648,435.84952758789063,105.34542083740234
2022-01-05,439.6159973144531,448.6264508210621,439.52213275474475,447.85680153227196,104538900,-0.01920214965705902,440.4184799194336,436.12030700683596,105.34542083740234
2022-01-06,439.2030944824219,441.90623388075556,436.847228237835,439.1561765159226,86858900,-0.0009392352292765249,440.4214752197266,436.3751599121094,105.34542083740234
2022-01-07,437.4666748046875,440.3856996959157,436.11510518357954,439.21246416672096,85111600,-0.003953568860393997,440.4858963012695,436.63307067871096,105.34542083740234
2022-01-10,436.9222717285156,437.1381287170904,428.5594460975087,434.28484075797536,119362000,-0.00124444468007745,440.3177947998047,436.79815979003905,105.34542083740234
2022-01-11,440.9018859863281,440.9957505518421,433.674744093411,436.6594768734693,74303100,0.009108288854373647,440.54368591308594,437.0254443359375,105.34542083740234
2022-01-12,442.09381103515625,444.13995511433944,440.14156014966744,442.62881319251585,67605400,0.002703379338379719,440.97928924560546,437.26178955078126,105.34542083740234
2022-01-13,436.00250244140625,443.83972192368026,434.97944444252323,443.1920935855011,91173100,-0.013778316822593117,440.77174987792966,437.34151550292967,105.34542083740234
2022-01-14,436.1808166503906,436.52808978679013,431.6568135400959,432.8676006358353,95890900,0.000408975196210859,440.76719970703124,437.3720556640625,105.34542083740234
2022-01-18,428.4561462402344,431.7130486527233,427.3486189663124,431.5065580894971,109709100,-0.017709789415951693,440.6085739135742,437.20713623046873,105.34542083740234
2022-01-19,424.00732421875,431.3846155465078,423.73512555326494,429.99552299874756,109357600,-0.010383377763450108,440.45699310302734,436.92293640136717,105.34542083740234
2022-01-20,419.3143310546875,430.56799582128895,417.202507339247,425.8844492805024,122379700,-0.01106818891090977,439.6915710449219,436.53739562988284,105.34542083740234
2022-01-21,411.0829162597656,420.5438737739102,411.05475975634477,418.1974030107011,202271200,-0.019630654583681073,438.2972946166992,436.016220703125,105.34542083740234
2022-01-24,412.8287048339844,413.3355505734703,394.92045135440037,405.4983319626778,251783900,0.004246804002712601,436.85374755859374,435.6002972412109,105.34542083740234
2022-01-25,407.7884216308594,412.7160097440706,400.91794904429946,406.46500881466994,167997300,-0.012209139393908885,434.84563598632815,435.08076110839846,105.34542083740234
2022-01-26,406.76544189453125,416.7707975901355,402.5230040310263,413.6546772543713,186391100,-0.0025086041733037856,432.80467987060547,434.4752941894531,105.34542083740234
2022-01-27,404.7568359375,414.4712312098772,403.0767833933203,411.34574456850135,149878300,-0.004937995587029342,430.6346633911133,433.82666381835935,105.34542083740234
2022-01-28,414.8092346191406,414.8561525907866,401.5469733934107,406.10850014589215,164457400,0.02483564893563117,429.02921295166016,433.34447387695315,105.34542083740234
2022-01-31,422.28033447265625,422.6276076174351,412.8005853653847,414.14275997921226,152251400,0.0180109294345272,427.8536315917969,433.0330303955078,105.34542083740234
2022-02-01,425.1336364746094,425.77186972605006,419.49271090214194,423.0030224285111,123155400,0.00675689055119344,426.69166107177733,432.7489093017578,138.67498779296875
2022-02-02,429.2633972167969,429.986099950846,425.22745003532464,427.52700300171256,117361000,0.009714029631795906,425.7436889648437,432.5630975341797,138.67498779296875
2022-02-03,419.17352294921875,425.1523255868119,418.3381656483604,423.2563876118731,118024400,-0.02350508879396096,424.72156524658203,432.20018188476564,138.67498779296875
2022-02-04,421.1446228027344,424.9740508376599,416.57367327477516,418.9389343536051,118454400,0.004702348181839788,423.81864166259766,431.86508911132813,138.67498779296875
2022-02-07,419.7930603027344,423.293976730891,418.46964721095105,421.90488421960123,84472900,-0.0032092597811300694,422.9349609375,431.4795819091797,138.67498779296875
2022-02-08,423.2469482421875,424.1667749529728,417.87822280754665,419.29550009866415,81012000,0.008227596561416028,422.2511947631836,431.35900634765625,138.67498779296875
2022-02-09,429.4417419433594,429.76085856020444,427.06711445154485,427.26420999418116,92589900,0.014636357632110242,421.67818756103514,431.25701171875,138.67498779296875
2022-02-10,421.72650146484375,429.6012424004276,419.73669885351933,423.6224395175612,140103700,-0.017965744185932442,420.65982208251955,431.16981506347656,138.67498779296875
2022-02-11,413.41064453125,423.87589961159756,411.98400045457316,421.81102228825836,153214600,-0.019718601758981436,419.53022918701174,431.0109515380859,138.67498779296875
2022-02-14,412.0590515136719,414.48062552290673,408.6050532231465,412.9038039524639,123006300,-0.003269371593251136,418.32414093017576,430.69598571777345,138.67498779296875
2022-02-15,418.7042541503906,418.8731931731084,415.96356366027453,416.4798044209463,88482700,0.01612682117358677,417.83654632568357,430.5883728027344,138.67498779296875
2022-02-16,419.17352294921875,420.543853789651,414.7996982172283,416.6674796900843,84863600,0.0011207643442274762,417.59485626220703,430.38969360351564,138.67498779296875
2022-02-17,410.2193908691406,419.1453745670453,409.6187092652566,416.00109810416023,102259100,-0.02136139710609275,417.1401092529297,429.83441284179685,138.67498779296875
2022-02-18,407.5632019042969,411.7211411385126,405.30120069692,410.4728026773066,132642900,-0.006475044875904112,416.96412353515626,429.20281311035154,138.67498779296875
2022-02-22,403.18939208984375,408.7552139612039,399.70720879424357,405.36692386987266,124391800,-0.010731611180835099,416.4821578979492,428.54303588867185,138.67498779296875
2022-02-23,396.0373229980469,406.65275379941437,395.4741643201364,406.0895951215039,132578000,-0.01773873329039166,415.8946029663086,427.65809631347656,138.67498779296875
2022-02-24,401.9974365234375,402.42920784966424,385.4219890905369,385.77862865421275,213942900,0.015049373327422622,415.6562026977539,426.9703637695313,138.67498779296875
2022-02-25,410.8670959472656,410.95156547095496,401.5844423836347,403.22697217896933,121804500,0.022063970110195008,415.9617156982422,426.52007080078124,138.67498779296875
2022-02-28,409.8157958984375,411.2893863387321,404.24997439986817,405.49828418057956,145615000,-0.0025587350732098058,415.71204376220703,425.91332092285154,138.67498779296875
2022-03-01,403.5741882324219,410.32264007794714,400.8804158798424,408.3234425116689,137785900,-0.015230275964185802,414.7767364501953,425.2593682861328,216.1590118408203
2022-03-02,410.99847412109375,412.716078231037,405.0665887622246,405.81744799908034,117726500,0.0183963348131575,414.06997833251955,424.84676452636717,216.1590118408203
2022-03-03,408.9523010253906,414.0206721272684,407.15959393144027,413.4199905086059,105501700,-0.004978541830547689,413.0544235229492,424.48503173828124,216.1590118408203
2022-03-04,405.6297607421875,406.7560496342077,401.6032084928617,405.23554101174136,113978200,-0.008124517883558391,412.37723541259766,423.90517150878907,216.1590118408203
2022-03-07,393.6722106933594,405.7518414252331,393.6065026167526,405.04789997332017,137896600,-0.029478976165232984,411.0036148071289,422.9992468261719,216.1590118408203
2022-03-08,390.6873779296875,400.97429762630316,389.62676857301784,393.85041590198745,164772700,-0.007582025559830119,409.54833068847654,421.97900146484375,216.1590118408203
2022-03-09,401.16204833984375,403.1330895948316,396.8539312695745,399.0314631063885,116990800,0.02681087488841616,408.4440856933594,421.04322937011716,216.1590118408203
2022-03-10,399.3506774902344,400.2423194510564,394.62018304866166,396.5724346829495,93972700,-0.004515309603950524,406.9395324707031,420.0785516357422,216.1590118408203
2022-03-11,394.2728576660156,402.43856000737617,393.7660118820792,401.8284832426369,95636300,-0.012715190208592797,405.56685028076174,419.0008654785156,216.1590118408203
2022-03-14,391.3913269042969,398.4776572170098,390.2556430646185,395.04244919429476,95729200,-0.007308468502692733,404.46588439941405,417.8903271484375,216.1590118408203
2022-03-15,399.9981384277344,400.62697646982326,392.72408001174824,393.9911511436533,106219100,0.02199029700405708,403.8628387451172,416.9744506835938,216.1590118408203
2022-03-16,408.8678894042969,408.9242024189119,398.71235566484523,403.4897960044395,144954800,0.022174480639901573,403.3710205078125,416.18434753417966,216.1590118408203
2022-03-17,413.9831848144531,413.9831848144531,406.587103776138,406.96253340051334,102676900,0.012510875866551974,403.1115036010742,415.4995544433594,216.1590118408203
2022-03-18,418.5174255371094,418.83753350872564,411.6444565524196,412.3788286596397,106345500,0.010952717136780477,403.52640533447266,415.0775830078125,216.1590118408203
2022-03-21,418.3951416015625,420.3440338146594,414.90213969461723,418.3480491435097,88349800,-0.0002921836178981785,404.06800231933596,414.6614239501953,216.1590118408203
2022-03-22,423.29083251953125,424.222912400997,419.77901181940337,419.77901181940337,74650400,0.011701117989154186,405.0730743408203,414.3779071044922,216.1590118408203
2022-03-23,417.8395690917969,422.25522626407883,417.754837158317,420.76766221116077,79426100,-0.0128782931472603,406.16318664550784,413.99625305175783,216.1590118408203
2022-03-24,424.13824462890625,424.14766886587796,418.74344361122075,419.8544117415458,64736900,0.01507438740375866,407.2702270507813,413.6609802246094,216.1590118408203
2022-03-25,426.20953369140625,426.48257795134367,422.1987166511893,424.7690334312819,77101300,0.00488352344720111,408.03734893798827,413.3432946777344,216.1590118408203
2022-03-28,429.2411804199219,429.2411804199219,423.73337514000565,425.61638352750333,68529800,0.007113042972686445,409.0086181640625,413.2080682373047,216.1590118408203
2022-03-29,434.55126953125,435.04087012373685,430.43690060861235,433.110769196489,86581500,0.012370875287718963,410.5574722290039,413.17547729492185,216.1590118408203
2022-03-30,431.86798095703125,434.221741418466,429.7684162817575,433.41203287887015,79666900,-0.006174849234966473,411.60094757080077,413.2437139892578,216.1590118408203
2022-03-31,425.2209777832031,431.9244832020018,424.7690454159792,431.1053791315065,121699900,-0.015391284991997267,412.4143814086914,413.2679870605469,216.1590118408203
2022-04-01,426.42608642578125,426.9344779963225,422.86720176985517,426.79325811561665,89048800,0.0028340761757821298,413.4541976928711,413.41022216796875,318.9549255371094
2022-04-04,430.0791320800781,430.1827124889648,425.8047234508301,426.6238275552801,59601000,0.008566656146475449,415.27454376220703,413.790146484375,318.9549255371094
2022-04-05,424.6466979980469,431.04891596697667,423.5074858006422,428.5916034503726,74214500,-0.012631243129042957,416.972509765625,414.02650634765627,318.9549255371094
2022-04-06,420.40045166015625,422.6694802657768,417.5288752979102,420.74883235488153,106898000,-0.009999480410207151,417.93442993164064,414.2787469482422,318.9549255371094
2022-04-07,422.5187683105469,424.3264687550642,417.5852962112796,419.5247922838507,78097200,0.005038806790110373,419.09283447265625,414.5938134765625,318.9549255371094
2022-04-08,421.3890686035156,424.2700693409283,419.8544120623101,421.7656645610829,79272700,-0.002673726688043665,420.4486450195312,414.9264581298828,318.9549255371094
2022-04-11,414.1865234375,418.9693519364392,413.68752738112,418.13139944100146,89770500,-0.017092387303460188,421.5884048461914,414.91400390625,318.9549255371094
2022-04-12,412.6518859863281,419.6754993093874,411.1078052988178,417.1616704401845,84363600,-0.0037051844141023915,422.2210922241211,414.72143493652345,318.9549255371094
2022-04-13,417.37823486328125,418.1314267488248,412.22820561338756,412.4070937143792,74070400,0.01145359814764002,422.6466094970703,414.5663269042969,318.9549255371094
2022-04-14,412.1811218261719,418.7151631152427,412.0775414258065,417.6041663493815,97869500,-0.012451806546193711,422.55650634765624,414.22468139648436,318.9549255371094
2022-04-18,412.3506164550781,414.02649286644555,410.1286514899628,411.2584680800119,66002500,0.000411213954087275,422.2481658935547,414.0882232666016,318.9549255371094
2022-04-19,419.0070495605469,419.7225732355812,412.0775635034835,412.24702736869455,77821000,0.01614265346004129,422.2787612915039,414.0454718017578,318.9549255371094
2022-04-20,418.6963195800781,421.38903649977607,417.53828781709484,420.77706452379897,65224400,-0.0007415865217413886,422.0490356445313,414.0235369873047,318.9549255371094
2022-04-21,412.43536376953125,423.68635144045646,411.5315277032449,422.30233899562865,85417300,-0.014953453177773746,421.778825378418,413.80730529785154,318.9549255371094
2022-04-22,401.1184387207031,412.4541280731046,400.55353048054263,411.3525843005969,132471800,-0.027439269381255182,420.6278350830078,413.24083923339845,318.9549255371094
2022-04-25,403.4439392089844,403.6134030546147,394.33958173639525,398.8870627211197,119647700,0.005797540735594353,419.4895553588867,412.87518798828125,318.9549255371094
2022-04-26,391.7598876953125,401.11844136754604,391.73164371973945,400.9207048061077,103996300,-0.028960780862343105,417.61549072265626,412.4421728515625,318.9549255371094
2022-04-27,392.8614196777344,398.1809410211438,390.7336398727966,392.83317570300943,122030000,0.0028117528542854764,415.53099822998047,412.05822021484374,318.9549255371094
2022-04-28,402.784912109375,404.5078808966821,393.17216221026155,397.58781923542455,105449100,0.025259523930298178,414.0768447875977,411.7398333740234,318.9549255371094
2022-04-29,387.89971923828125,400.9583775193331,387.155922896604,398.81174915439897,145491100,-0.036955686331795135,412.2107818603516,411.1143572998047,318.9549255371094
2022-05-02,390.2346496582031,391.5904179300961,381.3279997296009,387.96562121333255,158312500,0.006019417659046011,410.40121002197264,410.71466247558595,191.14309692382812
2022-05-03,392.02349853515625,394.42432259994985,389.1801376426985,390.73364246013386,100028200,0.004584033935786991,408.49842834472656,410.40386840820315,191.14309692382812
2022-05-04,403.9618225097656,404.52673082205837,389.5097261213919,392.6825909354839,144247900,0.030453082581065605,407.4641845703125,410.41931701660155,191.14309692382812
2022-05-05,389.6039123535156,400.13934831721525,385.4895429456549,399.7156598672005,172929100,-0.03554274031898874,405.92435760498046,410.29064880371095,191.14309692382812
2022-05-06,387.2783203125,390.5359166827726,381.99649573119626,387.0523685069678,151770800,-0.0059691188082974245,404.16233520507814,409.9962664794922,191.14309692382812
2022-05-09,374.87872314453125,382.63670821024124,373.3063985587751,381.40334006214687,155586100,-0.03201727676871602,401.8368179321289,409.2764990234375,191.14309692382812
2022-05-10,375.7449645996094,382.3260707592916,371.72475140081883,380.82908230261177,132497200,0.002310724513282514,399.91473999023435,408.59508239746094,191.14309692382812
2022-05-11,369.7757873535156,380.4053781846459,369.03199096468177,374.7845967667288,142361000,-0.01588624681226125,397.77093505859375,407.9191143798828,191.14309692382812
2022-05-12,369.3898010253906,372.647397923669,362.62038267397736,366.5935320489902,125090800,-0.0010438388378197772,395.3715133666992,407.0869409179688,191.14309692382812
2022-05-13,378.22100830078125,379.5955961693768,372.4684036115999,373.5040638135925,104174400,0.023907555787615165,393.6735076904297,406.4723150634766,191.14309692382812
2022-05-16,376.68646240234375,380.3395037850034,374.34212582460293,376.58291071803427,78622400,-0.004057273035497633,391.89029998779296,405.89344909667966,191.14309692382812
2022-05-17,384.43499755859375,384.67037360597254,379.03074397272616,382.74969701428194,83029700,0.02057025120264,390.1616973876953,405.70870483398437,191.14309692382812
2022-05-18,368.93792724609375,380.1794928989215,367.70455869091603,379.89705305133737,117674500,-0.04031128906295278,387.6737777709961,405.2737158203125,191.14309692382812
2022-05-19,366.67822265625,371.0844842086102,364.4656820097794,365.88736256542336,98510700,-0.006124890999174681,385.385920715332,404.58403930664065,191.14309692382812
2022-05-20,366.8382873535156,373.80541271191623,358.2800175928373,370.2465279725012,131432200,0.00043652632574175954,383.67191314697266,403.93379150390626,191.14309692382812
2022-05-23,373.7018737792969,374.46448991142154,367.5444280343373,369.851096171746,76414900,0.01871011468104178,382.18480987548827,403.5223718261719,191.14309692382812
2022-05-24,370.8491516113281,372.03542752036105,364.3245048157043,369.59693477146396,91448800,-0.007633684410299546,381.13927307128904,403.1115283203125,191.14309692382812
2022-05-25,374.1255187988281,376.08386362206704,368.966094179277,369.36150985252755,91472900,0.008834770615664844,380.2024780273438,402.59407592773437,191.14309692382812
2022-05-26,381.6010437011719,383.22985621992024,375.1423390412836,375.34947110301795,82168300,0.01998132852937906,379.1432846069336,402.0487390136719,191.14309692382812
2022-05-27,390.9689636230469,391.0819395068386,383.8511956199483,384.0489034165838,84768700,0.024548989255938514,379.2967468261719,401.58845458984376,191.14309692382812
2022-05-31,388.7752685546875,392.0987767709977,386.0449124993988,389.3589964806375,95937000,-0.005610918698074507,379.2237777709961,400.9936114501953,191.14309692382812
2022-06-01,385.6307067871094,391.89170405110434,383.1263021350257,390.8843163808003,86585800,-0.008088379127788592,378.9041381835938,400.33832275390625,142.25848388671875
2022-06-02,392.9744567871094,393.02152050473194,383.22988244769175,385.4706670691487,79609600,0.019043478309039852,378.3547698974609,399.7319952392578,142.25848388671875
2022-06-03,386.5251770019531,389.82044199768814,385.55542873821975,388.2763611795485,71874300,-0.016411447802191614,378.2008331298828,399.10570739746095,142.25848388671875
2022-06-06,387.7019958496094,392.2400239442846,386.53451118400045,390.51708401926703,57508900,0.003044611108606432,378.2220169067383,398.376982421875,142.25848388671875
2022-06-07,391.4208984375,391.8728307412038,383.76646564228656,384.22782218120017,59272400,0.009592167767259019,379.0491256713867,397.6812097167969,142.25848388671875
2022-06-08,387.16534423828125,391.4962691477678,386.37448418684187,389.7168124827089,64350000,-0.01087206691366338,379.6201446533203,396.8396929931641,142.25848388671875
2022-06-09,377.9574279785156,387.6549092229484,377.9574279785156,385.3953050112038,86289800,-0.023782904117829795,380.0292266845703,395.7078161621094,142.25848388671875
2022-06-10,366.9983825683594,372.6285889009698,366.95131884403355,371.78124073607813,132893900,-0.028995449219691438,379.90965576171874,394.4104241943359,142.25848388671875
2022-06-13,353.06402587890625,359.4756662902733,351.46345746861897,357.6303263600916,170004900,-0.037968441691585975,378.651806640625,392.96728515625,142.25848388671875
2022-06-14,352.00018310546875,355.8321122307695,348.91205036955256,354.8058760643675,104011800,-0.003013172386479246,377.41749267578126,391.47876708984376,142.25848388671875
2022-06-15,357.0184631347656,361.44351636660457,350.3525962069875,355.2860698359292,125666800,0.014256469939941008,376.04666595458986,390.0175537109375,142.25848388671875
2022-06-16,345.2025146484375,349.24157577546,342.7828419203488,348.83673585883366,134473300,-0.03309618326900898,374.85989532470705,388.4286700439453,142.25848388671875
2022-06-17,345.94671630859375,349.2751458907682,342.45758461496894,345.61578942511153,111113900,0.0021558407849784356,373.82332000732424,386.93959533691407,142.25848388671875
2022-06-21,354.6554260253906,356.03595201089433,351.5728544262298,351.64851628810544,76811900,0.025173557967893778,373.214176940918,385.58232849121094,142.25848388671875
2022-06-22,354.01239013671875,358.10670044343743,350.0315148923091,350.4475684991193,90059400,-0.0018131285791348484,372.2297027587891,384.234794921875,142.25848388671875
2022-06-23,357.482666015625,358.2107454929241,352.5940787916053,356.13997099447135,79292100,0.009802696107800157,371.5613784790039,383.1007177734375,142.25848388671875
2022-06-24,368.84844970703125,368.8579146543749,360.6125315472774,360.6408975327615,98050300,0.031793943516437384,371.2975250244141,382.2246490478516,142.25848388671875
2022-06-27,367.4395751953125,370.0587975017824,366.3521738911523,369.76567268561445,66009600,-0.0038196568613417803,370.5894515991211,381.2258758544922,142.25848388671875
2022-06-28,359.9316711425781,371.7607760766396,359.8182072157404,368.99025938902804,86548900,-0.020433030515952355,369.03758697509767,380.18088684082034,142.25848388671875
2022-06-29,359.6386413574219,361.46358732795056,357.82316033547687,360.4802137979598,65676000,-0.0008141261485160589,367.58075561523435,379.1266473388672,142.25848388671875
2022-06-30,356.7167663574219,359.94116789384236,352.2820347335468,355.7617301279105,112508300,-0.008124474580850527,366.13505859375,377.8808416748047,142.25848388671875
2022-07-01,360.4895935058594,360.9245770809683,353.4545407189356,356.0643267434046,74839700,0.010576534394397319,364.5108154296875,376.7167071533203,130.7073211669922
2022-07-05,361.17034912109375,361.18927901231945,352.60347679290015,355.42128921408255,81438000,0.0018884196035005019,363.24307403564455,375.69140686035155,130.7073211669922
2022-07-06,362.39013671875,364.8675284701395,358.93880785464154,361.31217177600075,70426200,0.0033773193193311624,361.97748107910155,374.9168408203125,130.7073211669922
2022-07-07,367.8177185058594,368.61199482225004,362.4090502838774,364.15836271170366,64525900,0.014977178563007287,360.79732208251954,374.20431640625,130.7073211669922
2022-07-08,367.5151672363281,369.3779436355089,364.6689887193885,366.191344484654,72397800,-0.0008225576265338264,359.8148132324219,373.7194219970703,130.7073211669922
2022-07-11,363.3168640136719,365.81315719235283,362.6265865895648,364.84868487322194,58366900,-0.011423482884331038,359.08278503417966,373.12853088378904,130.7073211669922
2022-07-12,360.1018981933594,365.14180928001315,358.36205049936086,362.76841613095786,62219200,-0.008848930888579742,358.7379608154297,372.2748706054688,130.7073211669922
2022-07-13,358.21075439453125,361.1325950360605,354.2677383266244,354.68379199729,84224600,-0.005251690725086577,358.99529724121095,371.68109130859375,130.7073211669922
2022-07-14,357.3408508300781,358.4187870987838,350.84478066367626,353.27487695591316,89704800,-0.0024284685866662326,359.26233062744143,371.02321533203127,130.7073211669922
2022-07-15,364.16790771484375,364.2813716626228,359.82773857300543,361.72831741140106,79060400,0.019105167710063986,359.6198028564453,370.466103515625,130.7073211669922
2022-07-18,361.16094970703125,367.91231341217645,359.94115471730987,367.2409659059459,63203600,-0.00825706478827637,360.417724609375,369.61008605957034,130.7073211669922
2022-07-19,370.9191589355469,371.4865073575656,364.4136541135557,365.0660716138569,78506000,0.027019004231856547,361.66634674072264,369.23639099121095,130.7073211669922
2022-07-20,373.28314208984375,374.6920628374867,369.74671494258035,371.10833981504896,71843800,0.006373310996069748,362.5977325439453,368.9564874267578,130.7073211669922
2022-07-21,377.0843505859375,377.13161760377886,370.31405726547354,372.70635127041953,64903900,0.010183177506523533,363.75133056640624,369.00059997558594,130.7073211669922
2022-07-22,373.5857849121094,378.398739668535,371.373151393961,377.20733937817687,72197300,-0.00927793918891573,364.55648651123045,368.9574163818359,130.7073211669922
2022-07-25,374.0396728515625,374.89068131119404,371.80810941835625,374.20986877217916,53631500,0.0012149497057547531,364.81604766845703,369.0426940917969,130.7073211669922
2022-07-26,369.6142883300781,372.6117324536117,368.72544921833617,372.40370566455425,52946400,-0.011831323901410284,364.92478332519534,369.0471838378906,130.7073211669922
2022-07-27,379.21185302734375,380.95170043904375,372.60229122410834,372.89541596509065,82342100,0.02596643311769009,365.88879241943357,369.0670007324219,130.7073211669922
2022-07-28,383.9681091308594,384.6583576476985,376.47917243204495,380.0156283887417,73966600,0.012542477418744147,367.10526580810546,369.2126336669922,130.7073211669922
2022-07-29,389.56585693359375,390.54925902982006,384.62997427396704,385.3958846128279,87003700,0.014578678983015791,368.7477203369141,369.3152508544922,130.7073211669922
2022-08-01,388.4123229980469,390.90864514857856,386.17132357359725,386.8805020677419,69997500,-0.002961075553763237,370.14385681152345,369.7047387695313,117.17676544189453
2022-08-02,385.8498229980469,390.5209475361801,384.6773238182315,386.85212626915603,63435400,-0.006597370495922461,371.3778305053711,370.0881707763672,117.17676544189453
2022-08-03,391.8920593261719,393.0550936237523,387.68425525698314,387.96791512064965,67820600,0.01565955448981926,372.85292663574216,370.5892462158203,117.17676544189453
2022-08-04,391.6272277832031,392.49713710795265,389.9913792556796,391.8163247050197,45656600,-0.0006757767519558477,374.04340209960935,370.94775329589845,117.17676544189453
2022-08-05,390.9653625488281,391.60834410065166,387.3060062724685,387.362738241362,56814900,-0.0016900388620103568,375.2159118652344,371.35007751464843,117.17676544189453
2022-08-08,390.5114440917969,394.8894434033857,389.4145780273554,392.64844425670384,53886100,-0.0011610196209506096,376.5756408691406,371.6777960205078,117.17676544189453
2022-08-09,388.9607238769531,390.28451780261275,387.8922237902104,389.7833662144508,44931800,-0.003970998131566206,378.0185821533203,371.82498962402343,117.17676544189453
2022-08-10,397.1304931640625,397.2723519486255,394.0384853071231,395.9863599360031,68665700,0.02100409832046135,379.9645690917969,371.94822021484373,117.17676544189453
2022-08-11,397.1304931640625,401.82054773180664,396.3929486818317,399.9672071505728,59489700,0.0,381.9540512084961,372.1153247070313,117.17676544189453
2022-08-12,403.8534851074219,403.9574840933842,398.11386071622206,399.05943196261893,61694500,0.01692892401637347,383.938330078125,372.4797802734375,117.17676544189453
2022-08-15,405.5176696777344,406.03775117563913,401.593554788117,401.6502867542093,54048300,0.004120763176947317,386.15616607666016,372.73064453125,117.17676544189453
2022-08-16,406.31195068359375,408.2314590393534,403.6454330101121,404.4491742905428,59289000,0.0019586840851857357,387.9258056640625,373.12638000488283,117.17676544189453
2022-08-17,403.4279479980469,406.1228316979683,401.43280661081104,402.7282345419043,63563400,-0.007098001131137566,389.4330459594727,373.4408990478516,117.17676544189453
2022-08-18,404.6004638671875,405.2812474108149,402.34053490810277,403.6264978547886,49023200,0.0029063823539223765,390.80885162353513,373.7044903564453,117.17676544189453
2022-08-19,399.1634521484375,402.1136297635589,398.29351392155985,401.8488709739081,68016900,-0.01343797697803617,392.0877349853516,373.94445251464845,117.17676544189453
2022-08-22,390.85186767578125,394.52068860875744,389.9535634784905,394.3504638590042,77695600,-0.02082250874402547,392.9283447265625,374.20234130859376,117.17676544189453
2022-08-23,389.9062805175781,392.8091909558706,389.3578330753806,390.4263331221916,49105200,-0.0024192980420589816,393.9429443359375,374.66049926757813,117.17676544189453
2022-08-24,391.15447998046875,392.51607606132626,388.99857863900553,389.6793622511617,49177800,0.003201280731445877,394.5400756835937,375.42230834960935,117.17676544189453
2022-08-25,396.6765441894531,396.7238112021701,391.5515360944728,392.63893709582493,50942300,0.014117348749936642,395.1754974365234,376.3158355712891,117.17676544189453
2022-08-26,383.2494812011719,397.102094248587,383.1927492346699,396.5631405668187,103087000,-0.03384889574380401,394.8596786499023,376.8404559326172,117.17676544189453
2022-08-29,380.71539306640625,383.75066898657906,379.36323297639854,380.3088043159643,65370800,-0.006612111063590609,394.47483215332034,377.55071350097654,117.17676544189453
2022-08-30,376.5359191894531,382.1053477002366,374.44621480785787,381.8689548878579,85652400,-0.010977948233955703,394.00913696289064,378.16249755859377,117.17676544189453
2022-08-31,373.6708068847656,379.40096584880325,373.53844192677496,378.1622699284396,76029700,-0.007609134105598936,393.0980743408203,378.54280517578127,117.17676544189453
2022-09-01,374.84332275390625,375.1837145120207,368.8105742839667,371.5054577952036,78740100,0.003137831073601216,392.25887908935545,378.959423828125,132.86322021484375
2022-09-02,370.890869140625,379.70360038409405,369.08482453543763,378.493270301563,99632100,-0.010544281766161068,391.2551544189453,379.227587890625,132.86322021484375
2022-09-06,369.4914245605469,372.6685300550319,367.2787913361997,371.7324237676469,76637400,-0.0037731977153299123,390.2041534423828,379.2404473876953,132.86322021484375
2022-09-07,376.12933349609375,376.89524390582346,368.96191606413413,369.17937898507915,70964200,0.017964987803009702,389.56258392333984,379.41424255371095,132.86322021484375
2022-09-08,378.5877685546875,379.04162422279734,372.66848412640496,373.86937791353984,80821700,0.0065361428627297435,388.6354476928711,379.7873645019531,132.86322021484375
2022-09-09,384.46923828125,385.32971149707004,380.5545598393792,380.8193186091283,76706900,0.015535287230794115,388.0023849487305,380.2839764404297,132.86322021484375
2022-09-12,388.60137939453125,389.32002270766344,386.2279865572964,386.530576252988,69256300,0.010747650791917085,387.2397796630859,380.9216687011719,132.86322021484375
2022-09-13,371.7040710449219,381.1597837204144,370.5883038747845,379.95888974243803,122947100,-0.043482368425805884,385.5490997314453,381.1459582519531,132.86322021484375
2022-09-14,373.1224365234375,374.6353563576037,369.8318380483669,372.9995076387831,85023700,0.003815845961892217,383.8896240234375,381.385,132.86322021484375
2022-09-15,368.8862609863281,374.40839376655435,367.6191989412992,371.57167994308946,87633800,-0.011353312270845684,382.16253967285155,381.5149224853516,132.86322021484375
2022-09-16,366.072021484375,366.72714802798475,362.7963887663263,364.7238110432356,103084800,-0.007629016853130888,380.2361175537109,381.4800085449219,132.86322021484375
2022-09-19,368.9109191894531,368.9109191894531,362.86289235187127,362.9388650171461,73278500,0.007755025072844202,378.7234909057617,381.5079235839844,132.86322021484375
2022-09-20,364.67633056640625,366.60372391938756,361.9324194562877,365.5973034872937,77274900,-0.011478620997043998,377.41471405029296,381.53511291503906,132.86322021484375
2022-09-21,358.3150634765625,369.63255802413545,358.305559648517,366.594288508297,106746600,-0.017443597394883215,375.8351531982422,381.49937622070314,132.86322021484375
2022-09-22,355.30523681640625,359.1790024904426,354.5646626886457,357.5459378785754,89472600,-0.008399944537506476,374.0426910400391,381.44126586914064,132.86322021484375
2022-09-23,349.3521728515625,351.8872028833452,344.92770661744225,351.8492165492308,122346900,-0.016754788131422393,371.67647247314454,381.2814923095703,132.86322021484375
2022-09-26,345.89617919921875,351.4979616366179,344.68087714847763,347.8900418227232,92581200,-0.00989257809428934,369.8088073730469,380.91605773925784,132.86322021484375
2022-09-27,345.0131530761719,351.6783204261148,342.6300104380139,349.41861164213634,108294100,-0.002552864634385865,368.02369537353513,380.5931018066406,132.86322021484375
2022-09-28,351.8017883300781,353.48231433980953,344.2726122472369,345.96264208515834,110802200,0.019676453472507127,366.78698883056643,380.21075439453125,132.86322021484375
2022-09-29,344.4529724121094,348.5545981921768,341.5191583646997,348.2697731293536,112952300,-0.02088908061795791,365.3260971069336,379.63415100097654,132.86322021484375
2022-09-30,339.1264953613281,347.4152519853497,338.9935866635343,343.51297496490554,153711200,-0.015463582774395523,363.5402557373047,378.8749938964844,132.86322021484375
2022-10-03,348.0798645019531,349.9218104770214,341.0538996463219,342.8293767828373,89756500,0.026401266969970916,362.3997055053711,378.36487548828126,131.98587036132812
2022-10-04,358.86572265625,358.8942051643231,348.04193496218414,353.5772481816866,103602800,0.030986733948916267,361.86842041015626,378.061396484375,131.98587036132812
2022-10-05,358.0301818847656,360.2803868520497,352.2005400048697,354.517213813191,88065700,-0.002328282470947296,360.96346282958984,377.82971435546875,131.98587036132812
2022-10-06,354.3367919921875,359.57777574073987,353.8430566051313,356.6344579970455,82333500,-0.010315861844761631,359.7509140014648,377.33221313476565,131.98587036132812
2022-10-07,344.4529724121094,354.4222552620788,342.69647392447916,350.32060050692866,107789500,-0.02789385636334385,357.75010070800784,376.54191040039063,131.98587036132812
2022-10-10,341.8229675292969,345.8011884953058,339.5917702265936,345.56382461416007,76042800,-0.007635309007192781,355.4111801147461,375.58705261230466,131.98587036132812
2022-10-11,339.65814208984375,344.6807689223385,337.7307489198241,340.13286975709076,92482800,-0.006333177244058574,353.8088836669922,374.6119689941406,131.98587036132812
2022-10-12,338.5378112792969,341.63304512033494,338.29094360606194,340.066449523059,76991800,-0.003298407050258634,352.0796524047852,373.6657287597656,131.98587036132812
2022-10-13,347.4721984863281,348.9343679346623,330.5149097513193,331.5593165001294,147254500,0.026391105836211404,351.00894927978516,372.77733154296874,131.98587036132812
2022-10-14,339.5538024902344,351.545431058521,338.9176545048849,349.921841160499,123737000,-0.022788574253100435,349.68303833007815,371.73586303710937,131.98587036132812
2022-10-17,348.27923583984375,349.38060757787383,339.221423235325,345.61126849106756,93168200,0.0256967622969273,348.65145416259764,370.8821405029297,131.98587036132812
2022-10-18,352.3714294433594,356.4730842166548,348.94387997178285,356.16925149824414,97162900,0.011749749001394472,348.0362091064453,370.1193402099609,131.98587036132812
2022-10-19,349.8743591308594,353.0550409179747,347.07345375673924,350.33958306364724,79746900,-0.0070864721252930085,347.61417388916016,369.3376129150391,131.98587036132812
2022-10-20,346.9405212402344,353.83357711460013,346.18093949129155,349.4280898959749,88283100,-0.008385404114531592,347.19593811035156,368.3338134765625,131.98587036132812
2022-10-21,355.3717041015625,355.8559066992739,345.1650575657833,346.6651844936338,131038400,0.024301522437299994,347.4969146728516,367.4986376953125,131.98587036132812
2022-10-24,359.7202453613281,360.85009986477286,354.2513717295342,356.89088616369844,85436900,0.012236599621119115,348.18811798095703,366.6159729003906,131.98587036132812
2022-10-25,365.46435546875,365.7776629761265,359.53025970340076,359.6441897060831,78846300,0.01596827029196568,349.21067810058594,365.8149066162109,131.98587036132812
2022-10-26,362.7109375,367.98990714811197,362.0748186150192,362.3311611391799,104087300,-0.007534026034408781,349.75613555908205,364.94288635253906,131.98587036132812
2022-10-27,360.77410888671875,365.54036503352893,360.15693963581714,363.70792288491305,81971800,-0.005339868234001788,350.5721923828125,364.0898095703125,131.98587036132812
2022-10-28,369.3571472167969,369.8318749398546,360.4892368270884,360.6696356798568,100302000,0.023790616118667174,352.08372497558594,363.3849432373047,131.98587036132812
2022-10-31,366.6892395019531,368.7685495858821,365.7872740661706,366.90762472118575,96631300,-0.007223111113314418,353.0141937255859,362.735458984375,131.98587036132812
2022-11-01,365.0845642089844,370.65789150533925,363.9167526614729,370.420527665591,85407600,-0.004376117758863818,353.3251358032227,362.22011291503907,143.16241455078125
2022-11-02,355.9224853515625,368.98700622022267,355.81805912329594,364.49606992784794,126990400,-0.025095771652995036,353.2197509765625,361.5404370117187,143.16241455078125
2022-11-03,352.25750732421875,355.2862727989772,350.1497148774445,352.69424875731005,87100100,-0.010297124172201855,353.11578674316405,360.76249755859374,143.16241455078125
2022-11-04,357.3276062011719,359.72022378402096,351.29855759340336,357.94474652084614,103505200,0.014393160604201372,353.7595184326172,359.97551879882815,143.16241455078125
2022-11-07,360.7455749511719,361.3342326372647,356.5489695187417,358.6187752456739,68286900,0.00956536436223665,354.7056488037109,359.52544067382814,143.16241455078125
2022-11-08,362.6919860839844,365.65428248614427,358.62831787010947,361.8469568156974,84641100,0.005395523238437283,355.85734100341796,359.1649725341797,143.16241455078125
2022-11-09,355.2198181152344,361.8755109531058,354.72608267328593,360.72664884786775,78495500,-0.0206019660082033,356.69144134521486,358.7386505126953,143.16241455078125
2022-11-10,374.7406005859375,375.07291581213747,366.14803974108565,368.43620204058976,141455800,0.054954091734742416,358.0548614501953,358.7600463867187,143.16241455078125
2022-11-11,378.3675537109375,379.1650929237687,373.7151981734616,375.59513065911824,93839900,0.009678569974347573,359.9955490112305,358.83053100585937,143.16241455078125
2022-11-14,375.1488342285156,379.953076506213,374.873484033921,376.6110037402308,71903500,-0.008506859139620904,361.3390289306641,358.9156903076172,143.16241455078125
2022-11-15,378.3484802246094,381.9754068751759,374.5506585528321,380.8740351133509,93194500,0.008529004235542148,362.63788146972655,359.09283142089845,143.16241455078125
2022-11-16,375.46221923828125,377.6744379820254,374.83557508091235,376.72498240572435,68508500,-0.007628578247795947,363.91727447509766,359.07948913574216,143.16241455078125
2022-11-17,374.3133239746094,374.9874582361336,370.42057963663734,370.7243833730803,74496300,-0.0030599490569322985,365.2859146118164,358.99400024414064,143.16241455078125
2022-11-18,376.0128479003906,377.7028774747301,373.1739853225882,377.63640863793864,92922500,0.004540377851728561,366.31797180175784,358.82487243652344,143.16241455078125
2022-11-21,374.6456298828125,375.81347054023524,372.81318778240984,374.693120041292,51243200,-0.0036360938867182613,367.06424102783205,358.5457574462891,143.16241455078125
2022-11-22,379.687255859375,379.84867604647417,375.1773421488015,376.58254674649424,60429000,0.013457052677057879,367.77538604736327,358.70542114257813,143.16241455078125
2022-11-23,382.07989501953125,382.56409762142516,379.1270733477937,379.3549333957438,68261600,0.006301605132204902,368.7438339233398,358.8845703125,143.16241455078125
2022-11-25,381.9944763183594,382.54517681766396,381.2444272220214,381.51974849658694,30545400,-0.00022356240745802225,369.8048522949219,359.1467346191406,143.16241455078125
2022-11-28,375.89892578125,380.5512518780544,375.13934400569946,378.9181872794732,67881600,-0.015957169317886266,370.1319412231445,359.3432727050781,143.16241455078125
2022-11-29,375.2532958984375,377.2186467005862,373.4208248199859,376.0318273628986,52310000,-0.0017175624577022708,370.5601440429688,359.4701202392578,143.16241455078125
2022-11-30,387.0739440917969,387.0739440917969,373.59169571730007,375.50008123795743,144566700,0.031500451355285675,371.65961303710935,359.91807250976564,143.16241455078125
2022-12-01,386.7891845703125,389.27675333365096,384.29211197998836,388.1089126426204,76398200,-0.0007356721521323273,373.20294799804685,360.4875549316406,116.7162857055664
2022-12-02,386.34295654296875,387.24492191924827,381.8140640565856,381.91849025775207,85342700,-0.001153672452965493,374.9072204589844,361.1083093261719,116.7162857055664
2022-12-05,379.3928527832031,384.46294078102943,378.0446424372864,383.53249309935995,77289800,-0.017989466721370473,376.01048278808594,361.70912292480466,116.7162857055664
2022-12-06,373.9240417480469,379.7726910257881,371.8447608883039,379.23152341918535,77972200,-0.014414639060903234,376.6694061279297,362.2696801757813,116.7162857055664
2022-12-07,373.28790283203125,375.642562745206,372.1580485447694,373.07902147703123,65927900,-0.0017012517115555514,377.199201965332,362.8351751708984,116.7162857055664
2022-12-08,376.21221923828125,377.2756047091014,373.39233538526526,375.16784142056355,60737900,0.007833943677424404,378.2488220214844,363.3233837890625,116.7162857055664
2022-12-09,373.4018249511719,377.5224579807687,373.2783911110442,374.9779244191876,81447700,-0.007470236593589585,378.18188323974607,363.90236083984377,116.7162857055664
2022-12-12,378.7852783203125,378.7852783203125,373.52528680664847,374.1898882628355,75405800,0.014417319384672611,378.20276947021483,364.69553649902343,116.7162857055664
2022-12-13,381.652587890625,389.741937458983,378.89917302857265,389.4855949322845,123782500,0.007569749233727663,378.5279571533203,365.3669909667969,116.7162857055664
2022-12-14,379.2125244140625,385.00420881267286,376.27871036892407,381.31081297545614,108111300,-0.006393415252464618,378.57115936279297,365.7739270019531,116.7162857055664
2022-12-15,369.93634033203125,375.27227545068706,368.28429708214924,374.37028116191146,117705900,-0.024461702831055643,378.2948654174805,366.0120501708984,116.7162857055664
2022-12-16,365.56878662109375,368.72591299649264,363.44179709016913,367.39057737229774,119858000,-0.011806230517979022,377.8576385498047,366.23669006347654,116.7162857055664
2022-12-19,362.4688415527344,366.09335677488906,360.80921242058287,365.7595156335139,79878100,-0.008479785971367448,377.18043823242186,366.59700744628907,116.7162857055664
2022-12-20,362.96484375,364.576793763949,360.3990785376495,361.71534816874436,74427200,0.0013683995433673157,376.5963989257813,367.0198449707031,116.7162857055664
2022-12-21,368.3921203613281,369.5176155105315,365.0156058055829,365.5497400834467,78167400,0.014952623387036068,376.0316421508789,367.59452453613284,116.7162857055664
2022-12-22,363.1366271972656,368.37306481720873,357.4614135029072,365.35900443658744,100120900,-0.01426603033449192,375.0844787597656,368.0865008544922,116.7162857055664
2022-12-23,365.2254333496094,365.36849982820587,360.57080985837734,362.1159860434873,59857300,0.005752121917487196,374.24602661132815,368.44156555175783,116.7162857055664
2022-12-27,363.7851867675781,365.45436371312377,362.1160098220325,365.11100414194533,51638200,-0.003943445473723606,373.64033966064454,368.9261932373047,116.7162857055664
2022-12-28,359.26409912109375,365.6832870108895,359.0351927479394,363.7184005781533,70911500,-0.012427904738663509,372.8408798217773,369.14589050292966,116.7162857055664
2022-12-29,365.7309265136719,366.59890189536134,361.5722768337163,362.09689269287287,66970900,0.01800020488659637,371.7737289428711,369.41308044433595,116.7162857055664
2022-12-30,364.76763916015625,364.9107056574417,360.952377322475,363.0603304456531,84022200,-0.002633869010472134,370.67265167236326,369.71094604492185,116.7162857055664
2023-01-03,363.2319641113281,368.5828541871979,360.3800364563273,366.61799691898324,74850700,-0.0042100090138584845,369.51710205078126,370.0367749023437,111.19593811035156
2023-01-04,366.03619384765625,368.05827776448973,362.4498387600588,365.48296463530903,85934100,0.007720217418609732,368.8492691040039,370.2500646972656,111.19593811035156
2023-01-05,361.8585205078125,364.2048984321615,361.26715956907026,364.0904452321647,76970500,-0.011413279369805962,368.24599304199216,370.29283020019534,111.19593811035156
2023-01-06,370.15667724609375,371.27265410068173,361.8871138136949,364.93930570815047,104189600,0.02293204738314869,368.0894317626953,370.38667663574216,111.19593811035156
2023-01-09,369.9468078613281,375.5171151232303,369.76560972422254,372.3408937056104,73978100,-0.0005669744669393184,367.77616119384766,370.53139404296877,111.19593811035156
2023-01-10,372.54119873046875,372.60797279309605,368.43025676671084,369.3650063190875,65358100,0.0070128754026528295,367.7331298828125,370.76673583984376,111.19593811035156
2023-01-11,377.2530212402344,377.3293427656513,373.30424098984014,374.11498982562864,68881100,0.012647789092380624,367.6565170288086,370.9246533203125,111.19593811035156
2023-01-12,378.62652587890625,380.0858621719183,374.29622523133014,378.34994039060064,90157700,0.0036408048745546484,367.50521392822264,371.16339904785156,111.19593811035156
2023-01-13,380.095458984375,380.6677540792538,375.1737677414377,375.44083490462947,63903900,0.0038796360135067154,367.54936065673826,371.4636169433594,111.19593811035156
2023-01-17,379.399169921875,381.74557694149377,378.7219690868492,380.07639986503904,62677300,-0.0018318794556517748,368.02250213623046,371.93315063476564,111.19593811035156
2023-01-18,373.4092102050781,381.6406423942581,373.20891710602956,380.58192119114887,99632300,-0.01578801481835168,368.4145233154297,372.35618469238284,111.19593811035156
2023-01-19,370.69085693359375,373.0181398927505,369.3745869323046,371.3775761257745,86958900,-0.007279823842565203,368.8256240844727,372.6234497070312,111.19593811035156
2023-01-20,377.5964660644531,377.74908002985853,370.44285016934947,372.08341391228544,91806400,0.018629024702641717,369.5572052001953,372.96046752929686,111.19593811035156
2023-01-23,382.12713623046875,384.0538332017483,377.44389829168335,378.3977138610944,84178800,0.011998709133157703,370.2439559936523,373.34917053222654,111.19593811035156
2023-01-24,381.7169189453125,382.6230260729778,379.27515395089165,380.45787568340137,59524900,-0.0010735099558824013,371.1729705810547,373.8791125488281,111.19593811035156
2023-01-25,381.8599853515625,382.19382654932406,375.383570904274,377.66320358749766,84800300,0.00037479713145871507,372.0046981811523,374.0215002441406,111.19593811035156
2023-01-26,386.0567932128906,386.2189546426973,381.55478324321655,384.5116168819161,72287400,0.010990436344002541,373.11827850341797,374.1752850341797,111.19593811035156
2023-01-27,386.9438171386719,389.3092897646847,384.80727999784443,385.01712054618537,68346200,0.0022976513854324754,374.50226440429685,374.4111846923828,111.19593811035156
2023-01-30,382.0889892578125,386.4193202496225,381.7933087492669,384.1969135920661,74202000,-0.012546596342485339,375.3201675415039,374.4859948730469,111.19593811035156
2023-01-31,387.7069396972656,387.75461882959763,382.2606321672819,382.60402088774634,86811800,0.014703251329921008,376.4671325683594,374.73088928222654,111.19593811035156
2023-02-01,391.8273620605469,394.5648367609675,383.7676392435468,386.49553736704746,101459200,0.010627672454092796,377.8969024658203,375.0811700439453,104.26704406738281
2023-02-02,397.5311584472656,398.9904947612399,393.8112844222463,395.69982017672226,101654500,0.014556911892838587,379.4716506958008,375.5115362548828,104.26704406738281
2023-02-03,393.30572509765625,397.71234690587056,392.1039085651864,392.5808161913244,94736800,-0.010629187825461739,381.044010925293,375.8847381591797,104.26704406738281
2023-02-06,390.90216064453125,392.294752115139,389.2520785976726,390.8640289856019,60295300,-0.0061111860309894794,382.08128509521487,376.1090362548828,104.26704406738281
2023-02-07,396.0146179199219,397.25456629561944,388.74654923536696,389.98649761106446,90990700,0.01307861094183016,383.38467559814455,376.38773071289063,104.26704406738281
2023-02-08,391.6842956542969,395.38510413414,390.99754738888123,394.04976837031427,76227500,-0.010934753591597568,384.3418304443359,376.5815270996094,104.26704406738281
2023-02-09,388.2887268066406,395.4232768287697,387.06784419886776,395.27066286428095,78694900,-0.008669147283487777,384.89361572265625,376.8293231201172,104.26704406738281
2023-02-10,389.19488525390625,389.57640563275254,386.30482544964053,387.1155453391367,70769700,0.0023337232958526855,385.4220336914062,377.10815490722655,104.26704406738281
2023-02-13,393.7636413574219,393.8971894997695,389.38563169094465,389.84347361138623,64913500,0.011738993179561064,386.1054428100586,377.24194885253905,104.26704406738281
2023-02-14,393.58233642578125,395.881005549657,389.6430748090616,392.24697179710046,88389300,-0.0004604410173971729,386.8146011352539,377.37781188964846,104.26704406738281
2023-02-15,394.8604736328125,394.9367660502503,390.55875725790736,391.39811939038964,61555700,0.0032474455501187993,387.8871643066406,377.5481622314453,104.26704406738281
2023-02-16,389.42376708984375,393.8399372390062,389.2902480643342,389.91022227936105,76431500,-0.013768677560834885,388.8238098144531,377.7487805175781,104.26704406738281
2023-02-17,388.4508056640625,388.68925947511036,385.38903777235305,387.3062157277801,89257800,-0.002498464418471902,389.3665267944336,378.03931579589846,104.26704406738281
2023-02-21,380.658203125,385.49405442565177,380.4006834333242,384.44485161266954,82655900,-0.020060719209324174,389.29308013916017,378.1867218017578,104.26704406738281
2023-02-22,380.133544921875,382.60392297212803,378.6837270858335,381.06826525497337,83742300,-0.00137829212353191,389.21391143798826,378.2651483154297,104.26704406738281
2023-02-23,382.15570068359375,383.624584623004,377.9493710671943,383.0141287647056,96242400,0.005319593044950333,389.2286972045898,378.44022583007813,104.26704406738281
2023-02-24,378.0733642578125,378.90317902341906,375.45991929796907,377.1577095966057,108194400,-0.010682390498110705,388.82952575683595,378.4259875488281,104.26704406738281
2023-02-27,379.3609924316406,382.7565727740271,378.42624290281987,381.4021421594611,80444700,0.0034057627316745887,388.45038452148435,378.3801556396484,104.26704406738281
2023-02-28,377.95892333984375,380.83943554893773,377.85398850305495,378.8841254999914,96438600,-0.0036958704763234707,388.24388122558594,378.3550836181641,104.26704406738281
2023-03-01,376.5090637207031,378.36901530523187,375.21188881048784,377.1481328157973,99706800,-0.0038360243127186777,387.6839874267578,378.4865380859375,120.99437713623047
2023-03-02,379.4372863769531,380.2766485518157,374.2103677204858,374.54420891841545,85127800,0.0077772965870011035,387.0644836425781,378.7639080810547,120.99437713623047
2023-03-03,385.52264404296875,385.770645358477,380.6009531474197,381.2495406253721,90120000,0.01603784837310407,386.4640579223633,379.22498413085935,120.99437713623047
2023-03-06,385.7897644042969,388.63214513183675,385.3510174155289,386.34296459812265,72795900,0.0006928785259585624,386.0882598876953,379.6814825439453,120.99437713623047
2023-03-07,379.87603759765625,385.9804792628776,379.2656108960152,385.74202541995913,108310600,-0.015328884673164178,385.5369537353516,379.9111608886719,120.99437713623047
2023-03-08,380.4960021972656,381.2494953064361,378.27359630662346,379.99048126599143,74746600,0.0016320181802729206,384.7610229492187,380.2583483886719,120.99437713623047
2023-03-09,373.47601318359375,382.9378762156149,372.4935843346963,381.2782173706152,111945300,-0.018449573643699924,383.8506088256836,380.42335998535157,120.99437713623047
2023-03-10,368.08697509765625,375.0021380738267,366.5704118137904,372.93234545130787,189253000,-0.014429408839406133,382.84052124023435,380.50939575195315,120.99437713623047
2023-03-13,367.5622863769531,372.3600057541109,363.0698240200609,364.17625337042944,157790000,-0.001425447669165525,381.7588912963867,380.6753594970703,120.99437713623047
2023-03-14,373.63812255859375,375.27868623479475,369.17424429944623,372.4649191205908,149752400,0.016530085938712302,380.7526153564453,380.83350341796876,120.99437713623047
2023-03-15,371.3012390136719,371.501532087288,365.9884805177744,368.0678201070447,172996900,-0.006254403402199404,379.63856048583983,380.96417541503905,120.99437713623047
2023-03-16,377.8157958984375,378.1591845711939,368.4493509964938,368.95487198316505,143254200,0.017545206426111015,378.7863265991211,381.25585205078124,120.99437713623047
2023-03-17,373.39813232421875,377.62051539098667,372.019393803673,376.49072469808146,140553400,-0.011692638640779074,377.9850448608398,381.4030908203125,120.99437713623047
2023-03-20,376.9885559082031,377.40028401988184,373.47471024400215,374.17363412671835,93055800,0.009615537072014124,377.41193237304685,381.7056915283203,120.99437713623047
2023-03-21,381.9386291503906,382.41735696574256,378.75028553737957,380.3396653906553,91524200,0.013130566338445782,377.47595367431643,381.94133056640624,120.99437713623047
2023-03-22,375.4279479980469,385.3663430375663,375.3896708071276,381.7663294027596,111746600,-0.017046406557060023,377.240673828125,382.05095336914064,120.99437713623047
2023-03-23,376.44287109375,382.3024953130758,373.7428390023417,378.28116967824513,119351300,0.002703376509700872,376.9550323486328,382.12898681640627,120.99437713623047
2023-03-24,378.9130554199219,378.9992229180059,372.8332064884797,375.169400500622,107682400,0.0065619102282235,376.9970169067383,382.1621875,120.99437713623047
2023-03-27,379.6216125488281,381.9482521763477,378.73118573368964,381.18227006179575,74010400,0.0018699728572850738,377.01004791259766,382.1820892333984,120.99437713623047
2023-03-28,378.7695007324219,379.6216211563462,376.94075674270374,378.9322518472337,62871700,-0.0022446346262665617,377.0505767822266,382.1555700683594,120.99437713623047
2023-03-29,384.2748107910156,384.51417469094537,381.7183914833068,382.9152109829554,77497900,0.014534723751379763,377.43886413574216,382.2530828857422,120.99437713623047
2023-03-30,386.5248718261719,387.14721217774354,384.6674054592339,386.8982643494234,69840000,0.0058553435509463014,377.7932434082031,382.51539611816406,120.99437713623047
2023-03-31,391.9727478027344,392.2695566903632,387.3386371549544,387.44397246110736,112062600,0.014094503028546423,378.1157485961914,382.9410339355469,120.99437713623047
2023-04-03,393.4664001464844,393.86851514556844,391.06317718146,391.4557374933837,67391100,0.0038106025281678946,378.4995803833008,383.2584326171875,105.37997436523438
2023-04-04,391.2834167480469,394.3951476376342,389.9142329500153,394.10789340859714,66601500,-0.005548080846610515,379.0699493408203,383.4415582275391,105.37997436523438
2023-04-05,390.25897216796875,391.31217934389673,388.6121470981262,390.55578111492605,65200200,-0.002618165085022661,379.55809783935547,383.6123992919922,105.37997436523438
2023-04-06,391.78125,392.05892029879095,388.42057157363575,389.4641946465513,63743300,0.003900686314973534,380.4733596801758,383.8108245849609,105.37997436523438
2023-04-10,392.18341064453125,392.26002346239954,388.69828713147245,389.31104357827485,63681000,0.0010264928312195831,381.67818145751954,383.93335693359376,105.37997436523438
2023-04-11,392.28875732421875,393.68663448889265,391.52280443872803,392.8057915925013,59297900,0.00026861584867754473,382.9145050048828,384.0402557373047,105.37997436523438
2023-04-12,390.6897277832031,394.63446921650785,390.1056939195026,394.3472150182869,86420400,-0.004076154391786657,383.76708526611327,384.2122705078125,105.37997436523438
2023-04-13,395.87921142578125,396.2334653614746,390.63234364464273,391.771718270874,85814800,0.013282877110753821,384.99598388671876,384.37571594238284,105.37997436523438
2023-04-14,394.912109375,397.43022215552446,392.614221890679,395.2472246625358,78161500,-0.0024429220400287166,385.8507995605469,384.4374108886719,105.37997436523438
2023-04-17,396.32916259765625,396.34830119021314,393.6004083681965,394.82595033401935,66436400,0.003588274932614599,386.9973510742187,384.4133709716797,105.37997436523438
2023-04-18,396.587646484375,398.03341368331184,395.21849209052334,397.89935588402477,63560000,0.0006521949710300845,387.97730560302733,384.47900939941405,105.37997436523438
2023-04-19,396.5207214355469,397.4207029205089,394.62494861239765,394.6823936174116,55227300,-0.00016875222771406406,388.70641021728517,384.59138061523436,105.37997436523438
2023-04-20,394.3568420410156,396.0994183553833,392.815323233928,393.7153338921518,75840400,-0.0054571659879393275,389.6528549194336,384.55822509765625,105.37997436523438
2023-04-21,394.6632080078125,395.1227679931791,392.71957431843055,394.6536241017087,73457400,0.0007768749876666536,390.5638717651367,384.61780334472655,105.37997436523438
2023-04-24,395.0749206542969,395.4962034683657,393.1312868972539,394.46213502684145,64332100,0.0010431999693172322,391.3719650268555,384.7535272216797,105.37997436523438
2023-04-25,388.8035583496094,393.6674491748633,388.7461133509764,393.1121085624426,97766700,-0.015873855759564015,391.83106231689453,384.7457006835937,105.37997436523438
2023-04-26,387.15673828125,390.48869433886614,386.6014268812606,389.4163487256269,80447000,-0.004235609559104292,392.25042419433595,384.61356262207033,105.37997436523438
2023-04-27,394.86431884765625,395.13240528174725,389.43553203327593,389.6844798717997,92968400,0.01990816587778732,392.77989959716797,384.63920227050784,105.37997436523438
2023-04-28,398.23455810546875,398.2441420130027,393.9260072843417,393.983452291085,89433100,0.008535183091873177,393.3653839111328,384.7066839599609,105.37997436523438
2023-05-01,397.8323669433594,399.85258413885225,397.60255774112403,397.7940605397827,62122300,-0.0010099353607651018,393.6583648681641,384.87485595703123,106.80965423583984
2023-05-02,393.36102294921875,397.17170644373317,390.46951779319113,397.12381613612365,103998500,-0.011239266499342482,393.6530960083008,384.9730603027344,106.80965423583984
2023-05-03,390.6610412597656,396.2621626197753,390.42167734881843,393.85893960371277,91531800,-0.006863877028817078,393.6219772338867,385.17311706542966,106.80965423583984
2023-05-04,387.89398193359375,389.9429216709352,386.56310465857086,389.617390281609,94901900,-0.0070830183558845405,393.503727722168,385.32832580566406,106.80965423583984
2023-05-05,395.0749206542969,396.11854378303155,391.25468204681897,391.51318454758655,87891800,0.0185126324592797,393.6684112548828,385.58671020507813,106.80965423583984
2023-05-08,395.18017578125,395.6589035337472,393.7822989253406,395.40040106631903,50046800,0.0002664181436240476,393.81824951171876,385.92884643554686,106.80965423583984
2023-05-09,393.447265625,394.557917748492,393.2174856060807,393.63876845358556,49220100,-0.004385114088337416,393.8761749267578,386.21057189941405,106.80965423583984
2023-05-10,395.28558349609375,396.9036859335044,391.4748993691881,396.2717616781344,96142900,0.004672336121521958,394.10596771240233,386.5571051025391,106.80965423583984
2023-05-11,394.5961608886719,394.8833858662675,392.5280533923099,394.4238259021145,70157100,-0.0017441127028319237,394.04181518554685,386.9188470458984,106.80965423583984
2023-05-12,394.0791320800781,396.04193351781123,391.6663545777214,395.83129212496243,70481500,-0.001310273286565522,394.00016632080076,387.21168395996096,106.80965423583984
2023-05-15,395.4387512207031,395.8408662145273,392.7770257910844,394.68235310668433,54289400,0.003450117070265879,393.9556457519531,387.4100061035156,106.80965423583984
2023-05-16,392.7962341308594,395.2569025004922,392.78665022289584,394.3377239129425,57705500,-0.006682494018824481,393.76607513427734,387.55013549804687,106.80965423583984
2023-05-17,397.5643310546875,398.16750358670436,393.16961300605146,394.80685403141115,87287000,0.012138856000945442,393.81825561523436,387.9039013671875,106.80965423583984
2023-05-18,401.39410400390625,401.81538678686417,397.0281089980014,397.24830507598523,97177200,0.009633089917948201,394.1701187133789,388.3218634033203,106.80965423583984
2023-05-19,400.81005859375,402.8207211975793,399.594100500681,402.2941323052739,103793300,-0.0014550423245642818,394.47746124267576,388.86854431152346,106.80965423583984
2023-05-22,400.97283935546875,402.50477416103354,399.5941009523831,400.82922685915275,60745400,0.0004061294327040166,394.77235717773436,389.52626159667966,106.80965423583984
2023-05-23,396.4727783203125,400.90580233866484,396.080218025508,399.33556115944674,86383500,-0.01122285749426255,395.1558181762695,390.1044714355469,106.80965423583984
2023-05-24,393.6004333496094,395.2568421165078,392.44192021304394,394.8738657064858,89213700,-0.007244746998449791,395.4780029296875,390.5037176513672,106.80965423583984
2023-05-25,397.009033203125,398.4548007806056,394.8643416067815,397.095200716989,90961600,0.008660051068815733,395.5852386474609,391.01787353515624,106.80965423583984
2023-05-26,402.1504821777344,402.8685738627077,397.58342958022524,397.6600131701632,93830000,0.012950458414327404,395.7810348510742,391.5045672607422,106.80965423583984
2023-05-30,402.3037414550781,404.60162936229705,400.92500286690074,404.0750403987033,72216000,0.0003810993250930039,396.00460357666014,392.0826794433594,106.80965423583984
2023-05-31,400.0728454589844,401.38455501215435,398.51218808898716,400.4845443720238,110811800,-0.0055453026313523335,396.34019470214844,392.544365234375,106.80965423583984
2023-06-01,403.8739013671875,404.9271083010471,399.05790118797984,400.30258169758037,88865000,0.00950090952521987,397.0008377075195,392.98307067871093,108.46768188476562
2023-06-02,409.7143859863281,410.4994773195535,405.9132863381107,406.4398751954328,91426200,0.014461158790824324,398.09185791015625,393.6687994384766,108.46768188476562
2023-06-05,408.9292907714844,411.34206835375164,408.23033766769487,410.05908136180767,65460200,-0.001916201240905302,398.7845764160156,394.31852783203124,108.46768188476562
2023-06-06,409.81976318359375,410.3463521322916,407.86654536905576,408.5176374533879,64022200,0.002177570627013292,399.5165557861328,394.93666198730466,108.46768188476562
2023-06-07,408.4027404785156,411.34213665805225,407.98145760891026,410.2123458801246,85373300,-0.0034576729391240235,400.2643295288086,395.5122845458984,108.46768188476562
2023-06-08,410.8729553222656,411.32296065481773,407.70377939997076,408.4697322463781,61952800,0.006048477639635008,401.0436981201172,396.1543536376953,108.46768188476562
2023-06-09,411.6101379394531,413.6112165464448,410.6239598849218,411.66758293531126,85742800,0.0017941862749504267,401.89439697265624,396.70106018066406,108.46768188476562
2023-06-12,415.34423828125,415.4208510939883,411.86869890795646,412.58679062643665,76104300,0.00907193481795665,402.95765228271483,397.27744750976564,108.46768188476562
2023-06-13,418.0825500488281,418.72402891389044,416.1389164228339,416.79956309947863,95899700,0.00659287288758259,404.08984222412107,397.7996435546875,108.46768188476562
2023-06-14,418.5804748535156,420.3804962400345,415.14321240552647,418.4177237476961,100612100,0.0011909724637617636,405.3790542602539,398.30192504882814,108.46768188476562
2023-06-15,423.7698974609375,425.0145781797127,417.6709093443267,417.7666315386717,110303100,0.01239767002805836,406.68933258056643,398.95165466308595,108.46768188476562
2023-06-16,422.3263854980469,426.3145800008913,421.85549893581907,425.7475863594146,114165800,-0.003406357958740336,407.73594665527344,399.5930029296875,108.46768188476562
2023-06-20,420.13531494140625,421.27892182844886,418.0691445357275,420.39480701035416,76160400,-0.005188097717495732,408.70220947265625,400.16008422851564,108.46768188476562
2023-06-21,417.9826965332031,419.9527600379521,417.3964637735576,419.1551327247259,76982300,-0.00512363120082715,409.55270233154295,400.6760699462891,108.46768188476562
2023-06-22,419.4914245605469,419.59712182011833,416.69487567418776,417.03123579350665,70637200,0.0036095466148653443,410.70363464355466,401.2201232910156,108.46768188476562
2023-06-23,416.320068359375,418.09794671553647,415.60892874801584,416.0509861285015,92074500,-0.007560002458915971,411.839616394043,401.73273010253905,108.46768188476562
2023-06-26,414.6191101074219,417.66550238868285,414.3788570549921,415.75309747622674,72823600,-0.004085698435475904,412.7201202392578,402.1075280761719,108.46768188476562
2023-06-27,419.1647033691406,419.77973592551575,415.0419528273242,415.493629733563,72813700,0.010963298967433088,413.5708312988281,402.5925799560547,108.46768188476562
2023-06-28,419.3760986328125,420.38514964096186,417.47328405222373,418.088316566666,75636000,0.0005043250587961623,414.42444915771483,403.0535186767578,108.46768188476562
2023-06-29,421.029052734375,421.1924377171977,418.559273599848,418.96288231167824,67882300,0.003941459961479099,415.4722595214844,403.5423468017578,108.46768188476562
2023-06-30,425.99749755859375,426.97771946925525,423.91208812792,424.22923858544607,104964000,0.011800717294806917,416.5784393310547,404.13188232421874,108.46768188476562
2023-07-03,426.48760986328125,426.7662822836005,425.37283219871017,425.65153394679413,32793400,0.0011505051261953003,417.41710052490237,404.77449768066407,110.52894592285156
2023-07-05,425.8533020019531,426.58368059216104,424.6712465458686,424.68086605187517,58418400,-0.0014872832097783117,418.26330108642577,405.3982995605469,110.52894592285156
2023-07-06,422.51861572265625,422.9414634252197,420.0199782059898,422.2879821858995,80658300,-0.007830598620746643,418.8982437133789,405.9471734619141,110.52894592285156
2023-07-07,421.4518737792969,425.38243934770526,421.21162073773354,421.5287711761449,86134200,-0.002524721760566395,419.55070037841796,406.60013977050784,110.52894592285156
2023-07-10,422.51861572265625,422.6915908752238,420.52931348483696,421.0963071478734,62443500,0.002531112114400047,420.1329833984375,407.30737731933596,110.52894592285156
2023-07-11,425.2094421386719,425.69956773672544,422.3071959049608,423.27782759435644,64463800,0.006368539316104149,420.8129486083984,407.9142797851562,110.52894592285156
2023-07-12,428.6306457519531,430.03374466313784,427.56393630005715,428.9862448970164,91924500,0.008045925782065533,421.4772689819336,408.52220153808594,110.52894592285156
2023-07-13,432.0326232910156,432.82066029903234,430.0049017154937,430.43733958982216,72425200,0.007936850929299188,422.17477264404295,409.2062066650391,110.52894592285156
2023-07-14,431.7635803222656,433.76247288793445,431.00437243683245,432.9168067475371,69815800,-0.0006227376226836112,422.8339279174805,409.9742578125,110.52894592285156
2023-07-17,433.26275634765625,434.3102561737573,431.57136541418197,431.6194336230175,52680200,0.003472215105015719,423.3085708618164,410.8262921142578,110.52894592285156
2023-07-18,436.4821472167969,437.12600898753516,432.5035425061128,432.93600974084484,80668200,0.007430573761473713,424.01635894775393,411.79805541992187,110.52894592285156
2023-07-19,437.4527282714844,438.6347544080096,436.40519925341147,437.27013362266524,65891700,0.002223644336604158,424.8822296142578,412.64561157226564,110.52894592285156
2023-07-20,434.5504455566406,437.35661380071673,433.8393059855323,436.462879583876,70591600,-0.006634505918643119,425.7106170654297,413.4330169677734,110.52894592285156
2023-07-21,434.5504455566406,436.462879583876,434.5408553784918,436.2610459263221,71275600,0.0,426.46356811523435,414.25508056640626,110.52894592285156
2023-07-24,436.4918212890625,437.29906814407775,434.6658743610607,435.6941646146681,54023400,0.0044675497454271795,427.47215576171874,415.07920532226564,110.52894592285156
2023-07-25,437.683349609375,438.93265359810636,436.1745535859872,436.2226217872533,55191200,0.00272978384060818,428.62536773681643,415.9409490966797,110.52894592285156
2023-07-26,437.75067138671875,439.17295065598853,435.7037107326863,436.7512104988631,71052900,0.00015381388714885702,429.55466613769534,416.8143798828125,110.52894592285156
2023-07-27,434.8484191894531,441.5274659900454,433.94506533743083,441.1238279449385,92194400,-0.006629920607709838,430.32828216552736,417.6025732421875,110.52894592285156
2023-07-28,439.1057434082031,439.9321998907834,434.8484367232918,438.1062824263063,80011800,0.009790363793170886,431.23211669921875,418.52876342773436,110.52894592285156
2023-07-31,439.9418029785156,440.2973728160184,438.26962173264826,439.5766136336967,62040400,0.0019040050895788863,431.92933197021483,419.3763128662109,110.52894592285156
2023-08-01,438.682861328125,439.42283016702106,437.7314393035273,438.48102764934566,55291500,-0.0028616095171389855,432.53909454345705,420.1220880126953,107.44878387451172
2023-08-02,432.5804443359375,435.83826057949295,431.83085596175755,435.5787978326574,93933400,-0.013910771379835207,432.8754516601563,420.75749572753904,107.44878387451172
2023-08-03,431.3407287597656,433.21471435225743,429.92803959884134,430.5719307015857,64276100,-0.002865861349962251,433.3165573120117,421.364853515625,107.44878387451172
2023-08-04,429.38983154296875,435.24239195100046,428.87087677605945,433.14739252633814,100128900,-0.004522868087153076,433.7134552001953,422.0231945800781,107.44878387451172
2023-08-07,433.1378173828125,433.2915828601554,430.523862923515,431.2157929076751,58357500,0.008728632036710593,434.2444152832031,422.8139422607422,107.44878387451172
2023-08-08,431.25421142578125,433.12819688898776,427.90987851511386,430.61032036745866,71361300,-0.004348745090910655,434.5466537475586,423.4988458251953,107.44878387451172
2023-08-09,428.3711853027344,431.6866891018031,427.61197745800644,431.5233041246725,78789600,-0.006685212681205366,434.53368072509767,424.0232598876953,107.44878387451172
2023-08-10,428.52496337890625,434.08923235537964,427.3621468022029,430.71607007168745,93005500,0.00035898324034833173,434.35829772949216,424.54768432617186,107.44878387451172
2023-08-11,428.27508544921875,429.28416586620887,426.06476909769503,426.6605919753528,68690900,-0.0005831117228672911,434.18387298583986,425.1117291259766,107.44878387451172
2023-08-14,430.63916015625,430.63916015625,427.0546034425639,427.3621343832933,47867400,0.0055199912097421144,434.05269317626954,425.6470343017578,107.44878387451172
2023-08-15,425.6227111816406,429.22650696420783,425.0556881700834,428.87090781167177,75707500,-0.011648845341397318,433.50972137451174,425.96520080566404,107.44878387451172
2023-08-16,422.4993896484375,426.86236363092155,422.3936630630157,425.20942158349953,80107200,-0.007338239833424187,432.7620544433594,426.2366027832031,107.44878387451172
2023-08-17,419.2799987792969,424.2195859756661,418.7610440069637,423.9601232533812,95711300,-0.0076198710531143465,431.9985321044922,426.42580749511717,107.44878387451172
2023-08-18,419.4818115234375,420.5101015823301,416.12788844047134,416.4738387437825,98852000,0.0004813316750815755,431.245100402832,426.64738891601564,107.44878387451172
2023-08-21,422.2110595703125,422.95102834171905,418.34780142156416,420.4908396707108,68719000,0.006506236913975227,430.5310623168945,426.87415100097655,107.44878387451172
2023-08-22,421.0674743652344,423.97934005301454,420.51010021357035,423.97934005301454,64994200,-0.0027085628837907327,429.7002685546875,427.0632977294922,107.44878387451172
2023-08-23,425.7572326660156,426.37229454971487,421.98046176867535,422.12460773274086,68441000,0.011137783339478124,429.10059661865233,427.2715576171875,107.44878387451172
2023-08-24,419.8565979003906,427.86181593129874,419.8277393822269,427.3524806823666,88517300,-0.01385915332236698,428.3510055541992,427.3070385742187,107.44878387451172
2023-08-25,422.8165588378906,424.09469222022517,418.0403268045078,421.5768448293855,102325100,0.007049933125505392,427.5365463256836,427.3917602539062,107.44878387451172
2023-08-28,425.4977722167969,426.1128047760357,422.8165399597136,424.99802710166506,61595400,0.006341315927350433,426.81434478759763,427.42631774902344,107.44878387451172
2023-08-29,431.6483154296875,431.9270172260521,425.20952088221264,425.3921155769581,83081900,0.014454936346310232,426.4626174926758,427.6127563476563,107.44878387451172
2023-08-30,433.4261169433594,434.0603885077203,431.2830492029172,431.9845986592022,69053900,0.004118634198542193,426.50490112304686,427.8785723876953,107.44878387451172
2023-08-31,432.7918395996094,435.17513102782067,432.6092449398333,434.0411436980902,66084600,-0.0014634036089543612,426.57745666503905,428.17475524902346,107.44878387451172
2023-09-01,433.59906005859375,435.9823806702833,432.1479223748874,435.5018746110706,58944100,0.001865147133391254,426.7879180908203,428.4569079589844,101.14118194580078
2023-09-05,431.7251281738281,433.474177484678,431.65787960630774,433.15705635053166,55166200,-0.004321807995876226,426.71728363037107,428.76500915527345,101.14118194580078
2023-09-06,428.8228759765625,431.0236021823755,426.5068329962555,430.91787558724553,70758500,-0.00672245372777347,426.59571685791013,429.04908447265626,101.14118194580078
2023-09-07,427.5062561035156,428.1789470044785,425.4881247451009,425.8340750379796,70355400,-0.0030703116526806795,426.5524703979492,429.2159155273437,101.14118194580078
2023-09-08,428.150146484375,429.67815236910445,427.19875378748577,427.5543236104539,61659700,0.0015061542881924517,426.53372955322266,429.391396484375,101.14118194580078
2023-09-11,430.9659118652344,431.2734134651807,429.0630972437641,430.7640781970579,60180100,0.006576583948365355,426.66827087402345,429.5901336669922,101.14118194580078
2023-09-12,428.6018371582031,431.04281644605425,428.02525327961035,429.5244300194834,67565400,-0.00548552598232066,426.56640472412107,429.64222045898435,101.14118194580078
2023-09-13,429.10150146484375,430.2546983325801,427.7272319390113,428.8227997575093,60199300,0.0011658006646766417,426.74034423828124,429.69449829101563,101.14118194580078
2023-09-14,432.8013916015625,433.4933214807943,430.2643349295537,431.56170711908345,83430800,0.008622412469050378,427.2554443359375,429.8334600830078,101.14118194580078
2023-09-15,427.5868835449219,431.5505908236283,427.15292033053095,431.2226976956846,111848900,-0.012048270079133894,427.67078857421876,429.9348254394531,101.14118194580078
2023-09-18,427.83770751953125,429.1300027993312,426.8057902109989,427.2783378211123,55752200,0.0005866035284569637,428.0885833740234,430.06254211425784,101.14118194580078
2023-09-19,426.9504089355469,427.5097785871883,424.27902594225344,426.92147805226983,66514600,-0.00207391393603118,428.32555084228517,430.15117797851565,101.14118194580078
2023-09-20,423.0252990722656,428.61881878957314,422.8227534657827,428.20413300123477,82562600,-0.009193362463493449,428.4234420776367,430.1074951171875,101.14118194580078
2023-09-21,416.03338623046875,420.45033436985153,415.87907838119946,420.18995642926694,104095800,-0.01652835624046789,427.9372497558594,429.8555499267578,101.14118194580078
2023-09-22,415.0979309082031,418.64692328267273,414.6832156713709,417.05566583396023,100829700,-0.0022485102235219045,427.69931640625,429.51685607910156,101.14118194580078
2023-09-25,416.8434753417969,416.8820302302398,413.4584149989299,413.89240765921994,70874500,0.004205138844644685,427.4006622314453,429.2184539794922,101.14118194580078
2023-09-26,410.71954345703125,414.5192898301892,409.8901424025337,413.8152657492611,96168400,-0.014691202446539986,426.66175079345703,428.7675897216797,101.14118194580078
2023-09-27,410.88348388671875,412.44583993852024,407.257352172029,411.8864702649676,104705800,0.00039915419730851553,425.6235092163086,428.2556164550781,101.14118194580078
2023-09-28,413.2655944824219,414.9340207800413,409.7455325572833,410.3338331669803,92258300,0.005797533094223484,424.61548309326173,427.77187377929687,101.14118194580078
2023-09-29,412.2625427246094,416.47697439955255,410.7484246490407,416.3033891177094,115111300,-0.0024271358932473897,423.5890182495117,427.32611572265625,101.14118194580078
2023-10-02,412.0986022949219,413.34268907348576,409.350050801858,411.4331625829839,83798600,-0.00039766025941634364,422.5139953613281,426.87707885742185,98.63481140136719
2023-10-03,406.5821838378906,412.15642551032204,405.2223736594243,409.9286595287011,103760600,-0.01338616153102934,421.25684814453126,426.2788861083984,98.63481140136719
2023-10-04,409.54296875,410.28554771633696,405.5889145488821,407.0451710291783,87453000,0.007282131460265573,420.2928527832031,425.71607849121096,98.63481140136719
2023-10-05,409.38861083984375,410.227635792642,406.1771654289247,409.2535804454479,70142700,-0.0003769028452066392,419.38697052001953,425.1488372802734,98.63481140136719
2023-10-06,414.2492370605469,415.78263268562836,405.627480956343,406.9487069673823,113273300,0.011872890676493775,418.6919250488281,424.73685363769533,98.63481140136719
2023-10-09,416.9013671875,417.47036086082164,411.80932558041656,412.3590123769111,80374400,0.006402257118859778,417.9886978149414,424.29276611328123,98.63481140136719
2023-10-10,419.0712585449219,421.6558488736504,417.1328010827686,417.5282094394434,78607300,0.005204807487344976,417.51216888427734,423.8753552246094,98.63481140136719
2023-10-11,420.78790283203125,421.0386273478204,417.75966631617496,420.13211651194507,62451700,0.004096306420702245,417.0964889526367,423.5174560546875,98.63481140136719
2023-10-12,418.2226257324219,421.7716184606987,415.87913565080567,421.3955169391734,81154200,-0.006096366084538785,416.3675506591797,423.2302996826172,98.63481140136719
2023-10-13,416.1395263671875,420.91332876659834,414.57719959828006,419.7174500912721,95143100,-0.004980838522512521,415.795182800293,422.9262756347656,98.63481140136719
2023-10-16,420.51788330078125,421.578731455087,418.135809030701,418.3769095461698,75433200,0.010521367609118704,415.42919158935547,422.7488366699219,98.63481140136719
2023-10-17,420.49853515625,422.54309204899533,417.0556425009614,417.4028130821822,75324700,-4.6010277563901525e-05,415.1065979003906,422.4960510253906,98.63481140136719
2023-10-18,414.8953857421875,419.68846496991176,413.8152601862858,418.733716385894,93559800,-0.013325015298758291,414.7001022338867,422.16887451171874,98.63481140136719
2023-10-19,411.25,417.4125438390961,410.57493615662145,415.6091165353134,121323000,-0.00878627689644329,414.46093292236327,421.8264508056641,98.63481140136719
2023-10-20,406.1965026855469,411.3560595506144,406.09040315558224,410.8159967559263,123919900,-0.012288139366451345,414.01586151123047,421.3798815917969,98.63481140136719
2023-10-23,405.492431640625,409.34041539624207,402.92711894728416,404.67268410500066,92035100,-0.001733326211001196,413.44830932617185,420.924228515625,98.63481140136719
2023-10-24,408.5496520996094,409.69729291312706,405.7625160007192,407.60452747929617,78564200,0.007539525328783103,413.3398147583008,420.48243835449216,98.63481140136719
2023-10-25,402.6860046386719,406.9004656959786,402.17487280502843,406.8715348160067,94223200,-0.014352349661303498,412.92994079589846,420.0237042236328,98.63481140136719
2023-10-26,397.8640441894531,402.4738846980561,396.9478799231693,401.6252356371067,115156800,-0.011974492268598924,412.15986328125,419.53099731445315,98.63481140136719
2023-10-27,396.06060791015625,399.8410767152927,394.64293578713176,399.4456683619361,107367700,-0.0045327953245207775,411.34976654052736,419.0666094970703,98.63481140136719
2023-10-30,400.79583740234375,401.84703208667196,397.5458072598068,398.8381024524088,86562700,0.011955820391160055,410.7846282958984,418.6928900146484,98.63481140136719
2023-10-31,403.31298828125,403.6312280389458,399.4650037145309,401.3648771149318,79665200,0.006280381790441103,410.6211685180664,418.3149285888672,98.63481140136719
2023-11-01,407.61419677734375,408.42429101289605,403.74693492260894,404.27737373849845,98068100,0.010664691247419755,410.5247299194336,418.04586303710937,197.8870086669922
2023-11-02,415.42584228515625,415.5801501470598,411.3753418460295,411.3946192920617,94938900,0.01916431166915311,410.8265914916992,417.8392352294922,197.8870086669922
2023-11-03,419.21600341796875,420.75905285640295,417.59581475166186,417.7211917492725,100167800,0.009123556473915384,411.07492980957034,417.82642333984376,197.8870086669922
2023-11-06,420.18035888671875,420.6239756178728,418.2419012219719,419.96818924465083,67831700,0.002300378470495801,411.23887939453124,417.7736993408203,197.8870086669922
2023-11-07,421.3761901855469,422.0126990847071,419.04235365317487,420.1803410344543,64256100,0.002845995234038279,411.3541259765625,417.69126770019534,197.8870086669922
2023-11-08,421.6847839355469,422.4948781019278,419.38950241519393,421.97409276953505,61746000,0.000732347382665699,411.39897003173826,417.4919970703125,197.8870086669922
2023-11-09,418.39617919921875,422.86136537152765,417.9718399454001,422.822781049031,83174400,-0.007798727536800998,411.40764770507815,417.1913983154297,197.8870086669922
2023-11-10,424.9252014160156,425.2338171560556,418.3865562589062,420.4600443494357,89462200,0.015604880114567399,411.84693145751953,417.0340655517578,197.8870086669922
2023-11-13,424.5201416015625,425.6195446365516,422.8131605648516,423.5943238724324,52236100,-0.0009532496851288874,412.0470443725586,416.8524871826172,197.8870086669922
2023-11-14,432.7561340332031,434.0387757848984,430.2100985439841,430.43192160638574,97176900,0.019400710648425745,412.65992431640626,416.8731072998047,197.8870086669922
2023-11-15,433.6722717285156,435.31176685348777,432.82359328411655,434.08695751300667,77327600,0.0021169837311705297,413.59876861572263,416.97009521484375,197.8870086669922
2023-11-16,434.2027893066406,434.52102906546435,432.16788547192056,433.2287337200293,66665800,0.0012233144997038092,414.7464080810547,417.10402587890627,197.8870086669922
2023-11-17,434.7428283691406,435.3504063975986,433.2962252275612,434.2123895584984,83133200,0.0012437484875726934,416.17372436523436,417.2358795166016,197.8870086669922
2023-11-20,438.08929443359375,438.9283195268349,434.48241067282527,434.4920641115296,69936200,0.007697576236062931,417.80356750488284,417.37834716796874,197.8870086669922
2023-11-21,437.1344909667969,437.9638920043512,435.87112668099957,437.0476983171483,49244600,-0.002179472264966731,419.23280944824216,417.54900024414064,197.8870086669922
2023-11-22,438.8221740722656,440.1337760565273,437.7324245676935,438.7836191839142,59394900,0.0038607868753073316,421.03961791992185,417.74341369628905,197.8870086669922
2023-11-24,439.0922546386719,439.285146826889,438.5425678215631,438.8704609965596,29737400,0.0006154669986246919,423.1010284423828,417.8692309570313,197.8870086669922
2023-11-27,438.30145263671875,439.2754786903425,437.9156682731926,438.4653845031241,50506000,-0.0018009928291808919,425.21307067871095,418.08352233886717,197.8870086669922
2023-11-28,438.7353515625,440.02764658340857,437.3562639018897,437.9156040570371,62115000,0.0009899554819428058,427.11004638671875,418.30147521972657,197.8870086669922
2023-11-29,438.4267883300781,442.0047410159344,438.0314094012158,440.8763777024274,63146000,-0.0007033015035668999,428.86573638916013,418.5310028076172,197.8870086669922
2023-11-30,440.15313720703125,440.5003372867107,437.20206897023724,439.2659037068179,79752700,0.003937598985519486,430.49268341064453,418.8735595703125,197.8870086669922
2023-12-01,442.7569885253906,443.28739788218263,438.95724208115644,439.5455132066452,89183400,0.005915784980840888,431.85924072265624,419.40803161621096,156.69613647460938
2023-12-04,440.4327697753906,442.7762596678929,438.1664190963143,439.3815750840775,72430900,-0.005249423070070258,432.92007904052736,419.9147283935547,156.69613647460938
2023-12-05,440.345947265625,441.3006958020075,438.6775212551753,439.05365215206086,69793500,-0.00019712999514065466,433.92835845947263,420.38477783203126,156.69613647460938
2023-12-06,438.57147216796875,442.50621946104377,438.1374794863498,442.47728857768345,69124700,-0.004029729599363985,434.7881225585937,420.94181640625,156.69613647460938
2023-12-07,441.91790771484375,442.5640405275411,440.04696561303206,440.6448901016337,66995400,0.0076303083060389465,435.7997787475586,421.5625048828125,156.69613647460938
2023-12-08,443.81787109375,444.3482804916818,440.93428871770044,441.175389249709,83194400,0.004299358196935055,437.0708633422852,422.1735504150391,156.69613647460938
2023-12-11,445.5440368652344,445.71765157982594,443.11375460427496,443.32592420547695,65002200,0.0038893561614146144,438.10180511474607,422.83918029785156,156.69613647460938
2023-12-12,447.5790100097656,447.67545610374924,444.20360273884916,445.1969357013274,68327600,0.004567389474784411,439.25474853515624,423.5487884521484,156.69613647460938
2023-12-13,453.7510986328125,454.0018525473876,447.59820973831967,447.9550337360085,93278000,0.013789942077293116,440.3044967651367,424.4921667480469,156.69613647460938
2023-12-14,455.20745849609375,456.8662313358376,452.5456992010771,455.6800061214895,119026000,0.0032096007429389672,441.3812561035156,425.40545654296875,156.69613647460938
2023-12-15,454.4578552246094,455.78446747908214,452.61806834578147,454.61278868974205,141553700,-0.0016467288870022356,442.3940093994141,426.30684143066406,156.69613647460938
2023-12-18,457.0142517089844,457.9922563619539,455.00017559306576,456.05563220988086,70375300,0.005625156337349502,443.50758056640626,427.1621417236328,156.69613647460938
2023-12-19,459.7933349609375,459.8708164807692,457.4790843028072,457.5565362720974,55761800,0.006080955334677007,444.59278259277346,428.01998107910157,156.69613647460938
2023-12-20,453.4218444824219,460.8197337409229,452.9957847839671,458.9412058569742,102921000,-0.013857291948472739,445.4071502685547,428.70699279785157,156.69613647460938
2023-12-21,457.7210998535156,457.99222603483094,453.9834001212354,456.39448757473747,86667500,0.009481800278064112,446.3520965576172,429.44565673828123,156.69613647460938
2023-12-22,458.6410217285156,460.3162123050925,456.7528308577729,458.84435899601766,67160400,0.0020097869101827204,447.32953491210935,430.25402465820315,156.69613647460938
2023-12-26,460.57763671875,461.4781598644946,458.97023511368405,459.0477166286851,55387000,0.004222507142810139,448.44334411621094,431.14278686523437,156.69613647460938
2023-12-27,461.4104309082031,461.5556718202345,459.84176995718065,460.374329818143,68000300,0.001808151597168628,449.5770980834961,431.9606378173828,156.69613647460938
2023-12-28,461.584716796875,462.41745105376606,461.16834966842947,461.76869846768426,77158100,0.00037772420603676693,450.73499450683596,432.7823614501953,156.69613647460938
2023-12-29,460.2484436035156,461.91394167612276,458.3021267345069,461.39104484329897,122283100,-0.0028949684526652364,451.73975982666013,433.6894226074219,156.69613647460938
2024-01-02,457.6726989746094,458.66039620914324,455.5811413344983,457.1982355112993,123623700,-0.0055964222469487845,452.4855453491211,434.61787658691406,142.2794647216797
2024-01-03,453.9350280761719,456.25897115713644,453.3346793148978,455.5230445204575,103585900,-0.008166689660125126,453.16065826416013,435.57264709472656,142.2794647216797
2024-01-04,452.4728698730469,456.03625125353045,452.2501474553143,453.4605375615008,84232200,-0.003221073749963277,453.7670043945312,436.512255859375,142.2794647216797
2024-01-05,453.0925598144531,455.532695393491,451.64975485355063,452.6761631999303,86118900,0.0013695626471044164,454.4930587768555,437.4031140136719,142.2794647216797
2024-01-08,459.5609436035156,459.7061845131588,453.4605594436324,453.58644474883687,74879100,0.014276075934046117,455.3752105712891,438.5406127929688,142.2794647216797
2024-01-09,458.86370849609375,459.88042430514423,456.41388024759897,456.9173918638988,65931400,-0.0015171765945876103,456.12750244140625,439.76060607910154,142.2794647216797
2024-01-10,461.4588317871094,462.32064377730035,458.85406976244286,459.1348885576282,67310600,0.0056555426872197945,456.9232421875,441.0685705566406,142.2794647216797
2024-01-11,461.2554931640625,462.96939501130794,457.29510006298005,462.45619075983615,77940700,-0.0004406430412424722,457.60706634521483,442.277763671875,142.2794647216797
2024-01-12,461.5750427246094,463.4342151118614,460.171007794378,462.69828839912003,58026400,0.0006927821246200949,457.9982635498047,443.4430047607422,142.2794647216797
2024-01-16,459.8804626464844,461.507219896807,458.0697237314841,460.2000221906259,85014900,-0.0036712991848999454,458.2319137573242,444.488330078125,142.2794647216797
2024-01-17,457.32415771484375,457.8083137942025,454.9808292885089,456.8690498182248,68843900,-0.005558629120554048,458.37522888183594,445.32629638671875,142.2794647216797
2024-01-18,461.39105224609375,461.9429972701223,457.4500442083185,458.9896569986018,91856200,0.008892804945121346,458.5940689086914,446.16979736328125,142.2794647216797
2024-01-19,467.14276123046875,467.4235799907283,461.439418792673,462.51423095179746,110834500,0.012466017614288782,458.96154022216797,447.1090454101562,142.2794647216797
2024-01-22,468.1304931640625,469.8443949304159,467.4817110595385,468.67274557207963,75844900,0.0021144113011448695,459.69697265625,448.04413146972655,142.2794647216797
2024-01-23,469.4958190917969,469.7378971314764,467.5882725076425,468.6727773973201,49945300,0.002916549867337803,460.28570861816405,449.00035217285154,142.2794647216797
2024-01-24,470.0091247558594,473.2819955302029,469.51527602324387,472.3524239898794,81765000,0.0010933125348282502,460.85411376953124,450.03261108398436,142.2794647216797
2024-01-25,472.56536865234375,472.8364948673133,470.0090399898508,472.1296163726771,72525000,0.005438711211856129,461.45350036621096,450.98541442871095,142.2794647216797
2024-01-26,471.96502685546875,473.6208323517754,471.12260001612924,472.1393159497028,76641600,-0.0012703888957987797,461.9812301635742,451.93431213378904,142.2794647216797
2024-01-29,475.7026672363281,475.8479376894722,471.73261132928997,472.27486373270614,61322800,0.007919316407323462,462.6871276855469,452.7932427978516,142.2794647216797
2024-01-30,475.3347473144531,476.0415962445669,474.5794354978266,475.0151877688741,58618400,-0.0007734241306917022,463.4414428710937,453.6264923095703,142.2794647216797
2024-01-31,467.57855224609375,473.58206954437225,467.55916709172027,473.13665425188526,126011100,-0.016317332389816475,463.93673553466795,454.29400756835935,142.2794647216797
2024-02-01,473.6982421875,473.7272903654765,468.4693337474314,469.2730492556767,91891600,0.013088046729280656,464.9248962402344,455.07311584472654,160.3736572265625
2024-02-02,478.6851501464844,480.33126318424115,473.79515572273505,474.1340709086256,99228200,0.0105276049494194,466.2355102539062,455.88503295898437,160.3736572265625
2024-02-05,476.9421081542969,478.7141358274664,474.69564656369516,478.0556906983339,75757100,-0.003641312022430787,467.42798767089846,456.6811853027344,160.3736572265625
2024-02-06,478.3267822265625,478.6560047672627,476.457917569754,477.88133742102303,55918600,0.002903233010027373,468.3662796020508,457.4712774658203,160.3736572265625
2024-02-07,482.3162841796875,482.73265130891053,479.66308881437243,480.5636415654776,70556500,0.008340536431086454,469.53890838623045,458.3357580566406,160.3736572265625
2024-02-08,482.5292663574219,482.90689268947517,481.5028579516359,482.31623652505846,52343600,0.000441581975812122,470.5924301147461,459.2203143310547,160.3736572265625
2024-02-09,485.3180847167969,485.7538074749057,482.6939373878326,483.0328525667237,63979400,0.005779583859083948,471.7955596923828,460.15196899414065,160.3736572265625
2024-02-12,485.10504150390625,487.54517753380475,484.3884704038274,485.28902318022654,56502300,-0.00043897645605961433,472.97205963134763,461.08553405761717,160.3736572265625
2024-02-13,478.42364501953125,481.3382739920692,475.1701304413372,478.8593972990049,113099200,-0.013773092243406837,473.89921875,461.8509442138672,160.3736572265625
2024-02-14,482.7713928222656,483.25554889436194,478.73351817874396,481.0477983876243,68387800,0.00908765243523213,475.1715805053711,462.6512322998047,160.3736572265625
2024-02-15,486.1024169921875,486.28639867423624,482.99411355370677,483.4686066260898,61683000,0.006899796092823207,476.40714874267576,463.56462524414064,160.3736572265625
2024-02-16,483.6816101074219,486.9351247377766,482.9456834193714,485.802216073848,75532900,-0.004980034659660015,477.2340911865234,464.43133850097655,160.3736572265625
2024-02-20,481.01873779296875,482.6164468795506,478.78193916164605,481.9483091532552,71736700,-0.005505423937581022,477.8785034179688,465.28028381347656,160.3736572265625
2024-02-21,481.4544372558594,481.609370733512,477.92010410161913,479.7211799226085,59293400,0.0009057848034978999,478.4764343261719,466.0710144042969,160.3736572265625
2024-02-22,491.41839599609375,492.3770155291545,487.0803471035888,488.0389961871901,76402500,0.020695538288162618,479.5468978881836,467.02302490234376,160.3736572265625
2024-02-23,491.7572937011719,493.9650440524054,491.03105964418,493.1322803007743,61321800,0.0006896317025153476,480.506494140625,467.9472900390625,160.3736572265625
2024-02-26,489.9562683105469,492.6288193715667,489.8303829996231,492.1930670722987,50386700,-0.0036624274081829,481.4060562133789,468.79483520507813,160.3736572265625
2024-02-27,490.8664855957031,491.089208034972,488.7555721385278,490.64379270697685,48854500,0.0018577520975389117,482.1642471313477,469.5371429443359,160.3736572265625
2024-02-28,490.2177734375,490.79873715215587,488.9589497711407,489.3172205786934,56506600,-0.0013215653894477208,482.9083984375,470.2373492431641,160.3736572265625
2024-02-29,491.97998046875,493.5873820410347,489.33650744640795,491.9703174424767,83924800,0.0035947432482772435,484.1284698486328,470.9877917480469,160.3736572265625
2024-03-01,496.598876953125,497.02493667557957,492.44483898500675,492.8515431020925,76844800,0.009388382998784195,485.27350158691405,471.7794842529297,146.59817504882812
2024-03-04,496.0662841796875,497.90610083671146,495.7758023657051,495.80488009764395,49799300,-0.0010724808253800289,486.1425582885742,472.5049432373047,146.59817504882812
2024-03-05,491.1085510253906,494.5170287187888,488.910493074669,494.0715838516931,72855600,-0.009994094161217104,486.8508804321289,473.25867736816406,146.59817504882812
2024-03-06,493.59716796875,495.84365947419604,492.30932568232174,494.3718059462271,68382400,0.005067345983211569,487.6143997192383,473.97619873046875,146.59817504882812
2024-03-07,498.4967346191406,499.54252820351775,493.65517426694095,496.8796700098079,58652100,0.009926245465615935,488.4234222412109,474.77331298828125,146.59817504882812
2024-03-08,495.5046691894531,501.7986682913954,494.9333685962926,499.12617653924883,86532500,-0.006002176587923902,489.0721923828125,475.4718536376953,146.59817504882812
2024-03-11,495.07861328125,495.6596064560232,492.38670680365675,494.3039754152461,62557200,-0.0008598423681860368,489.56021881103516,476.14521728515626,146.59817504882812
2024-03-12,500.40435791015625,500.98532153263085,494.6719076966977,497.17986205272086,73114400,0.010757371629545043,490.32518463134767,476.9216101074219,146.59817504882812
2024-03-13,499.6199951171875,500.89817425614416,498.1869120376378,500.7238851600706,55104100,-0.0015674579578892622,491.38500213623047,477.7090411376953,146.59817504882812
2024-03-14,498.6323547363281,500.7432681365898,495.6015329710001,500.5883050955873,110171800,-0.00197678313620675,492.1780502319336,478.5282342529297,146.59817504882812
2024-03-15,495.20843505859375,497.02482972446626,493.5474849090623,495.5775416790132,107646300,-0.00686662156037765,492.6333511352539,479.3537023925781,146.59817504882812
2024-03-18,498.1515197753906,500.69637526560086,497.74358168127196,499.25883960128044,88893300,0.005943123154694696,493.35684661865236,480.267275390625,146.59817504882812
2024-03-19,500.9197692871094,501.2014309193572,496.46138163610317,497.461870313395,60755300,0.005557043192334188,494.3518981933594,481.2238195800781,146.59817504882812
2024-03-20,505.552978515625,505.6889776418347,500.30788231111256,500.9780959649054,69594600,0.009249403821912416,495.5568252563477,482.14366027832034,146.59817504882812
2024-03-21,507.2236328125,509.0788290865272,506.9419118942698,508.37950670617295,60256100,0.0033046077619407477,496.34708709716796,483.1108587646484,146.59817504882812
2024-03-22,506.2620544433594,507.621867774784,506.028887689534,507.13620745255224,79070800,-0.001895768073362003,497.0723251342773,484.0069232177734,146.59817504882812
2024-03-25,504.8634338378906,506.00958527374246,504.7079893096331,504.89254263399073,48512100,-0.002762641586888326,497.8176834106445,484.87908203125,146.59817504882812
2024-03-26,503.9308776855469,506.62145492992863,503.5326622935472,506.28145712240774,65463700,-0.0018471453661331738,498.47090301513674,485.72619873046875,146.59817504882812
2024-03-27,508.1658020019531,508.20469276971767,504.59134916532923,506.7477118115157,82999800,0.00840378016893184,499.36830444335936,486.6919055175781,146.59817504882812
2024-03-28,508.0687561035156,509.56456872863964,507.78709442613604,508.20475523799445,96294900,-0.0001909729030469265,500.17274322509763,487.70679748535156,146.59817504882812
2024-04-01,507.184814453125,509.3411773364756,506.0289403944362,508.8069627833215,62477500,-0.0017398071417926708,500.70204010009763,488.6226727294922,133.21316528320312
2024-04-02,503.9600830078125,504.0960228561583,501.6677209860127,503.3772549881494,74230300,-0.006358099362240521,501.0967300415039,489.35901916503906,133.21316528320312
2024-04-03,504.5136413574219,506.00951312621123,502.8235528830779,502.87210705946654,59155800,0.0010984170537982063,501.7669845581055,490.08668212890626,133.21316528320312
2024-04-04,498.3554992675781,508.845750562364,498.0543922336854,508.50581204447843,96858100,-0.01220609629756475,502.00490112304686,490.6638757324219,133.21316528320312
2024-04-05,503.5616760253906,505.5140397016923,499.268456046442,499.7055621251913,74546500,0.010446712769225819,502.2581481933594,491.3349267578125,133.21316528320312
2024-04-08,503.8433837890625,505.26153318113694,503.0372303910679,504.26110380982067,48401800,0.0005594305068952199,502.67508392333986,491.9604870605469,133.21316528320312
2024-04-09,504.42626953125,505.81525100842816,499.5987748577626,505.57242083511636,68049200,0.0011568788257256823,503.14246673583983,492.6097119140625,133.21316528320312
2024-04-10,499.3753662109375,501.3568389879978,497.4036161258989,498.75370676862974,82652800,-0.010013164708900235,503.0910171508789,493.0831658935547,133.21316528320312
2024-04-11,503.1441345214844,504.5816702204379,497.3939324409582,500.8906633299254,70099000,0.007546964799530986,503.26722412109376,493.6393536376953,133.21316528320312
2024-04-12,496.19915771484375,501.026622508991,494.4799012010891,499.61819571598176,92561100,-0.013803155656868848,503.1455642700195,494.21176574707033,133.21316528320312
2024-04-15,489.9827575683594,500.5215638494566,489.13768362770764,500.3564559239092,92101400,-0.012528034459213688,502.8842803955078,494.5374560546875,133.21316528320312
2024-04-16,489.0890808105469,491.97390429784934,487.8069304512228,490.45864647041304,73484000,-0.0018238942983372919,502.4311584472656,494.74553466796874,133.21316528320312
2024-04-17,486.19451904296875,491.7019199393697,484.8055376860778,491.53678239318253,75910300,-0.005918271090372906,501.6948959350586,494.9305828857422,133.21316528320312
2024-04-18,485.1941223144531,489.6719263116465,484.26166270979206,487.5835926622845,74548100,-0.0020576059361689936,500.676953125,495.0679296875,133.21316528320312
2024-04-19,480.95916748046875,486.10715539894034,479.6964327690104,485.11641894359934,102212600,-0.008728372086996727,499.3637298583984,495.0407873535156,133.21316528320312
2024-04-22,485.3883972167969,487.972113920127,481.2214229780645,483.55258680560587,67961000,0.009209159603986494,498.32004699707034,495.0979699707031,133.21316528320312
2024-04-23,491.1483154296875,491.5756989172583,485.2038373746558,487.3893089914972,64633600,0.011866617014163916,497.63429107666013,495.2145745849609,133.21316528320312
2024-04-24,490.9151306152344,492.81891062394527,488.7005209113683,492.0321433372002,55928100,-0.0004747747414121095,496.9835037231445,495.3307763671875,133.21316528320312
2024-04-25,489.05029296875,489.8079219959981,483.2223682538086,484.8639027532391,69122400,-0.0037986966181858817,496.02772827148436,495.5433093261719,133.21316528320312
2024-04-26,493.6834411621094,495.25697586630093,491.19686267902955,491.8282151706386,64306100,0.009473766318049082,495.30846252441404,495.76155029296876,133.21316528320312
2024-04-29,495.43182373046875,496.1020373711397,492.70241499072074,495.4609621651781,46415400,0.003541505391073674,494.72081298828124,495.94813842773436,133.21316528320312
2024-04-30,487.5835266113281,494.9461237340898,487.5835266113281,493.9748031317947,77483600,-0.015841326178938298,493.90198516845703,496.0261767578125,133.21316528320312
2024-05-01,486.0003662109375,493.6155176945551,485.5341215576048,487.0008254451311,80242800,-0.003246952191747532,492.9763214111328,496.12580932617186,163.9473419189453
2024-05-02,490.54608154296875,491.3814327412964,485.22323354848663,489.69131460230034,62550200,0.009353316680543955,492.58585052490236,496.3076422119141,163.9473419189453
2024-05-03,496.62652587890625,497.8503696978336,493.9748099269168,496.5002494560944,72756700,0.012395256153737932,492.2390930175781,496.4118048095703,163.9473419189453
2024-05-06,501.755126953125,501.7939584375333,498.57888938265427,499.0159955422608,47264700,0.010326877053420391,492.1346801757812,496.61176147460935,163.9473419189453
2024-05-07,502.3088073730469,503.6977888774315,501.63859371019026,502.7167454724822,52561300,0.0011034873191710926,492.02880706787107,496.8588122558594,163.9473419189453
2024-05-08,502.3573303222656,502.89154482386346,500.36613484283316,500.4826885782833,42047200,9.659983760301749e-05,492.1779052734375,497.0886291503906,163.9473419189453
2024-05-09,505.25189208984375,505.2907828616112,501.89116027589216,502.541928571153,43643700,0.005761957859202083,492.28329315185545,497.3893115234375,163.9473419189453
2024-05-10,505.9027404785156,507.65110602328485,504.68858950510435,506.8448931772194,52233200,0.001288166158032178,492.7684722900391,497.66776672363284,163.9473419189453
2024-05-13,505.97064208984375,507.6801760152973,504.8342134653113,507.57334496613424,36716400,0.00013421870627516874,493.56786651611327,497.8552020263672,163.9473419189453
2024-05-14,508.29205322265625,508.80688159235103,505.63064428986746,506.1648587577762,57535900,0.004588035233080268,494.52801513671875,498.09971740722654,163.9473419189453
2024-05-15,514.5863037109375,514.8776880610556,510.11819296519036,510.7495751277046,59504900,0.012383137702772773,495.9476043701172,498.5692724609375,163.9473419189453
2024-05-16,513.5275268554688,516.2763809484062,513.381805041238,514.6834008229457,50244800,-0.00205753019043331,497.364274597168,498.9678796386719,163.9473419189453
2024-05-17,514.2658081054688,514.3338076754613,512.1968900639675,513.644148566722,59187600,0.0014376663594273253,499.029606628418,499.28326110839845,163.9473419189453
2024-05-20,514.8582763671875,516.3152574978291,513.9937866680089,514.3823386833988,37764200,0.0011520662124153702,500.5031005859375,499.67033325195314,163.9473419189453
2024-05-21,516.1209106445312,516.2763551432357,513.8966077662355,514.1006064390205,33437000,0.002452391920846342,501.75173034667966,500.09117919921874,163.9473419189453
2024-05-22,514.634765625,516.1403005679566,512.4686805605854,515.431255562335,48390000,-0.0028794512853109744,502.93771209716795,500.37578735351565,163.9473419189453
2024-05-23,510.8758239746094,517.7818994806975,509.6713365846429,517.6750684388743,57211200,-0.0073040958393582045,504.02898864746095,500.60090393066406,163.9473419189453
2024-05-24,514.2560424804688,515.0622552748287,511.7694638177849,512.7116164560648,41291100,0.006616516866195132,505.05761871337893,500.9133776855469,163.9473419189453
2024-05-28,514.6153564453125,515.2952927113275,511.99277901051346,515.0621852566261,36269600,0.0006987063547383432,506.0167953491211,501.30151611328125,163.9473419189453
2024-05-29,511.0118408203125,512.1871603116153,510.3027956190019,510.6039026906956,45190300,-0.007002347636672068,507.18821105957034,501.5587225341797,163.9473419189453
2024-05-30,507.6219177246094,510.13766452658996,506.3786580054075,509.4771735375275,46377600,-0.006633746666733553,508.26928863525393,501.69276550292966,163.9473419189453
2024-05-31,512.2453002929688,512.3715767039372,503.49369288115616,508.57373953818643,90785800,0.009107925420327456,509.35424957275393,501.82661193847656,163.9473419189453
2024-06-03,512.6630859375,514.1297897725609,507.61220612199116,513.848128094292,46835700,0.0008155968327914209,510.1560775756836,501.9354010009766,130.52186584472656
2024-06-04,513.236083984375,513.9742970941719,509.90446158385646,511.3614424211813,34632700,0.0011176893023752132,510.7301254272461,502.0748815917969,130.52186584472656
2024-06-05,519.3360595703125,519.355504956824,513.5664118243003,515.5479441376007,47610400,0.011885320959083678,511.58148803710935,502.3643341064453,130.52186584472656
2024-06-06,519.3262329101562,520.0644460332289,517.4030371414061,519.6370626085396,30808500,-1.892158261529442e-05,512.4299331665039,502.6722412109375,130.52186584472656
2024-06-07,518.6950073242188,521.4924158492759,517.2671349822953,518.3550094881825,43224500,-0.001215470249596895,513.1020889282227,502.8828253173828,130.52186584472656
2024-06-10,520.2976684570312,520.6182209175571,517.2963204143864,517.8888118681492,35686100,0.0030897947930521585,513.8218353271484,503.1274035644531,130.52186584472656
2024-06-11,521.5506591796875,521.608936050015,516.791164059003,518.7532508345464,36383400,0.002408218984282673,514.6008361816406,503.4147204589844,130.52186584472656
2024-06-12,525.8341064453125,528.5149607902181,524.804508979413,526.096381978746,63251300,0.008212907394963498,515.4779388427735,503.8522009277344,130.52186584472656
2024-06-13,526.8928833007812,527.7476501909825,524.1149205499801,527.572819593174,44760900,0.002013518793267721,516.0932678222656,504.2997857666016,130.52186584472656
2024-06-14,527.2135009765625,527.2426097707814,524.3674790309985,525.3679678522572,40089900,0.0006085063699716731,516.7775665283203,504.87694580078124,130.52186584472656
2024-06-17,531.4096069335938,532.7986479029511,526.0770650167459,526.5336166388124,55839500,0.007959025990910362,517.6347564697265,505.4339044189453,130.52186584472656
2024-06-18,532.7595825195312,532.8858589299049,531.0500489188105,531.4677096282388,41376400,0.0025403672954413814,518.5298217773437,506.01222839355466,130.52186584472656
2024-06-20,531.3124389648438,534.3429548976981,529.5446281232266,533.6824639158926,70328200,-0.0027163163313621563,519.2893981933594,506.5499517822266,130.52186584472656
2024-06-21,530.6002197265625,531.7111121107315,529.1482920639469,530.4930440077343,64338600,-0.0013404904271936413,520.0876708984375,507.17444885253906,130.52186584472656
2024-06-24,528.8753051757812,532.9777790963483,528.7583754205319,530.4247136467889,45528700,-0.003250874173535312,520.987644958496,507.689072265625,130.52186584472656
2024-06-25,530.9119873046875,531.272530660959,528.5830271026286,530.0934194702492,37936200,0.0038509684777763287,521.820442199707,508.3833288574219,130.52186584472656
2024-06-26,531.5745849609375,532.2859175813455,529.1579572826417,529.8010709636176,38550600,0.001248036721894108,522.6684036254883,509.2151654052734,130.52186584472656
2024-06-27,532.41259765625,532.9875518697215,530.6975485510812,531.4381433443106,35041500,0.0015764724631710525,523.7384414672852,510.0816357421875,130.52186584472656
2024-06-28,530.3174438476562,536.2226934820135,529.0799274394088,533.1823416161415,76144500,-0.003935207051480205,524.8732177734375,510.96409423828123,130.52186584472656
2024-07-01,531.408935546875,531.9351194589271,528.6609672764391,531.6915058832783,40297800,0.0020581855488281953,525.8313995361328,511.88839050292967,113.0927963256836
2024-07-02,534.9851684570312,534.9851684570312,529.7621076471618,529.8108184673043,40434800,0.0067297191878716855,526.9475036621094,512.968910522461,113.0927963256836
2024-07-03,537.3726806640625,537.7332240580232,534.6344659965342,534.6734227637801,32789900,0.004462763358313637,528.1543334960937,514.0085961914062,113.0927963256836
2024-07-05,540.4713134765625,540.8708135451888,537.0412155224441,537.6746345682784,41488400,0.0057662641291531536,529.2110961914062,514.9950561523438,113.0927963256836
2024-07-08,541.094970703125,542.0401627530802,540.0327894282602,541.2508572097279,36110500,0.0011539136509408632,530.2995330810547,515.9986529541015,113.0927963256836
2024-07-09,541.6211547851562,542.9463982576794,541.3288304126829,542.0499170234392,27289700,0.0009724431209321427,531.4458404541016,517.0500701904297,113.0927963256836
2024-07-10,546.980712890625,547.3217481165079,542.5469575742852,542.8392819787523,38701200,0.009895400240772956,532.7799926757813,518.116015625,113.0927963256836
2024-07-11,542.2643432617188,547.9649369537367,541.6309836132551,547.097658299037,53054200,-0.008622551979907467,533.8156768798829,519.052666015625,113.0927963256836
2024-07-12,545.6846313476562,549.270615886068,542.9172145567801,543.3849335691044,53084400,0.00630741838079274,534.808203125,520.2146881103515,113.0927963256836
2024-07-15,547.185302734375,550.4107438001307,545.3338159394242,547.6725298408394,40584300,0.002750070829395712,535.8228240966797,521.4383868408203,113.0927963256836
2024-07-16,550.43017578125,550.7225001410881,547.7406727188134,548.4910214723672,36475300,0.005930117330746665,536.9836578369141,522.6360687255859,113.0927963256836
2024-07-17,542.7125854492188,546.1913944708481,542.3909988738491,544.5250561904461,57119000,-0.0140210160554467,537.5488067626953,523.5577899169922,113.0927963256836
2024-07-18,538.5419311523438,545.2267333968008,536.3689169185834,544.2425249574461,56270400,-0.007684830624340222,537.837924194336,524.2935260009766,113.0927963256836
2024-07-19,534.9656982421875,539.9256971843263,533.9132708630742,538.3080696139889,65509100,-0.006640583960665802,538.0205871582032,524.9466638183594,113.0927963256836
2024-07-22,540.4811401367188,541.0852970880696,536.9438660153718,538.8732666357521,43346700,0.010309898209649893,538.5146331787109,525.7091400146485,113.0927963256836
2024-07-23,539.63330078125,542.5176472841652,539.1460736583557,540.3738360482369,34439600,-0.0015686751905057417,539.0525329589843,526.3967681884766,113.0927963256836
2024-07-24,527.4038696289062,535.1410389720269,526.4878802289309,534.8389605250121,74515300,-0.02266248419924921,538.8771270751953,526.8267907714844,113.0927963256836
2024-07-25,524.6559448242188,533.474804346627,523.7205067049787,527.5208430163394,61158300,-0.005210285632945788,538.5311950683594,527.2004968261718,113.0927963256836
2024-07-26,530.5317993164062,533.2115481254169,527.6571477897303,528.4270046031144,53763800,0.01119944327354605,538.4371551513672,527.6452917480469,113.0927963256836
2024-07-29,530.84375,533.0752290029756,528.8558251034021,532.0715719711993,39515800,0.0005879962030470587,538.4634704589844,527.9704406738281,113.0927963256836
2024-07-30,528.1542358398438,533.3578480228961,524.7631538745112,532.3054207151831,46853600,-0.0050664892638487835,538.3007354736328,528.2629748535156,113.0927963256836
2024-07-31,536.7390747070312,539.3603586847362,533.5916069126868,534.9558070033685,65663400,0.01625441638944025,538.3884307861329,528.7124401855468,113.0927963256836
2024-08-01,529.1384887695312,540.6955035812163,525.6499253938641,538.4542703754322,76428700,-0.014160671908689748,537.9767211914062,528.9980444335938,92.3948745727539
2024-08-02,519.2867431640625,523.272228120303,515.096541908473,522.0639142511643,82789100,-0.018618463435495336,536.9174926757812,529.0613610839844,92.3948745727539
2024-08-05,504.1632080078125,510.2048370125756,497.23482195550594,498.5698494257554,146267400,-0.0291236688695361,535.0709045410156,528.8519299316406,92.3948745727539
2024-08-06,508.811279296875,516.2171073533713,504.6405868135895,505.95607618021586,84826300,0.009219378199827766,533.4304107666015,528.8106390380859,92.3948745727539
2024-08-07,505.4104309082031,518.0101770927619,504.8160280713854,514.9698250199898,70698300,-0.00668390919590367,531.3518966674804,528.6337268066407,92.3948745727539
2024-08-08,517.0941772460938,517.7177827712244,508.5092375881122,510.52630556896884,63276600,0.023117343100528043,530.0933883666992,528.6833032226563,92.3948745727539
2024-08-09,519.3744506835938,520.8556404311238,515.0576247493872,516.2756927717697,45619600,0.004409783629055974,528.7778793334961,528.8505554199219,92.3948745727539
2024-08-12,519.6472778320312,522.044397411093,517.3865366569688,520.5632672781688,42542100,0.0005252995176763253,527.4009780883789,529.0910626220704,92.3948745727539
2024-08-13,528.1931762695312,528.4270952564345,522.5803695792055,522.8239831490899,52333100,0.01644557530091073,526.2891281127929,529.4100201416015,92.3948745727539
2024-08-14,529.8594970703125,531.0386081211183,526.3222233938623,528.9824644571885,42446900,0.003154756395283176,525.6464736938476,529.7539483642578,92.3948745727539
2024-08-15,538.94140625,539.22397656437,534.8584406614526,535.4625975238755,60846800,0.017140221567987446,525.6664474487304,530.2680548095703,92.3948745727539
2024-08-16,540.1497802734375,540.8416642629177,537.1777064456791,537.3335929699142,44430700,0.0022421250425819217,525.925651550293,530.6843292236329,92.3948745727539
2024-08-19,545.3143310546875,545.3143310546875,539.7112190916396,540.5589895349276,39121800,0.00956133089350808,526.1673110961914,531.2040911865234,92.3948745727539
2024-08-20,544.4276123046875,546.5129587158026,543.0926147134523,544.8661286211883,33732300,-0.0016260690385396792,526.4070266723633,531.7187432861328,92.3948745727539
2024-08-21,546.2986450195312,547.7505726232929,540.5590940766256,545.4703825334594,41514600,0.0034366969502579447,527.3517654418945,532.2387628173828,92.3948745727539
2024-08-22,542.0109252929688,548.79314842079,540.8026115148097,548.1889915317105,56121500,-0.007848673551824725,528.219514465332,532.6479681396485,92.3948745727539
2024-08-23,547.77001953125,548.7055171032431,543.053634385247,545.236462053231,50639400,0.010625420945469477,529.0814254760742,533.0866864013672,92.3948745727539
2024-08-26,546.464111328125,549.5044034621952,544.7685706544273,548.7930709780707,35788600,-0.002384044684012654,529.8624435424805,533.478110961914,92.3948745727539
2024-08-27,547.2147216796875,547.7019489786927,544.057498298292,545.1975935246872,32693900,0.001373576664967402,530.8154678344727,533.8781353759765,92.3948745727539
2024-08-28,544.037841796875,547.3022994954773,540.8611111576025,546.8735372102509,41066000,-0.00580554534984179,531.1804061889649,534.1307000732422,92.3948745727539
2024-08-29,544.0864868164062,549.2803444323956,542.9463920388357,545.9964384879656,38715200,8.94147719037175e-05,531.9278060913086,534.3572381591797,92.3948745727539
2024-08-30,549.2804565429688,549.7871918701893,542.9075460914414,546.4448203697416,62700100,0.009546220779997228,533.4274917602539,534.7165985107422,92.3948745727539
2024-09-03,537.9766235351562,546.483588595878,535.4722694199106,546.1522480402451,60600100,-0.020579346803918597,535.1181625366211,534.864126586914,140.97506713867188
2024-09-04,536.8756103515625,540.2666922950722,535.4236829556569,536.1447696240151,47224900,-0.0020465818316766082,536.5213790893555,535.0241326904297,140.97506713867188
2024-09-05,535.56982421875,539.6527901961324,533.1239343608661,536.817154296066,44264300,-0.002432194921198616,538.0293487548828,535.1172894287109,140.97506713867188
2024-09-06,526.5560302734375,537.5088854044001,525.6595491086152,535.8913176846581,68493800,-0.016830287177701186,538.50244140625,535.0169183349609,140.97506713867188
2024-09-09,532.4515991210938,533.7184374137535,528.8169032647078,530.7366093479087,40445800,0.011196470097578626,539.156298828125,535.0176983642579,140.97506713867188
2024-09-10,534.7708129882812,535.1216617767944,529.4990408120743,534.351804730089,36394600,0.004355727114005781,539.9124755859375,535.1067657470703,140.97506713867188
2024-09-11,540.2568969726562,541.1728863269274,526.1663268863584,534.6830473314077,75248600,0.010258757305244393,540.5156616210937,535.283724975586,140.97506713867188
2024-09-12,544.8076171875,545.1096956062142,538.6197974189213,540.8318274541291,51819600,0.008423252419994753,541.2630676269531,535.4801739501953,140.97506713867188
2024-09-13,547.6529541015625,548.6469163083269,545.1583540035298,545.4117215837606,39310500,0.005222645249989721,541.6986450195312,535.6857794189453,140.97506713867188
2024-09-16,548.4619140625,548.7249762940762,545.5970158864217,547.3899785889079,36656100,0.0014771397741561998,542.1142517089844,535.8455914306641,140.97506713867188
2024-09-17,548.6859130859375,552.1062567166426,546.4641290442629,550.6640241107275,49321000,0.00040841308702432855,542.2828308105469,535.9974102783203,140.97506713867188
2024-09-18,547.05859375,554.1623432239503,546.5031477370794,549.3387831967661,59044900,-0.002965848579536301,542.4143798828125,536.1061590576172,140.97506713867188
2024-09-19,556.3938598632812,558.2453466994866,553.5679782684008,556.4231220387844,75315500,0.017064472105793094,542.919140625,536.2944219970703,140.97506713867188
2024-09-20,555.4320678710938,556.46815521981,552.4215262762143,555.0313424308147,77503100,-0.001728617192906845,543.5901977539063,536.5577764892578,140.97506713867188
2024-09-23,556.820068359375,557.4652143001452,555.2854753286341,556.4975550473902,44116900,0.0024989563415040994,544.0427001953125,536.7804852294922,140.97506713867188
2024-09-24,558.4132080078125,558.4718522050518,554.7966567556792,557.6116975399481,46805700,0.0028611390626267497,544.6401550292969,537.005043334961,140.97506713867188
2024-09-25,557.181640625,558.9899461465259,556.0771251545262,558.2568638249757,38428600,-0.0022054768138565217,545.1385009765625,537.1400726318359,140.97506713867188
2024-09-26,559.3907470703125,561.7464186568862,557.0449191197562,561.4238456875147,48336000,0.003964786856283542,545.9061462402344,537.4736358642579,140.97506713867188
2024-09-27,558.5794067382812,561.2673753932927,557.5531033653197,560.4561405350975,42100900,-0.0014503999865576045,546.6307922363281,537.8743853759765,140.97506713867188
2024-09-30,560.8178100585938,561.4238200592039,555.2659399397932,557.5531235786384,63557400,0.0040073144360677215,547.2076599121094,538.3914276123047,140.97506713867188
2024-10-01,555.7937622070312,561.1110557410046,553.2328657284514,560.4659694617594,72668800,-0.00895843135052643,548.0985168457031,538.6976800537109,130.35877990722656
2024-10-02,556.0282592773438,557.0448382675937,552.519272009238,554.9042355240985,38097800,0.00042191382174094905,549.0561492919921,539.0255792236328,130.35877990722656
2024-10-03,555.0119018554688,556.9472206385742,552.7344420976066,554.5622564279636,40846500,-0.00182788807028611,550.0282531738281,539.577739868164,130.35877990722656
2024-10-04,560.055419921875,560.4268531332793,555.2854920412735,559.4396258955153,42939100,0.009087225065886217,551.70322265625,540.2857293701172,130.35877990722656
2024-10-07,554.9921875,559.0583842578297,553.8485957624074,558.4132383947003,49964700,-0.009040591773187945,552.8302520751953,540.7749371337891,130.35877990722656
2024-10-08,560.2411499023438,560.8374356454558,556.6833016920415,557.5531808736639,37398700,0.009457723046495614,554.1037689208985,541.3628851318359,130.35877990722656
2024-10-09,564.12158203125,564.6787318135322,559.6350914993983,560.2313175326061,37912200,0.006926360424582612,555.2970031738281,542.082232055664,130.35877990722656
2024-10-10,563.13427734375,564.5515817185018,561.5312564004668,562.7824121586557,44138100,-0.0017501629417279174,556.2133361816407,542.6101361083985,130.35877990722656
2024-10-11,566.5065307617188,567.2396131412746,562.9192713637127,563.0561277259117,42268000,0.005988364682532499,557.1560150146485,543.3574969482422,130.35877990722656
2024-10-14,571.1396484375,572.0682314590191,567.6306009114653,568.1095385598273,36217200,0.00817840117315427,558.2899017333984,544.394555053711,130.35877990722656
2024-10-15,566.7020263671875,571.7065305951428,565.4899467305453,571.4035256005812,54203600,-0.007769767135678229,559.190707397461,545.6453314208984,130.35877990722656
2024-10-16,569.1651611328125,569.6832346627543,565.9005342666823,566.7020448464575,30725400,0.0043464371945425295,560.2960357666016,546.8524090576171,130.35877990722656
2024-10-17,569.2140502929688,572.8990304200946,569.0283336899422,572.6937458614649,34393700,8.589626262245353e-05,560.937045288086,548.1284814453124,130.35877990722656
2024-10-18,571.403564453125,572.1855071059618,569.4388940141822,570.8952748825009,37416800,0.0038465567724994543,561.7356201171875,549.2146691894532,130.35877990722656
2024-10-21,570.465087890625,571.6575397669159,567.5034068346621,570.6800967240326,36439000,-0.0016424058596802293,562.41787109375,550.2364819335937,130.35877990722656
2024-10-22,570.1621704101562,571.3155462187071,567.288485036852,567.9433552717076,34183800,-0.0005310009094313672,563.0053192138672,551.2467797851563,130.35877990722656
2024-10-23,564.9523315429688,568.5884509212708,561.462852493989,568.1485895916966,49314600,-0.009137468491534073,563.3938537597656,551.981962890625,130.35877990722656
2024-10-24,566.1741943359375,566.9757049256177,563.5644376745634,566.897492764615,34979900,0.002162771484864434,563.7330261230469,552.7082568359375,130.35877990722656
2024-10-25,565.9786987304688,571.2764839191195,565.0403914237966,568.393014498126,47268200,-0.0003452923277402764,564.1029907226563,553.2490026855469,130.35877990722656
2024-10-28,567.7284545898438,569.5660529152336,567.4254495286576,569.4389805032773,30174700,0.003091557797669564,564.4485229492187,553.800576171875,130.35877990722656
2024-10-29,568.6471557617188,569.7613956814984,565.382469188388,566.7704218431865,42899700,0.0016182052607152109,565.0911926269531,554.2672326660156,130.35877990722656
2024-10-30,566.9268798828125,570.1622147162088,566.2230897069062,568.1779762445088,41435800,-0.0030252079193149317,565.6361236572266,554.7172180175781,130.35877990722656
2024-10-31,555.8133544921875,562.6456733933426,555.617853906816,562.5772452055423,60182500,-0.019603101890180663,565.6761962890625,554.9075122070312,130.35877990722656
2024-11-01,558.1591796875,562.5674583510357,557.7486702212007,558.4328924373011,45667500,0.004220526866353769,565.5813842773438,555.2304772949219,130.689208984375
2024-11-04,556.9569702148438,559.586295105694,555.0802957635589,558.2960627771841,38217000,-0.002153882828424214,565.6796234130859,555.4142163085937,130.689208984375
2024-11-05,563.6914672851562,563.7305435334926,557.6508758763042,557.8658847297456,39478300,0.012091593122022903,565.8521392822265,555.7587634277344,130.689208984375
2024-11-06,577.7080078125,578.57794657906,572.1854895240832,575.9095457320777,68182000,0.02486562479799459,566.531460571289,556.3686291503906,130.689208984375
2024-11-07,582.1749267578125,583.1915058614667,579.6238143381844,579.7020264980958,47233200,0.007732139566883456,567.4834930419922,557.1313708496094,130.689208984375
2024-11-08,584.6967163085938,586.1140207981344,582.7222620683345,582.7222620683345,46444900,0.0043316698038256,568.3930023193359,557.9435754394531,130.689208984375
2024-11-11,585.2539672851562,586.6321361059588,583.5336575099662,586.2802708315078,37586800,0.0009530598702189863,569.0987182617188,558.6630456542969,130.689208984375
2024-11-12,583.4358520507812,585.7718958867575,580.9628921945897,585.175669871058,43006100,-0.003106540640482547,569.9354095458984,559.5722302246094,130.689208984375
2024-11-13,583.7193603515625,585.7133231848053,581.5396809070076,583.8952929846365,47388600,0.000485928829681459,570.663119506836,560.5091052246094,130.689208984375
2024-11-14,579.9658813476562,584.3252993650702,579.2817188550297,583.846361756873,38904100,-0.006430280129214205,571.2007110595703,561.3970263671876,130.689208984375
2024-11-15,572.537353515625,576.886987680586,570.689971552463,576.4177743775998,75988800,-0.012808560073861108,571.2574005126953,562.3166528320312,130.689208984375
2024-11-18,574.8832397460938,576.1929802203847,572.1366267509276,572.9967218779136,37001700,0.004097350532788813,571.4783081054687,563.1652856445312,130.689208984375
2024-11-19,576.9846801757812,577.7079785622685,570.8561521859538,571.5208063697094,49412000,0.0036554212827906163,571.81943359375,564.0095629882812,130.689208984375
2024-11-20,577.18017578125,577.4636128156191,571.4425893061045,577.0628873767942,50032600,0.00033882287032160896,572.4308258056641,564.7480285644531,130.689208984375
2024-11-21,580.2787475585938,581.6960522761343,574.1990788649406,580.0148784351488,46750300,0.005368465355120033,573.1360534667969,565.457451171875,130.689208984375
2024-11-22,582.0772094726562,582.7027874385594,579.7704578390868,580.2689037579424,38226400,0.003099306879028596,573.9409790039062,566.1459362792968,130.689208984375
2024-11-25,584.0516357421875,587.3064784870423,581.7741764917598,585.9967380709614,42441400,0.003392035003947358,574.7571380615234,566.8577307128907,130.689208984375
2024-11-26,587.1012573242188,587.7659115133398,584.5794372696156,585.2929516850081,45621300,0.005221493093082286,575.6798431396485,567.6260375976562,130.689208984375
2024-11-27,585.3223266601562,587.2967213513849,583.807301635719,586.9155638447446,34000200,-0.003030023597922704,576.5996154785156,568.3913122558594,130.689208984375
2024-11-29,588.9583740234375,589.7403166328984,585.8598958585202,586.1335489255529,30177400,0.006212042831218234,578.2568664550781,569.0426025390625,130.689208984375
2024-12-02,590.0139770507812,590.6884151690585,588.8801096579482,589.3688312028335,31746000,0.0017923219600943785,579.8496063232421,569.7342407226563,128.90164184570312
2024-12-03,590.2877807617188,590.5321415965333,588.7532472184814,589.7795507930211,26906600,0.00046406309271884716,581.516146850586,570.4035949707031,128.90164184570312
2024-12-04,593.9530639648438,594.1974247464545,591.3042312735546,591.9688854405287,42787600,0.006209315731379839,583.0292266845703,571.1143920898437,128.90164184570312
2024-12-05,592.9756469726562,594.7546007001943,592.6237817496434,593.9530901421784,28762200,-0.0016456131830735465,583.7926086425781,571.8302722167969,128.90164184570312
2024-12-06,594.0997924804688,595.3313805479372,593.3276337729875,593.738143242676,31241500,0.0018957701105462021,584.3888519287109,572.524453125,128.90164184570312
2024-12-09,591.0404052734375,594.1486677967985,590.4539631589937,593.9825191407734,34742700,-0.005149618373468501,584.7060363769531,573.1736730957032,128.90164184570312
2024-12-10,589.2027587890625,592.1350884376395,588.5478885385655,591.7147950136848,37234500,-0.0031091723475737965,584.9034759521485,573.7413720703125,128.90164184570312
2024-12-11,593.7576904296875,594.7057817338718,591.841880207483,592.1155929499696,28677700,0.007730669235131105,585.4195678710937,574.5006506347656,128.90164184570312
2024-12-12,590.6982421875,593.4643633790662,590.6982421875,592.8974892997352,31543800,-0.005152688195033672,585.7685119628907,575.1940502929688,128.90164184570312
2024-12-13,590.5809326171875,593.4350498406591,589.2124883774769,592.7215354493896,35904700,-0.00019859475098160662,586.2992645263672,575.9054309082031,128.90164184570312
2024-12-16,593.1026611328125,594.0703798886923,591.5583440306177,592.3305025817151,43695200,0.004269911838246765,587.3275299072266,576.5663757324219,128.90164184570312
2024-12-17,590.6591186523438,591.5192734247074,589.2907339933267,590.5613981975558,55773500,-0.004119931743016725,588.116323852539,577.2797143554687,128.90164184570312
2024-12-18,573.0553588867188,592.7312332463192,572.6741417666346,590.3560537155035,108248700,-0.029803585875030625,587.9198577880859,577.5359985351563,128.90164184570312
2024-12-19,572.8795166015625,579.6238994978684,572.6351557670356,578.0208781053541,85919500,-0.00030685043325984207,587.7048248291015,577.7111572265625,128.90164184570312
2024-12-20,579.7603149414062,584.27166262691,569.7175591199479,570.561034960996,125716700,0.012010899570405353,587.6789031982422,578.0436779785156,128.90164184570312
2024-12-23,583.2321166992188,583.8303494697157,576.337534899556,579.5053432293004,57635800,0.005988339781696439,587.7366485595703,578.3781896972656,128.90164184570312
2024-12-24,589.7147216796875,589.7539893082886,583.997031715741,584.5756905048978,33160100,0.01111496571409143,588.0198028564453,578.7496911621093,128.90164184570312
2024-12-26,589.75390625,590.8718961830699,586.5567076471659,587.9493315050056,41219100,6.644665441091213e-05,588.1524353027344,579.2107287597656,128.90164184570312
2024-12-27,583.5458984375,586.2625477535164,579.3777835694219,586.0271215733671,64969300,-0.010526437801784416,588.0636138916016,579.4983435058593,128.90164184570312
2024-12-30,576.88671875,580.338917958557,573.150128529516,576.5631199685903,56578800,-0.011411578258592181,587.4600311279297,579.651796875,128.90164184570312
2024-12-31,574.7880859375,579.2602265875062,573.1600354308964,578.5442507029012,57052700,-0.003637859469268645,586.6987365722656,579.7194873046875,128.90164184570312
2025-01-02,573.3757934570312,579.7407414710683,569.3155442019422,578.0342755155312,50204000,-0.0024570663780639768,585.8531372070313,579.7777014160156,142.36643981933594
2025-01-03,580.5447998046875,581.1822402167261,575.1311355296597,576.2099775379395,37888500,0.01250315487584941,585.1827239990234,579.9853540039062,142.36643981933594
2025-01-06,583.8890991210938,588.1455060566466,582.1629997160619,584.7815995417147,47679400,0.005760622293975226,584.7283966064454,580.3640893554688,142.36643981933594
2025-01-07,577.2887573242188,586.2330357407637,575.4744255738375,585.9093771536865,60393100,-0.011304101766603014,583.8878448486328,580.5863806152344,142.36643981933594
2025-01-08,578.13232421875,579.2013495963691,573.9250009242365,577.357566647636,47304700,0.0014612564056180055,583.2424407958985,580.829453125,142.36643981933594
2025-01-10,569.3056030273438,574.6604259424307,567.4029789022777,574.5917674597674,73105000,-0.015267648636208109,582.2475830078125,580.86099609375,142.36643981933594
2025-01-13,570.1882934570312,570.5413429214275,564.2646286559713,564.6765795569504,47910100,0.0015504685444753807,581.0691131591797,580.8918188476563,142.36643981933594
2025-01-14,570.972900390625,573.7287574980859,567.2068596443902,573.101074063849,48420600,0.001376048829127452,580.0828460693359,580.9727392578125,142.36643981933594
2025-01-15,581.3589477539062,582.4965717179379,577.8479067851994,578.9561398854404,56900200,0.018190088104314217,579.6217468261718,581.4836511230469,142.36643981933594
2025-01-16,580.2408447265625,582.8985926554029,579.5445027973688,582.7220679112103,43319700,-0.0019232576219280206,578.9786560058594,581.9252844238281,142.36643981933594
2025-01-17,586.0664672851562,587.8121409710091,584.1343920679883,585.4584175885924,58070600,0.010040007716690669,578.7490234375,582.5074743652344,142.36643981933594
2025-01-21,591.4309692382812,591.4407861448484,587.1353543049476,589.0968201243991,42532900,0.009153401964755004,579.6678039550782,583.0622644042969,142.36643981933594
2025-01-22,594.7557373046875,596.1091536661693,593.6965288784859,594.2457369774064,48196000,0.005621565726746214,580.7616149902344,583.4032189941406,142.36643981933594
2025-01-23,598.0018920898438,598.0018920898438,593.8534110339756,594.1279851220985,41152100,0.005457962961176621,581.6736938476563,583.7197583007812,142.36643981933594
2025-01-24,596.2561645507812,599.0120815203885,595.1087237951253,598.0607394613536,34604700,-0.002919267584524987,582.3248962402344,583.950947265625,142.36643981933594
2025-01-27,587.8218994140625,588.1357411390088,583.1830517473746,583.3497595871564,70361100,-0.014145371801854822,582.2302551269531,584.0023059082031,142.36643981933594
2025-01-28,592.8726196289062,593.7062185767892,585.7426729191386,589.0477377122166,44433300,0.008592262758291724,582.3861907958984,584.1910412597656,142.36643981933594
2025-01-29,590.2149047851562,592.4902124528912,587.6747800612517,592.0880784150642,37177400,-0.004482775482891332,582.7196411132812,584.3209521484375,142.36643981933594
2025-01-30,593.3826293945312,594.9125703683252,589.1458559611356,592.3234809305729,39281300,0.005367069831162752,583.5444366455079,584.589287109375,142.36643981933594
2025-01-31,590.2246704101562,598.2078504382997,589.4694869358445,595.7952259985301,66566900,-0.005321960616874288,584.3162658691406,584.9430334472656,142.36643981933594
2025-02-03,586.252685546875,588.7240915852041,579.1129217803689,581.2509121761593,65857200,-0.006729615115073195,584.9601104736328,585.1704223632812,113.233154296875
2025-02-04,590.1854858398438,590.695426254437,585.7721876960313,586.3115788306599,33457800,0.006708370622302784,585.4421447753906,585.4344384765625,113.233154296875
2025-02-05,592.5784301757812,592.7255640609287,587.0471418694162,589.0674493379312,30653100,0.004054563172681824,585.876611328125,585.7424035644531,113.233154296875
2025-02-06,594.6380004882812,594.7655005585997,591.0190935628144,594.3143418590737,35771500,0.003475607966170857,586.7440734863281,586.0295886230468,113.233154296875
2025-02-07,589.1949462890625,596.4131263461926,588.4887874469584,595.1970270806008,50788500,-0.009153559299522107,587.2972045898438,586.171943359375,113.233154296875
2025-02-10,593.1962280273438,593.8337283102429,591.1268961231351,592.3920797831685,26048700,0.006791099895684161,588.4917358398437,586.3548352050781,113.233154296875
2025-02-11,593.6474609375,594.1868520894046,590.8229452462591,590.940628411795,30056700,0.0007606806800792842,589.6646942138672,586.4857592773437,113.233154296875
2025-02-12,591.7349853515625,592.9020598913557,586.9784547529548,587.6551628450902,45076100,-0.0032215678694511585,590.7027984619141,586.6140124511719,113.233154296875
2025-02-13,597.9822998046875,598.1882752794738,591.5781445820884,592.8334516677448,40921300,0.010557622259588673,591.5339660644531,586.7944909667968,113.233154296875
2025-02-14,597.952880859375,599.2180047928703,597.3350143232245,598.1882471856823,26910400,-4.9197016905200286e-05,592.4195678710937,586.9532690429687,113.233154296875
2025-02-18,599.7083129882812,599.7083129882812,596.658248231066,599.1100803238464,26749000,0.002935736552323931,593.10166015625,587.1416796875,113.233154296875
2025-02-19,601.1206665039062,601.4148744301086,597.8156011046507,598.3256014161959,31011100,0.002355067430343638,593.5861450195313,587.2850317382813,113.233154296875
2025-02-20,598.6197509765625,599.8946917719264,595.3245028060013,599.7573748000233,36554000,-0.0041604218033111096,593.779345703125,587.3979138183594,113.233154296875
2025-02-21,588.3809204101562,598.5412992676794,587.9199448031515,598.4039822903428,76519800,-0.0171040640568626,593.2982971191407,587.2835363769532,113.233154296875
2025-02-24,585.7035522460938,591.4114252530362,584.997393388531,590.420875386549,50737200,-0.004550399360666035,592.7706665039062,587.1767993164062,113.233154296875
2025-02-25,582.7907104492188,586.3704094872951,578.200887648266,585.6446767168586,58266500,-0.004973235667949494,592.5191070556641,587.0485583496094,113.233154296875
2025-02-26,583.0848999023438,588.0278318848362,580.4565429896904,584.4481329600031,43321600,0.0005047943418627909,592.0297210693359,586.8351025390625,113.233154296875
2025-02-27,573.7777709960938,586.4979078319449,573.3855137517263,585.3504072406853,74196700,-0.01596187606266053,591.2078643798828,586.4966931152344,113.233154296875
2025-02-28,582.73193359375,583.2615078706541,571.2181376161361,574.2780198233005,88744100,0.015605628259372173,590.6753295898437,586.3397131347656,113.233154296875
2025-03-03,572.5224609375,585.8310134980443,568.727029424783,584.6933298193593,74249200,-0.017520015752847895,589.7902191162109,585.9281091308594,136.9805908203125
2025-03-04,565.7455444335938,574.1112244792533,561.2243803057662,568.5406690059347,109648200,-0.011836944340679834,588.7648620605469,585.4298376464844,136.9805908203125
2025-03-05,571.8262329101562,573.611174316589,562.0385358294819,565.5789679172403,71230500,0.010748097861999595,587.8468994140625,585.4052551269531,136.9805908203125
2025-03-06,561.6756591796875,568.9918895864693,559.1355341853182,564.392249084706,80094900,-0.017751150867651,586.3017608642579,585.1811779785156,136.9805908203125
2025-03-07,564.8237915039062,566.2655002910393,554.7320694307674,559.9005520347207,81158800,0.005604893629922447,584.8110504150391,584.8824475097656,136.9805908203125
2025-03-10,549.7792358398438,558.56656383442,544.885388513382,556.6541826711317,99326600,-0.026635839159686814,582.8402648925781,584.2133898925781,136.9805908203125
2025-03-11,545.2091064453125,553.1530801539794,541.3842834233875,548.6220982014372,88102100,-0.008312662786454483,580.4409088134765,583.3232775878906,136.9805908203125
2025-03-12,548.1021728515625,552.2604706321457,543.0219837811946,551.3385793423611,69588200,0.005306342781235651,578.1636444091797,582.4902429199219,136.9805908203125
2025-03-13,540.7957153320312,548.3375536768395,539.0892496749408,547.7295040716507,74079400,-0.01333046625507539,575.6166809082031,581.6352392578125,136.9805908203125
2025-03-14,551.9663696289062,552.966736502375,540.8644642362766,545.3954461726303,62660300,0.020655959321010053,573.315884399414,581.1368322753906,136.9805908203125
2025-03-17,556.2227783203125,558.7334525568257,551.5152117500542,551.9467366903547,49008700,0.00771135512163168,571.229379272461,580.7655261230469,136.9805908203125
2025-03-18,550.2108154296875,554.1337472059147,548.2885573100283,553.9179548314441,66041400,-0.010808552121471915,568.7545043945313,580.3022265625,136.9805908203125
2025-03-19,556.2031860351562,559.9495937831418,550.8091538082324,551.9860455386739,66556000,0.010891044736714317,566.5086303710938,579.8153942871094,136.9805908203125
2025-03-20,554.5946044921875,559.5767440833547,551.7602722164517,552.4762478943836,62958200,-0.0028920753842410774,564.307373046875,579.2295043945312,136.9805908203125
2025-03-21,554.777587890625,555.6727731535583,548.9247213465745,550.1543252489805,83763000,0.0003299408197543485,562.6272064208985,578.7792810058594,136.9805908203125
2025-03-24,564.7129516601562,565.7655000443008,560.8962554773906,561.4864414688424,58766800,0.017908733132691035,561.5776763916016,578.5108935546875,136.9805908203125
2025-03-25,566.0703735351562,567.0048245728844,564.3292350043083,565.9129505962637,38355700,0.002403737812298079,560.7416595458984,578.4461889648437,136.9805908203125
2025-03-26,559.3124389648438,566.926137079624,557.9352585138073,565.8047238585734,51848300,-0.011938329377862766,559.5530364990234,578.228671875,136.9805908203125
2025-03-27,557.8270874023438,561.5847644413973,555.7219909391279,557.9254317069114,42164200,-0.002655674108104966,558.755502319336,577.9657556152343,136.9805908203125
2025-03-28,546.5933227539062,557.0302460332103,546.0129833491962,556.3023301483869,71662700,-0.02013843519279468,556.9485717773438,577.2704431152343,136.9805908203125
2025-03-31,550.2625732421875,551.5610423029548,537.9468400615768,540.8585640195936,95328200,0.006712944222945216,555.8355773925781,576.6708776855469,136.9805908203125
2025-04-01,551.816650390625,553.7545372147966,544.6456225877856,548.354126889779,54609600,0.0028242465034116204,555.1391326904297,575.9858813476562,175.901123046875
2025-04-02,555.3088989257812,558.1615443859063,545.7573127576624,545.993387136237,76014500,0.006328639291119931,554.313265991211,575.2634399414062,175.901123046875
2025-04-03,527.9428100585938,539.02887941269,527.9428100585938,536.2155597389653,125986000,-0.04928083976346476,552.6266235351562,573.9271813964843,175.901123046875
2025-04-04,497.035400390625,517.2894320138223,496.81898890573984,515.1253171649706,217965100,-0.058543101788882224,549.2372039794922,571.9078515625,175.901123046875
2025-04-07,496.150146484375,514.6335325434056,473.93856260259804,481.20799599577117,256611400,-0.0017810681202068412,546.5557495117188,569.9057312011719,175.901123046875
2025-04-08,488.3790283203125,516.413968489066,481.1784603514281,513.344881818952,165816600,-0.015662835573318157,543.7142456054687,567.9168737792969,175.901123046875
2025-04-09,539.6682739257812,539.6682739257812,485.00499114058437,485.3886419991045,241867300,0.10501934487618847,543.2925506591797,566.8527868652344,175.901123046875
2025-04-10,516.0205688476562,524.7950065034121,501.0095530572283,523.4866909882965,162331200,-0.04381896476163283,542.0537933349609,565.3689001464844,175.901123046875
2025-04-11,525.2278442382812,527.6772059586904,511.5841621734685,514.4761933704091,97866300,0.017842845705135613,540.7168670654297,564.0058044433594,175.901123046875
2025-04-14,530.3232421875,535.3990807406135,525.149059337469,535.172792794898,68034000,0.009701309641358513,539.4218902587891,562.8077758789062,175.901123046875
2025-04-15,528.837890625,534.3661851955569,528.0509561027874,530.8642755383438,56892900,-0.0028008419098758397,538.3532440185547,561.6594799804687,175.901123046875
2025-04-16,517.0829467773438,529.1134345891107,511.8005721602226,523.0047395671859,83484800,-0.022227877495244908,536.3972320556641,560.1974291992187,175.901123046875
2025-04-17,517.8206787109375,522.5030206369137,515.3614705598376,519.0306499479765,79868100,0.0014267187463665731,534.5585357666016,558.7022741699219,175.901123046875
2025-04-21,505.4951477050781,513.1875578394483,500.1635713405903,512.656330465215,69368100,-0.023802701422705907,532.0944137573242,556.9194171142578,175.901123046875
2025-04-22,518.6470336914062,520.6635725020783,510.71854848453165,511.6530596521891,75948100,0.026017828353124717,529.7911178588868,555.5084588623047,175.901123046875
2025-04-23,526.6836547851562,536.5303334599773,525.1688042348989,531.6119173418257,90590700,0.015495357288656031,527.8217819213867,554.1782073974609,175.901123046875
2025-04-24,537.7697143554688,538.4976302405015,526.7131259585628,527.9623626642604,64150400,0.02104880124832187,526.744645690918,553.0606524658203,175.901123046875
2025-04-25,541.6553344726562,542.0586181694788,534.8187241892716,537.7304480905381,61119600,0.007225435002126357,525.9360580444336,552.0590594482422,175.901123046875
2025-04-28,541.86181640625,544.5177728075638,536.1269871108482,542.393043710064,47613800,0.0003812053910532409,525.6994827270507,550.9366497802735,175.901123046875
2025-04-29,545.2752685546875,546.3868353532918,539.5993973829874,539.9535089190233,47775100,0.006299488255282926,525.4501174926758,549.8830975341797,175.901123046875
2025-04-30,545.49169921875,547.4394329210733,532.6841838633078,538.6354556420874,93101500,0.0003969200081936908,525.133869934082,548.7987652587891,175.901123046875
2025-05-01,549.3574829101562,554.8661444027258,548.7574506167018,551.2265048528457,63186100,0.007086787382727833,524.8362991333008,547.7635015869141,141.1845245361328
2025-05-02,557.5122680664062,559.105829955879,553.203731094349,555.5153624660799,60717300,0.014844223315300997,526.3147720336914,546.9413519287109,141.1845245361328
2025-05-05,554.3153076171875,557.4040871519024,552.5348434974896,553.390643044351,38659200,-0.005734332018031862,529.1787673950196,546.2600396728516,141.1845245361328
2025-05-06,549.6821899414062,554.1579367361115,547.8722463773032,548.8263903141681,48264700,-0.00835827120794741,531.8553695678711,545.5396124267578,141.1845245361328
2025-05-07,551.9938354492188,554.6202527049248,546.9671688153295,551.0101522781708,55588000,0.0042054218785201325,535.0361099243164,544.9236749267578,141.1845245361328
2025-05-08,555.8399658203125,561.0043020556944,552.5348050390884,556.0170215722441,65130800,0.006967705296860194,535.844694519043,544.3787762451171,141.1845245361328
2025-05-09,555.1318359375,558.2402486138279,553.5775995797053,557.2368724786456,37603400,-0.0012739815888687112,537.8002578735352,544.0058575439454,141.1845245361328
2025-05-12,573.4774780273438,573.487324465949,567.6245507869492,571.9822603015932,78993600,0.033047360828913463,540.2127395629883,543.8207684326172,141.1845245361328
2025-05-13,577.2646484375,579.4680890959,573.3299158219985,573.890562385163,67947200,0.006603869472230128,542.5598098754883,543.9156121826172,141.1845245361328
2025-05-14,578.0023803710938,579.3696542531599,575.9857819804191,578.2187618347115,66283500,0.0012779787149457267,545.018034362793,544.1607489013672,141.1845245361328
2025-05-15,580.8255615234375,581.3271894858746,575.5529743261593,576.0054901792878,71268100,0.004884376342068286,548.2051651000977,544.3407354736328,141.1845245361328
2025-05-16,584.5045776367188,584.7996705930015,579.664873035907,581.6027001482121,76052100,0.0063341153643989845,551.5393600463867,544.7973138427734,141.1845245361328
2025-05-19,585.1439819335938,585.8227258062999,578.5041197159628,578.5041197159628,68168500,0.0010939252169079872,555.5218017578125,545.2037176513672,141.1845245361328
2025-05-20,583.1765747070312,584.3570065824167,579.9796042324612,583.4127091135157,60614500,-0.003362261746350459,558.7482788085938,545.8716644287109,141.1845245361328
2025-05-21,573.3494873046875,582.9109177576073,572.3264785482603,578.8384555269332,95197700,-0.01685096389079166,561.0815704345703,546.4344720458985,141.1845245361328
2025-05-22,573.5758056640625,577.0481757894836,571.9231652201731,573.1527690961759,70860400,0.0003947302027580424,562.871875,546.9439447021484,141.1845245361328
2025-05-23,569.6607055664062,572.3166619439528,566.207968279521,566.5817726606184,76029000,-0.006825776225207969,564.2721435546875,547.521244506836,141.1845245361328
2025-05-27,581.5043334960938,581.6616963869777,568.9918522772189,576.5072061511252,72588500,0.020790670330528727,566.2542694091796,548.1120037841797,141.1845245361328
2025-05-28,578.1400756835938,583.0978771602481,577.412159762467,581.9075989404909,68445500,-0.005785438936066978,567.897509765625,548.5503497314453,141.1845245361328
2025-05-29,580.4222412109375,583.5208672055215,576.5072014152614,583.3831371525944,69973300,0.0039474266243269,569.6440368652344,549.1545782470703,141.1845245361328
2025-05-30,579.7730102539062,581.4846092815853,573.7233350319688,579.3204944032111,90601200,-0.0011185494127116113,571.1648132324219,549.6259747314454,141.1845245361328
2025-06-02,583.038818359375,583.1174697772985,575.5136188023458,578.1695751189003,61630500,0.005632908134234338,572.4411407470703,550.1948590087891,167.0130615234375
2025-06-03,586.3637084960938,587.3375451970118,582.1928415555221,582.6748967264019,63606200,0.005702690853543357,574.0435607910156,550.8265814208985,167.0130615234375
2025-06-04,586.2064208984375,588.1934805096547,585.7735978159724,587.2196435839252,57314200,-0.00026824238160927383,575.8697723388672,551.256450805664,167.0130615234375
2025-06-05,583.3733520507812,589.2262795230108,581.4059855081334,587.8786382444381,92278700,-0.004832886073329212,577.4387481689453,551.6025103759765,167.0130615234375
2025-06-06,589.364013671875,591.0264408134955,587.1211869788787,588.8918048716712,66588700,0.010269001146580026,579.1149505615234,552.2035418701172,167.0130615234375
2025-06-09,589.8951416015625,591.4395314497265,588.7245561772476,589.9344673159251,53016400,0.000901188259490926,580.8531158447265,552.8449029541016,167.0130615234375
2025-06-10,593.2396240234375,593.623214804717,589.3147380391201,590.4262447121249,66247000,0.005669621914150325,581.8412231445312,553.7778289794921,167.0130615234375
2025-06-11,591.5477294921875,595.1873694307895,589.491865174911,594.3315698285918,73658200,-0.0028519580667510924,582.5553771972657,554.6035321044922,167.0130615234375
2025-06-12,593.898681640625,593.898681640625,589.7377212700143,590.2197163908625,64129000,0.003974239154726611,583.3501922607422,555.4451727294922,167.0130615234375
2025-06-13,587.2588500976562,592.0296894370186,585.7636324727854,588.7343748466453,89506000,-0.011180074561920939,583.6718566894531,556.0841717529297,167.0130615234375
2025-06-16,592.8462524414062,594.587391119647,590.4263698749754,590.6034857060379,79984100,0.009514377421167675,584.0889404296875,557.382240600586,167.0130615234375
2025-06-17,587.7802124023438,591.9313264126861,587.0227571759267,590.4164759991057,82209400,-0.00854528474827998,584.220751953125,559.1971368408203,167.0130615234375
2025-06-18,587.6917114257812,591.4100028153547,586.7375074721152,588.675394655937,76605000,-0.00015056814553315867,584.4465087890625,561.0279681396485,167.0130615234375
2025-06-20,586.3114624023438,591.421997724495,584.9104595060545,590.3564623402502,94051400,-0.0023485936531058016,585.0946075439454,562.9866168212891,167.0130615234375
2025-06-23,592.102783203125,592.4875080391681,583.9535295622766,587.0612559769497,87426000,0.009877550026144766,586.0209564208984,564.035307006836,167.0130615234375
2025-06-24,598.6438598632812,599.699459496435,595.3189919942236,596.2266992885851,67735300,0.011047197962439359,587.4701141357422,565.6877728271485,167.0130615234375
2025-06-25,598.9793090820312,600.4493204937829,597.4204779573378,599.7586945360007,62114800,0.0005603485498484329,588.343862915039,567.1628021240234,167.0130615234375
2025-06-26,603.66552734375,604.0996298621668,600.2124582889446,600.8241399898848,78548400,0.007823673022863797,589.6201354980469,568.6296478271485,167.0130615234375
2025-06-27,606.664794921875,608.1249909093486,602.6395460052738,604.6620460106875,86258400,0.0049684261271674135,590.9322631835937,570.186185913086,167.0130615234375
2025-06-30,609.5653686523438,610.9169938229498,606.7930496988761,609.1016996773074,92502500,0.004781180241128613,592.4218811035156,572.0358343505859,167.0130615234375
2025-07-01,609.3681030273438,610.5322734636828,607.2666588703396,608.0953617899536,70030100,-0.00032361685086557124,593.7383453369141,573.866782836914,222.33692932128906
2025-07-02,612.130615234375,612.1700572103479,608.3420779544849,608.9636353224103,66510400,0.004533404674952779,595.0266906738282,575.9994921875,222.33692932128906
2025-07-03,616.9550170898438,617.8824153010514,614.0840027457131,614.1037538406599,51065800,0.00788132750658388,596.5641204833985,577.9656518554688,222.33692932128906
2025-07-07,612.357421875,615.6625385416997,609.5851029977032,615.0014790783108,74814500,-0.007452075252634249,598.0133239746094,579.6791271972656,222.33692932128906
2025-07-08,612.0220947265625,613.7683204406269,611.2130826065427,613.0185013919862,59024600,-0.000547600366156642,599.1462280273438,581.1641748046875,222.33692932128906
2025-07-09,615.6920776367188,616.3432013077288,612.5842913923066,614.4193967168262,66113300,0.005996487613402213,600.4360748291016,582.6449096679687,222.33692932128906
2025-07-10,617.4285278320312,618.4644365752275,614.6562088976586,615.8302548644143,57529000,0.002820322460502789,601.6455200195312,584.1562438964844,222.33692932128906
2025-07-11,615.2579956054688,616.48135905139,613.1960537313187,614.38979053738,63670200,-0.0035154388382148127,602.8310333251953,585.5558984375,222.33692932128906
2025-07-14,616.43212890625,616.7774117864018,613.4624793566222,614.8042291186631,51898500,0.0019083592723176945,603.9577056884766,586.97470703125,222.33692932128906
2025-07-15,613.7978515625,619.4411242116038,613.7189074073614,619.1057169315715,74317300,-0.004273426416666615,605.2846557617188,588.2635144042969,222.33692932128906
2025-07-16,615.8499755859375,616.3531467698953,609.7627242916457,615.3764310442137,88987500,0.0033433222651619854,606.4348419189453,589.4302685546875,222.33692932128906
2025-07-17,619.6187744140625,619.9739930445255,615.8105464724214,616.0276278697462,68885700,0.006119670337795036,608.0267700195312,590.736337890625,222.33692932128906
2025-07-18,619.1649169921875,621.0295285799061,618.0599396747441,620.8618249379944,65621600,-0.0007324784861533207,609.6004302978515,592.1259924316406,222.33692932128906
2025-07-21,620.3389892578125,623.0718060276608,619.9147622533486,620.3389892578125,63375000,0.0018962189772129268,611.301806640625,593.4928955078125,222.33692932128906
2025-07-22,620.427734375,621.2860639110608,617.7935527028395,620.6645066309135,60046300,0.00014305906725886608,612.7180541992187,594.7846508789063,222.33692932128906
2025-07-23,625.7061157226562,625.7061157226562,621.2861455699198,623.0817490356008,70511000,0.008507648925420108,614.0711669921875,596.1961364746094,222.33692932128906
2025-07-24,625.9132080078125,627.6200518287297,625.488980993582,626.0907872079496,71307100,0.00033097372704604666,615.4178619384766,597.2448510742188,222.33692932128906
2025-07-25,628.5572509765625,629.0308557161836,626.3276053702117,626.5742531786653,56865400,0.004224296491786017,616.6624481201172,598.270703125,222.33692932128906
2025-07-28,628.3994140625,629.4846403177779,627.0181622678288,628.9321516432593,54917100,-0.0002511098453120697,617.7491790771485,599.2786437988282,222.33692932128906
2025-07-29,626.741943359375,630.1061928990167,625.8342963044605,629.7904764849706,60556300,-0.002637607015591792,618.6080078125,600.1969714355469,222.33692932128906
2025-07-30,625.9527587890625,629.129553977157,623.0718687407492,627.393143596463,80418900,-0.0012591858238854003,619.4372406005859,601.0259350585937,222.33692932128906
2025-07-31,623.6046142578125,631.2703873241156,622.3121821287813,630.8856625012866,103385200,-0.003751312696173126,620.0109405517578,601.7951477050781,222.33692932128906
2025-08-01,613.3834838867188,617.9415908673775,610.9860743719428,617.9020886786027,140103600,-0.016390402087159806,619.8323638916015,602.3992858886719,134.23008728027344
2025-08-04,622.706787109375,622.7561046288977,617.191775701563,617.2805351933534,73218000,0.015199795018246753,620.3498321533203,603.3864318847657,134.23008728027344
2025-08-05,619.5496215820312,624.1274190145356,618.6320990296246,623.3184070376644,68051400,-0.005070067634880604,620.7262084960937,604.305908203125,134.23008728027344
2025-08-06,624.295166015625,624.9462896680084,619.7074931606843,620.6151401423151,64357500,0.007659668036719802,621.156362915039,605.3985974121093,134.23008728027344
2025-08-07,623.7722778320312,628.4388348760696,620.6743670535704,627.7087670325432,74205800,-0.0008375656453195601,621.4735504150391,606.2439562988282,134.23008728027344
2025-08-08,628.63623046875,629.099959687417,625.2423540250035,625.5580704635792,64051600,0.007797641558588975,622.1424621582031,607.2538793945313,134.23008728027344
2025-08-11,627.3931274414062,630.3825280073482,626.1500127592028,628.912516593768,58742300,-0.0019774600430153555,622.6905120849609,608.1932971191407,134.23008728027344
2025-08-12,634.072265625,634.2300937128912,628.251353780633,629.7312404986845,64730800,0.01064585806164664,623.704232788086,609.2792822265625,134.23008728027344
2025-08-13,636.2428588867188,637.5254154950222,634.0624705008762,636.2625497647373,60092800,0.003423258482342151,624.723876953125,610.3433630371094,134.23008728027344
2025-08-14,636.302001953125,636.9630011917295,633.7270133914775,634.1709312549185,59327500,9.295674690901201e-05,625.5580383300781,611.34212890625,134.23008728027344
2025-08-15,634.812255859375,637.4267466743545,633.9046087993034,637.3280514224831,68592500,-0.0023412563361064898,626.3404052734375,612.3142456054687,134.23008728027344
2025-08-18,634.674072265625,635.3646981112688,633.5690949992928,634.2399697526556,43804900,-0.00021767631685520872,627.0571594238281,613.3402600097656,134.23008728027344
2025-08-19,631.23095703125,635.4732874420525,629.9187737835771,634.4965717210093,69750700,-0.005425013223060993,627.5973205566406,614.1775988769531,134.23008728027344
2025-08-20,629.5537109375,631.0829152899969,624.4629267215348,630.8264521540534,88890300,-0.002657103671908412,627.7897003173828,614.9707702636719,134.23008728027344
2025-08-21,627.0280151367188,629.4155489420286,625.3113561107211,627.7482676486437,54805800,-0.00401188295279864,627.8454406738281,615.6465380859376,134.23008728027344
2025-08-22,636.6571655273438,637.8312114652382,628.70524285572,629.2084140029245,84083200,0.0153568104744497,628.2504364013672,616.5487268066406,134.23008728027344
2025-08-25,633.8552856445312,636.6374803454853,633.736899505491,635.404241216521,51274300,-0.004400924130794515,628.5232299804687,617.3478588867188,134.23008728027344
2025-08-26,636.5092163085938,636.8545593934813,632.9673872646679,633.5889446007113,51581600,0.004186966211639165,629.0115936279296,618.3328662109375,134.23008728027344
2025-08-27,637.95947265625,638.6895405097797,635.7790844255956,635.9270971923372,48341100,0.002278453022356741,629.611929321289,619.2351306152344,134.23008728027344
2025-08-28,640.21875,640.7712386679527,636.6867968305069,638.5612839961418,61519500,0.003541412018451817,630.4426361083985,620.2839013671875,134.23008728027344
2025-08-29,636.400634765625,639.1532627231435,634.5162720889837,638.7881685836082,74522200,-0.005963766656904346,631.5934936523438,621.2580798339844,134.23008728027344
2025-09-02,631.684814453125,631.9018356294255,626.4065150056712,628.9519373540064,81983500,-0.007410143948452741,632.0423950195312,622.165546875,138.98846435546875
2025-09-03,635.1082153320312,635.5719445130327,631.8722274787872,634.05255551225,70820900,0.005419476296687709,632.8203247070312,623.0256555175781,138.98846435546875
2025-09-04,640.4161376953125,640.4457643382553,634.8813749728572,635.7791465574808,65219200,0.008357508586952056,633.6263732910156,623.8611010742187,138.98846435546875
2025-09-05,638.561279296875,643.4646688785257,634.7037341963564,642.7444163544111,85178900,-0.002896333007960439,634.3658233642578,624.6527404785156,138.98846435546875
2025-09-08,640.1300659179688,641.1265327903665,638.5514836687598,639.9228600617976,63133100,0.002456751876376062,634.9405151367188,625.38203125,138.98846435546875
2025-09-09,641.60986328125,642.1327252974712,638.5415189260096,640.2680535026645,66133900,0.0023117135752077633,635.6513519287109,626.0809326171875,138.98846435546875
2025-09-10,643.4646606445312,645.7732503039375,641.9058297062181,644.8557277247635,78034500,0.002890849205147372,636.1209716796875,626.7589184570312,138.98846435546875
2025-09-11,648.81201171875,649.502637640468,644.8262047273438,645.4082598463015,69934400,0.00831024825646609,636.7494293212891,627.5477966308594,138.98846435546875
2025-09-12,648.594970703125,650.272187984056,648.0918597139254,648.7824254618777,72780100,-0.00033452064959471617,637.3640777587891,628.2770837402344,138.98846435546875
2025-09-15,652.0480346679688,652.1762963553084,650.4991393056443,650.7951046545995,63772400,0.005323914184996559,638.2258666992187,628.9789440917968,138.98846435546875
2025-09-16,651.1502075195312,652.9063688014267,650.3708221309846,652.6004677140577,61169000,-0.001376934061145807,639.049673461914,629.7547998046875,138.98846435546875
2025-09-17,650.34130859375,652.8472290592617,645.5267377683379,651.1601963123729,101952200,-0.001242261641691944,640.0051910400391,630.5211840820313,138.98846435546875
2025-09-18,653.3798828125,655.9746224265324,651.4165760040546,653.0148488941834,90459200,0.004672276201123315,641.196499633789,631.2749401855468,138.98846435546875
2025-09-19,656.615966796875,657.4568701129051,653.321492861841,655.2605944120114,97945600,0.004952836886322753,642.6758972167969,632.0586889648438,138.98846435546875
2025-09-22,659.7225341796875,660.1676828141602,655.1023357778903,655.1320445581616,69452200,0.004731178557790816,643.8291656494141,632.9479797363281,138.98846435546875
2025-09-23,656.1312255859375,660.2171487108257,654.9143129749383,659.6037107504653,81708900,-0.005443665189056368,644.9429626464844,633.7419616699219,138.98846435546875
2025-09-24,654.0436401367188,657.5161853625601,652.6289106713185,657.4172768788721,68082200,-0.003181658436320456,645.8196838378906,634.5468774414062,138.98846435546875
2025-09-25,651.0263061523438,652.3717757310584,647.4251431178142,650.91749472694,89622100,-0.004613352686594796,646.4730255126954,635.2504040527343,138.98846435546875
2025-09-26,654.756103515625,655.3002210405111,650.8581544995363,652.4707616041429,69179200,0.005729103921045642,647.1998931884766,635.9531506347656,138.98846435546875
2025-09-29,656.59619140625,658.1791500054463,654.7956099654933,657.2689261670223,73499000,0.002810340950996748,648.2096710205078,636.7017761230469,138.98846435546875
2025-09-30,659.0695190429688,659.5345338964465,654.5482897020846,655.8542079251938,86288000,0.0037668930601342243,649.57890625,637.47638671875,138.98846435546875
2025-10-01,661.3153686523438,662.2255322042525,655.9828838603935,656.0916952927918,72545400,0.0034076065490575846,650.8892639160156,638.2941394042969,124.12738037109375
2025-10-02,662.0769653320312,663.4125921637317,659.6630669539827,663.2938778298502,56896000,0.0011516391661055003,651.9723052978516,639.0215563964844,124.12738037109375
2025-10-03,662.0672607421875,665.5001949823258,661.0284195287326,662.8389040732001,70494400,-1.4657797132167083e-05,653.1476043701172,639.7446374511719,124.12738037109375
2025-10-06,664.4415283203125,665.3319462864663,662.314512664693,664.451431246289,54623300,0.0035861425551588777,654.3631774902344,640.4623229980468,124.12738037109375
2025-10-07,661.9781494140625,665.8068381763353,660.5436138980969,665.3616291701808,72020100,-0.0037074427188158454,655.381591796875,641.1338977050781,124.12738037109375
2025-10-08,665.925537109375,666.0245059882836,662.2749199573431,663.0960778489103,60702200,0.005963018112918661,656.5046356201171,641.9175695800782,124.12738037109375
2025-10-09,663.996337890625,666.7466945063586,662.0671995495462,666.3410972158545,66501900,-0.002897019428214409,657.2638519287109,642.6784411621094,124.12738037109375
2025-10-10,646.0499877929688,666.7565834688588,645.8719162752307,664.9560020556908,159422600,-0.027027784753554496,657.1366027832031,643.1273486328125,124.12738037109375
2025-10-13,655.9629516601562,658.0306703959724,652.72789540716,653.5985074660624,79560500,0.015343957982341339,657.3323486328125,643.9789379882812,124.12738037109375
2025-10-14,655.16162109375,658.7232324647772,646.1983260713891,650.1556317834018,88779600,-0.0012216094893441332,657.5329193115234,644.6280346679688,124.12738037109375
2025-10-15,658.0702514648438,663.0762408380068,651.8968641380318,659.7026642450096,81702600,0.0044395615943406685,657.9193664550781,645.398447265625,124.12738037109375
2025-10-16,653.5887451171875,661.5726180936518,650.0963932050812,659.7027763115389,110563300,-0.0068100728420416035,657.9298095703125,645.9843188476563,124.12738037109375
2025-10-17,657.298583984375,658.6539563270334,651.1152939599514,652.46076337718,96500900,0.00567610580032607,657.9639404296875,646.6548449707032,124.12738037109375
2025-10-20,664.1348876953125,665.0352086527322,660.1479331778372,660.197387427611,60493400,0.010400606174286287,658.1845581054688,647.3648181152344,124.12738037109375
2025-10-21,664.1249389648438,665.8068060270512,662.8289237149189,664.2733620876278,56249000,-1.4979984718554995e-05,658.5842437744141,648.0994543457032,124.12738037109375
2025-10-22,660.6722412109375,664.8274246920023,656.2202718491607,664.8274246920023,80564000,-0.005198867790280337,658.915673828125,648.6314538574219,124.12738037109375
2025-10-23,664.5899047851562,665.5297769315139,660.672150546298,660.9887422368442,65604500,0.00592981410424942,659.5938537597656,649.1983947753906,124.12738037109375
2025-10-24,670.0213623046875,671.2283116328227,668.4384640813665,669.2398161192735,74356500,0.00817264523644412,660.3571166992188,649.8727819824219,124.12738037109375
2025-10-27,677.926025390625,678.2228112394536,674.8393317954225,675.442806418656,63339800,0.011797628449856656,661.4236083984375,650.7350573730469,124.12738037109375
2025-10-28,679.7265625,681.5567921017911,677.5203840529186,679.7166595750679,61738100,0.0026559492362570047,662.4564605712891,651.6361071777344,124.12738037109375
2025-10-29,680.05322265625,682.338564675443,675.5814471238866,681.368983551386,85657100,0.00048057582897542694,663.3933532714843,652.6125524902344,124.12738037109375
2025-10-30,672.5738525390625,678.6186229721906,672.5738525390625,676.600418646911,76335800,-0.010998212886887737,663.9181976318359,653.4729553222656,124.12738037109375
2025-10-31,674.7799682617188,677.7677533403644,671.9900605416568,677.7281416384325,87164100,0.0032801092613514715,664.5538330078125,654.4279943847656,124.12738037109375
2025-11-03,676.04638671875,678.4800912258883,672.6826525168186,678.3514739521635,57315000,0.0018767872737739388,665.1340759277343,655.2157788085938,154.31407165527344
2025-11-04,668.0328369140625,672.7024895383894,667.3799079726423,668.8935461650569,78427000,-0.011853550232820531,665.4368103027343,655.8993298339843,154.31407165527344
2025-11-05,670.3478393554688,673.5927987432043,666.9742023136038,667.7755543304748,74402400,0.0034654021681033154,665.657925415039,656.5761022949218,154.31407165527344
2025-11-06,663.1554565429688,670.150002278421,661.5824008089137,669.2496813312496,85035300,-0.010729329446956037,665.6158813476562,657.0800219726563,154.31407165527344
2025-11-07,663.8082885742188,663.9171603670279,654.1525138805237,660.7809522833221,100592400,0.0009844328728789709,666.5037963867187,657.5518127441406,154.31407165527344
2025-11-10,674.1666259765625,674.8987178962867,667.8250699305912,670.011442763763,75842900,0.015604411063610213,667.4139801025391,658.3071325683594,154.31407165527344
2025-11-11,675.7100219726562,676.2739453424548,671.4855783543771,672.6925881240425,58953400,0.002289339069340812,668.4414001464844,659.18763671875,154.31407165527344
2025-11-12,676.0859985351562,677.6491514285055,673.6819422079296,677.4809224347684,62312500,0.0005564170284204639,669.3421875,660.0071923828125,154.31407165527344
2025-11-13,664.8670043945312,673.5928719621189,663.3632690735044,673.2367288900627,103457800,-0.016594034139048364,669.9061004638672,660.4962097167969,154.31407165527344
2025-11-14,664.7581176757812,668.4482860302248,656.1905771441307,658.2780414721369,96846700,-0.000163772180045485,670.2790771484375,661.020146484375,154.31407165527344
2025-11-17,658.56494140625,666.5191649555097,655.1022987242936,662.5519561070769,90456100,-0.00931643571527141,670.0005798339844,661.3888439941406,154.31407165527344
2025-11-18,653.03466796875,658.0208519047019,648.8596786437042,655.0330664835586,114467500,-0.008397461039591714,669.4460662841797,661.6173400878906,154.31407165527344
2025-11-19,655.5574951171875,660.2172451791961,651.7189030472904,653.7272650457925,94703000,0.003863236168279771,669.1903289794922,661.8591967773438,154.31407165527344
2025-11-20,645.5652465820312,668.3494043558474,644.9320631333248,665.7276649913678,165293500,-0.015242367922847166,668.2390960693359,661.7942614746094,154.31407165527344
2025-11-21,651.995849609375,657.4568906385811,643.9031059831046,648.0582892153691,123956200,0.00996119766575232,667.3378204345703,661.8622790527344,154.31407165527344
2025-11-24,661.59228515625,662.9081062970187,654.5285399004904,655.6167748873626,80437900,0.014718553120582678,666.5211334228516,662.0531640625,154.31407165527344
2025-11-25,667.815185546875,668.9924864834618,657.3876457131933,661.4933747936815,81077100,0.009405944613086525,665.9255645751953,662.3864636230469,154.31407165527344
2025-11-26,672.4254760742188,674.4239350690651,669.4970476879164,670.3973686817876,71879600,0.006903542517632921,665.5441772460938,662.8281469726562,154.31407165527344
2025-11-28,676.0958251953125,676.3728052050843,673.2366572287348,673.5928002628821,49212000,0.005458373086222323,665.7202758789062,663.2824658203125,154.31407165527344
2025-12-01,673.0091552734375,675.7000943604489,671.4954567492206,671.5647168500374,61201200,-0.0045654326011898005,665.6317352294922,663.6103295898438,104.15531921386719
2025-12-02,674.2557373046875,676.5212733146432,672.0792068673397,674.6415287588202,62953800,0.0018522512234526722,665.542202758789,663.9009936523438,104.15531921386719
2025-12-03,676.5905151367188,677.5995871066391,672.4353317565424,673.3059439079583,57238500,0.003462748187155862,665.9700866699219,664.3101794433594,104.15531921386719
2025-12-04,677.085205078125,678.0547257643626,674.0677712084201,677.9854656605314,61970300,0.000731151162097321,666.3069549560547,664.7710107421875,104.15531921386719
2025-12-05,678.3712768554688,681.0424704296607,677.2731389541586,678.1535936302283,79241000,0.0018994238357272764,667.0677459716796,665.31791015625,104.15531921386719
2025-12-08,676.3333740234375,679.3112568636993,674.2953635655399,679.2618026085656,55231500,-0.0030041113200985903,667.6940002441406,665.7494555664063,104.15531921386719
2025-12-09,675.7495727539062,678.0745263345831,675.3044241214166,675.8584445640498,58310100,-0.000863185659548793,667.7731475830078,666.1325231933594,104.15531921386719
2025-12-10,680.2312622070312,681.616283144729,674.0380683519487,675.2747265375898,85671300,0.006632175045054867,667.9992095947266,666.5557580566406,104.15531921386719
2025-12-11,681.8141479492188,681.8933109790751,674.8888622374254,677.82719343181,86173700,0.0023269817636015766,668.2856170654297,666.9657336425781,104.15531921386719
2025-12-12,674.4832763671875,681.5272765513724,671.9208940415416,680.8248329648462,113160300,-0.010752008599530072,668.7664306640625,667.2138598632813,104.15531921386719
2025-12-15,673.4641723632812,678.4405133715769,671.999988545765,678.4207075198718,90811000,-0.001510940359255808,669.2017333984375,667.4417980957031,104.15531921386719
2025-12-16,671.6240844726562,673.8105178026394,667.7755898483048,671.9802275249427,122030600,-0.0027322728752857683,669.8546905517578,667.58544921875,104.15531921386719
2025-12-17,664.2337646484375,673.1772535061897,664.0358872930294,672.6331360665856,110625200,-0.011003655162279413,670.4146453857422,667.6305615234374,104.15531921386719
2025-12-18,669.2496337890625,673.4740770479272,667.6964444022054,670.3675775068244,108650100,0.007551361294136916,671.099252319336,667.6970434570312,104.15531921386719
2025-12-19,675.3153686523438,675.8114935895343,671.2272434527378,671.3463691548195,103599500,0.009063486264369258,672.5867584228515,667.9234240722657,104.15531921386719
2025-12-22,679.5224609375,680.0483218496023,675.3153313921905,678.639344063116,69556700,0.006229818660208997,673.9630889892578,668.5928735351563,104.15531921386719
2025-12-23,682.6282348632812,682.8663651395233,678.5699062922599,678.6195066727895,64840000,0.004570524308344925,675.0148864746094,669.1261791992188,104.15531921386719
2025-12-24,685.0294799804688,685.4760045408373,682.4694583215327,682.6183200290311,39445600,0.0035176469336466454,675.875601196289,669.7235363769531,104.15531921386719
2025-12-26,684.9599609375,686.2994739503212,683.9280429419551,685.287420330769,41613300,-0.00010148328648673655,676.5023254394531,670.2613305664063,104.15531921386719
2025-12-29,682.51904296875,683.8586166189733,680.7528697076866,682.2114479341877,62559500,-0.003563592192175946,676.823486328125,670.8399365234375,104.15531921386719
2025-12-30,681.685546875,683.2235219572843,681.2588867271484,682.1221392108215,47160700,-0.0012212056239845337,677.2573059082031,671.32767578125,104.15531921386719
2025-12-31,676.635009765625,682.0328514439952,676.4266760541103,681.8145855439083,74144800,-0.0074088956888227475,677.37626953125,671.5776782226562,104.15531921386719
2026-01-02,677.8753051757812,681.5466416904673,674.5512924418268,680.3956585252009,89377200,0.0018330346379591411,677.4405090332032,671.852685546875,132.48622131347656
2026-01-05,682.3900756835938,684.0868448237256,681.0604947255163,681.2192280630002,71927200,0.006660178462529753,677.7057525634766,672.2870422363281,132.48622131347656
2026-01-06,686.4484252929688,686.9544824498945,682.4496895461597,682.5984906991714,69273800,0.005947257666825578,678.1096099853515,672.7242126464844,132.48622131347656
2026-01-07,684.2356567382812,688.5817158514149,683.9776620917838,686.8254142672773,75588300,-0.0032235029947706995,678.5047241210938,673.0084985351563,132.48622131347656
2026-01-08,684.1661987304688,685.2675815209567,682.1618346683338,683.4815439165204,64019200,-0.00010151182144413351,678.9255554199219,673.1333020019531,132.48622131347656
2026-01-09,688.6908569335938,689.9212370510019,683.8387406584166,685.2775150455628,80125500,0.006613390447410161,679.34853515625,673.312587890625,132.48622131347656
2026-01-12,689.7723999023438,690.6952455853734,685.2775394384523,685.3271398200249,63976000,0.0015704331745678424,679.7464477539063,673.5069714355469,132.48622131347656
2026-01-13,688.3932495117188,690.6952766040527,685.9919610896558,690.0998903120652,78309700,-0.0019994282038833244,680.4419464111328,673.823359375,132.48622131347656
2026-01-14,685.009521484375,686.3589666067269,680.7229953056234,685.6445758579941,94676700,-0.004915399780203944,681.0192138671875,674.0279504394531,132.48622131347656
2026-01-15,686.8750610351562,690.0602050162862,685.8927433241695,689.1870202593807,77862000,0.002723377547714678,681.7817626953125,674.2445239257812,132.48622131347656
2026-01-16,686.2994995117188,688.869453251486,684.7515921796883,688.2839991969948,79289200,-0.0008379420888714462,682.8850494384766,674.6098571777344,132.48622131347656
2026-01-20,672.3286743164062,679.4629532027941,671.3264922720098,676.2083446056304,111623300,-0.020356746879827692,683.0390014648438,674.6494738769532,132.48622131347656
2026-01-21,680.0880737304688,683.402154325963,672.8743979165272,674.3826370735425,127844500,0.01154108059120329,683.27763671875,674.9881262207032,132.48622131347656
2026-01-22,683.6402587890625,685.7736201181282,681.5962265907631,684.5035112839386,77112200,0.005223125056595945,683.4835266113281,675.384765625,132.48622131347656
2026-01-23,683.8883666992188,685.6050001770944,681.8344021762991,682.8167804315336,63059600,0.0003629217369318649,683.546533203125,675.5792004394531,132.48622131347656
2026-01-26,687.3612060546875,688.7503800429489,684.5729864520383,685.138576123168,60473800,0.005078079295646409,683.663119506836,675.8122241210938,132.48622131347656
2026-01-27,690.099853515625,691.1318321418594,688.1947507195304,688.8000086063018,55506100,0.0039842915730679,683.9201141357422,676.0925012207031,132.48622131347656
2026-01-28,690.0303344726562,692.4316225777728,688.5618241580821,691.6477064811113,61172200,-0.00010073765791229761,684.2956787109375,676.5957678222657,132.48622131347656
2026-01-29,688.6610717773438,691.657685737667,679.5224893166136,690.9928952881424,97486200,-0.0019843514508082194,684.6444549560547,677.0738269042969,132.48622131347656
2026-01-30,686.6071166992188,688.8298072906449,681.7947290319643,686.4285189892349,101835100,-0.0029825340247910948,685.1430603027344,677.6346704101562,132.48622131347656
2026-02-02,690.0204467773438,691.5286859406688,684.0768798206813,684.2356737126761,79286500,0.004971300173138626,685.7503173828125,678.3743859863281,168.0076141357422
2026-02-03,684.18603515625,691.5584439188771,678.7286612443456,690.8142565672537,107904600,-0.008455418456572827,685.8401153564453,678.9469567871093,168.0076141357422
2026-02-04,680.8719482421875,686.0911923060062,676.4762885369656,684.9996810996682,105204600,-0.00484383887388995,685.5612915039062,679.6530908203125,168.0076141357422
2026-02-05,672.3682861328125,678.3912495205631,670.5524520913757,675.6625626456348,113610800,-0.012489370624430896,684.9679229736328,680.0605395507813,168.0076141357422
2026-02-06,685.2676391601562,686.944543957853,675.5733380016845,676.1786564838608,89127600,0.019184951600759614,685.0229949951172,680.5340466308594,168.0076141357422
2026-02-09,688.5718383789062,690.4769412520913,683.0053309088385,684.0769172088077,73885200,0.004821764563112119,685.0170440673828,680.9491796875,168.0076141357422
2026-02-10,686.7559814453125,691.1417089533321,686.2995246985826,689.5640655604284,65185700,-0.0026371350560441265,684.8662231445312,681.2357897949219,168.0076141357422
2026-02-11,686.5972290039062,691.7370759669038,683.8387453470867,690.9928885783248,76353900,-0.00023116280847257364,684.7764221191406,681.4458178710937,168.0076141357422
2026-02-12,675.9900512695312,689.9608850687785,675.0970022106213,688.859502308346,118829000,-0.015448908452140975,684.3254486083985,681.5054357910157,168.0076141357422
2026-02-13,676.4663696289062,680.961290747747,672.2691719299015,676.4068370573647,96267500,0.0007046233276368774,683.8050140380859,681.5496484375,168.0076141357422
2026-02-17,677.5578002929688,679.6316291710169,670.5426469985775,674.8688419019007,81354700,0.0016134293041962788,683.3679290771485,681.568994140625,168.0076141357422
2026-02-18,680.97119140625,683.8090722697287,677.5380453641048,678.7188252184603,73570300,0.00503778587126491,683.8000549316406,681.6467138671875,168.0076141357422
2026-02-19,679.1751708984375,680.8620077880265,676.2678860499572,678.5401770095443,58649400,-0.002637439777890771,683.7544097900391,681.6627917480469,168.0076141357422
2026-02-20,684.0867919921875,684.7119142291095,676.4464562003476,677.0319102464942,100034000,0.007231744186485312,683.7767364501954,681.8178601074219,168.0076141357422
2026-02-23,677.1013793945312,684.6523861034582,675.0970153480879,682.4992209190492,90558100,-0.010211295817177612,683.437387084961,681.8448962402343,168.0076141357422
2026-02-24,682.0228881835938,683.0151380016027,674.7298762460771,676.6151751251432,73798700,0.007268496179203332,683.1704711914062,681.8807287597656,168.0076141357422
2026-02-25,687.7780151367188,688.3038760705598,684.7516046120257,684.8310015582731,56369500,0.00843831937730477,683.0543792724609,682.0000061035156,168.0076141357422
2026-02-26,683.9578247070312,687.9268241953206,679.046175727848,687.9070203801248,71671000,-0.0055543945075478,682.7507537841797,682.1894970703125,168.0076141357422
2026-02-27,680.6734619140625,681.5367144347911,676.35719931042,677.795973699009,83308900,-0.004801996079766391,682.3513732910156,682.3336828613282,168.0076141357422
2026-03-02,681.0604858398438,683.2831159083878,672.765291276125,673.4400139353526,87477200,0.0005685897092166936,682.0740417480469,682.5224108886719,121.6249008178711
2026-03-03,675.0573120117188,677.3196100252792,664.4699632194659,669.8281362739899,105003100,-0.0088144503358204,681.3258850097657,682.7388818359375,121.6249008178711
2026-03-04,679.8201293945312,681.7649608594664,674.3528231531807,676.3472549970834,79182200,0.007055426699429379,681.1075897216797,682.9502917480469,121.6249008178711
2026-03-05,676.0297241210938,680.2170498641997,670.3738880206191,676.7937758642711,106606500,-0.005575600235334877,680.865478515625,682.9645788574219,121.6249008178711
2026-03-06,667.1689453125,670.8700177972564,664.5692556037578,668.1909311447467,100687000,-0.013107084633170007,680.6055114746093,682.7175085449219,121.6249008178711
2026-03-09,673.0133056640625,674.650481531912,657.2563736570586,661.2253729422058,102667700,0.008759940630667318,679.9927947998046,682.5252099609374,121.6249008178711
2026-03-10,671.9317016601562,678.0637980596332,669.5304741395607,672.4674947413112,81505300,-0.0016071064194473905,679.1607879638672,682.2632543945313,121.6249008178711
2026-03-11,671.08837890625,674.8093159596237,668.1215614523004,672.3286912573745,68441700,-0.0012550721328115078,678.377407836914,681.9858227539063,121.6249008178711
2026-03-12,660.89794921875,666.4446526664856,660.7094193200438,665.9583993556241,108882200,-0.015184929448649576,677.0924438476562,681.5534008789062,121.6249008178711
2026-03-13,657.1571655273438,667.1293254881115,656.2343803863124,664.0831110227487,97200200,-0.005660153274538393,676.1507995605468,681.0628332519532,121.6249008178711
2026-03-16,663.844970703125,666.8613885560293,661.9497395049242,663.1999840519829,82023100,0.010176873245252516,675.5197296142578,680.8070324707031,121.6249008178711
2026-03-17,665.5912475585938,669.2129836950214,664.5097291491037,667.1788836379297,87128000,0.0026305491982852036,674.9214019775391,680.5613513183594,121.6249008178711
2026-03-18,656.3038330078125,664.5295627375546,656.0657027257738,663.1801174312507,82062600,-0.013953630828001051,673.6880340576172,680.0396264648438,121.6249008178711
2026-03-19,654.6864624023438,657.8418097710767,650.0923405870744,651.8783782687178,111272500,-0.0024643625774001254,672.4635986328125,679.4043872070313,121.6249008178711
2026-03-20,645.3009643554688,653.3800315656541,641.4703334037762,653.2009461223761,163617500,-0.014335866992629342,670.5243072509766,678.625693359375,121.6249008178711
2026-03-23,652.07666015625,659.2801583045331,650.6439158314106,654.7531040433624,134802700,0.010500055284356824,669.2730712890625,677.9839025878906,121.6249008178711
2026-03-24,649.8877563476562,653.7183875512989,646.604401549905,648.0371459178807,96457500,-0.0033568197458091475,667.6663146972656,677.2078405761719,121.6249008178711
2026-03-25,653.5094604492188,657.5589538580906,650.9424473291369,655.3501116680137,90653800,0.005572814791767078,665.9528869628906,676.4825817871093,121.6249008178711
2026-03-26,641.838623046875,651.5493793651953,641.5699644768796,648.7734634761676,96494400,-0.017858712243157604,663.8469268798829,675.5514892578125,121.6249008178711
2026-03-27,630.89404296875,639.420794428861,629.9189411370072,639.2616275919053,103649400,-0.01705191879256185,661.3579559326172,674.4691796875,121.6249008178711
2026-03-30,628.78466796875,637.1423539459004,626.108284608157,636.8836547011163,99275900,-0.003343469515220132,658.7441650390625,673.3073718261719,121.6249008178711
2026-03-31,647.0621337890625,648.2560368761451,634.7643854444117,635.7195686416,152534100,0.02906792539862124,657.3444061279297,672.5226245117187,121.6249008178711
2026-04-01,651.9373779296875,655.2008748639518,649.7086779392242,650.6041659517412,97841500,0.00753442967227369,655.9502685546875,672.1147985839843,330.17681884765625
2026-04-02,652.5244750976562,654.8825248659317,641.858474913505,643.1618697673937,68358700,0.0009005422726844348,654.7750061035156,671.5635266113281,330.17681884765625
2026-04-06,655.6087646484375,656.3947609217337,652.2159789115307,652.554231190157,39105800,0.004726703240241825,654.1969970703125,671.0028967285157,330.17681884765625
2026-04-07,655.8972778320312,656.285326673986,647.7784337275787,653.3402849463747,69980400,0.0004400691374961685,653.341195678711,670.4430749511719,330.17681884765625
2026-04-08,672.6027221679688,673.6673363432215,668.0756676404139,672.980811715349,93606100,0.0254696046172882,653.3747467041015,670.1479052734375,330.17681884765625
2026-04-09,676.4830322265625,677.7267318686964,670.3740257373166,671.4386399182858,57134400,0.005769096571727417,653.6444793701172,669.8755688476563,330.17681884765625
2026-04-10,676.0353393554688,678.5923930707559,675.0304203424645,677.885949822129,42253500,-0.0006617946789001516,654.4013488769531,669.5956689453125,330.17681884765625
2026-04-13,682.6417846679688,682.840788741459,673.1698101905051,673.9955829678383,54185800,0.009772337225445238,655.6755798339843,669.475283203125,330.17681884765625
2026-04-14,690.959716796875,691.0791070995066,684.193942434314,684.2238203737314,63480500,0.012184915010662545,657.0313171386719,669.5623352050782,330.17681884765625
2026-04-15,696.412109375,696.7504224001667,690.7010502942645,691.7557051691649,58240400,0.00789104262604634,658.5723602294922,669.6901684570313,330.17681884765625
2026-04-16,698.1234130859375,699.2378238459212,695.0092450197437,697.5264615426626,49972400,0.0024573146961406334,660.6633392333985,669.968916015625,330.17681884765625
2026-04-17,706.5607299804688,708.7993894133457,702.2028014262665,702.5808909886877,70661900,0.012085709684531931,663.2570526123047,670.4826916503906,330.17681884765625
2026-04-20,705.1477661132812,706.3317705126415,702.5808139687996,705.20752199003,43546800,-0.0019997769579219726,666.2493927001954,671.13828125,330.17681884765625
2026-04-21,700.53125,707.6949720613851,699.098505587723,706.7000123508461,58941400,-0.006546877598048839,668.6721221923829,671.4435534667969,330.17681884765625
2026-04-22,707.6253051757812,707.8640857857167,704.6503246823615,705.5756906371417,42518500,0.010126679110719516,671.5589996337891,671.8246228027343,330.17681884765625
2026-04-23,704.8792114257812,708.7694771316526,698.7403270820959,705.9239069650033,56174000,-0.0038807172806204493,674.1274871826172,672.1870874023438,330.17681884765625
2026-04-24,710.3414916992188,710.8687887329964,705.4363479344694,707.1675680011435,45182000,0.0077492429694283604,677.5526306152344,672.66197265625,330.17681884765625
2026-04-27,711.5653686523438,712.0230720129201,708.7098389427747,709.5754490929214,33135900,0.0017229416659827468,681.5861968994141,673.3734790039063,330.17681884765625
2026-04-28,708.1029052734375,709.2869098023077,705.6752010599358,708.2322548988411,43117400,-0.004865980739709008,685.5521087646484,674.0062097167969,330.17681884765625
2026-04-29,707.993408203125,708.6102783309316,704.7995658491443,707.4163145996059,41859200,-0.0001546344034137892,688.5986724853516,674.614921875,330.17681884765625
2026-04-30,715.0377197265625,716.1620290590424,706.8691393587039,711.0280636665188,67240900,0.009949685183250345,691.7536895751953,675.2962524414063,330.17681884765625
2026-05-01,717.0177001953125,721.216400793299,716.8385540170647,717.6146516977453,43049800,0.00276905737155686,694.9783508300782,676.0531030273437,248.23397827148438
2026-05-04,714.3909912109375,718.4802608161392,711.3861936216806,716.4406056700121,51950600,-0.0036633809509297732,697.9174621582031,676.6591870117187,248.23397827148438
2026-05-05,720.1220092773438,721.3855668152729,717.8534719876392,718.1320898558575,36933200,0.008022242913074518,701.1286987304687,677.519599609375,248.23397827148438
2026-05-06,730.1312866210938,730.8874657022126,724.1515691652952,724.489821452625,53288900,0.013899418730159985,704.005126953125,678.481767578125,248.23397827148438
2026-05-07,727.8926391601562,732.4196936796947,726.0718458933673,731.3451201928577,51724600,-0.0030660889376450395,706.5756072998047,679.2840600585937,248.23397827148438
2026-05-08,733.9021606445312,734.359863963193,730.8675457398152,731.2257166531052,47227100,0.008256054754597786,709.4689483642578,680.2829467773438,248.23397827148438
2026-05-11,735.5736694335938,737.0561496205491,732.7380586745534,732.7380586745534,44024000,0.0022775635209937306,712.1155426025391,681.3809509277344,248.23397827148438
2026-05-12,734.4593505859375,735.1160580011854,728.1413807257971,733.1758744234386,54185300,-0.0015148976832113359,714.2905242919921,682.4489282226563,248.23397827148438
2026-05-13,738.5685424804688,740.1604537310201,731.7629913201908,734.7478704606156,44200200,0.005594852718878274,716.3983459472656,683.7191528320312,248.23397827148438
2026-05-14,744.3989868164062,745.7521781705404,739.8122371427646,739.9018102364839,45307600,0.007894249484761584,718.712124633789,685.0107299804688,248.23397827148438
2026-05-15,735.4443969726562,739.712813256131,734.2405345152865,738.0511867146383,60410800,-0.012029288059682064,720.1563079833984,686.1990234375,248.23397827148438
2026-05-18,734.927001953125,737.682999009625,729.6935042484962,736.1010471042457,47843900,-0.0007035134425675826,721.6452697753906,687.5541845703125,248.23397827148438
2026-05-19,730.03173828125,733.9320239063612,727.8428755921286,731.0764945153984,54255900,-0.006660884222331576,723.1202941894531,688.6945532226563,248.23397827148438
2026-05-20,737.5138549804688,738.1307251173267,730.1909663879147,732.0018002736176,45768000,0.010249029332388027,724.6147216796875,690.0061962890625,248.23397827148438
2026-05-21,738.9764404296875,741.1156280791548,733.3151780259534,734.9170485709385,43332200,0.0019831294549137457,726.3195831298829,691.3639575195313,248.23397827148438
2026-05-22,741.8817749023438,745.1651298094138,740.7275876279662,742.4787264390759,41762000,0.003931565762728351,727.896597290039,692.9836340332031,248.23397827148438
2026-05-26,746.8068237304688,748.3390397979183,744.5979816306177,746.2297301040182,41123600,0.006638589859918387,729.6586700439453,694.7766271972656,248.23397827148438
2026-05-27,746.6774291992188,747.5927750592914,744.4486686067338,747.0952952420212,42106300,-0.000173263723814987,731.5873962402344,696.4332763671875,248.23397827148438
2026-05-28,750.7965698242188,751.3438462445121,745.4536410614309,746.4685193943138,41562600,0.005516626676954184,733.7275543212891,698.1373828125,248.23397827148438
2026-05-29,752.6671142578125,754.2590862562773,750.8861582097875,752.0900813404212,55075700,0.002491413132097442,735.6090240478516,700.0646484375,248.23397827148438
2026-06-01,754.7166748046875,756.4479556154175,750.886104424133,751.5527103892452,43634900,0.0027230637662387647,737.4939727783203,702.0652526855469,202.11822509765625
2026-06-02,755.7415771484375,756.5674107365072,752.9357833937803,753.2144012702464,31581900,0.0013579961566574372,739.5615020751953,704.2740649414062,202.11822509765625
2026-06-03,750.4384155273438,754.9754294579049,749.7718095132926,754.3287420712209,51402500,-0.00701716271996522,741.0773223876953,706.2413000488282,202.11822509765625
2026-06-04,753.2740478515625,754.4878695071194,747.6823186029123,748.3091480570178,49923000,0.003778634283035931,742.2344604492188,708.3090258789063,202.11822509765625
2026-06-05,733.83251953125,749.0255736853693,731.82274221843,748.5181345185488,93989400,-0.025809369612244448,742.5314544677734,709.9154870605469,202.11822509765625
2026-06-08,735.4940795898438,741.5832888174093,734.4693026781229,739.6132273185567,49319100,0.002264222440912178,742.611050415039,711.7885961914062,202.11822509765625
2026-06-09,733.3350830078125,743.1354731343894,718.9480036644643,739.881935268434,87683500,-0.002935437064612745,742.49912109375,713.8374169921875,202.11822509765625
2026-06-10,721.7736206054688,734.6583610930755,721.6741489247238,729.69352181897,60341300,-0.015765592933211114,741.8648345947265,715.6971960449218,202.11822509765625
2026-06-11,734.04150390625,736.2702039965386,720.7587550057447,725.0868662900759,86330500,0.016996857394830034,741.6384826660156,717.4367834472656,202.11822509765625
2026-06-12,738.0113525390625,740.6877965432628,731.3252525489901,736.9766163198905,57079500,0.005408207317551872,741.3191009521485,719.1582629394532,202.11822509765625
2026-06-15,751.0254516601562,752.8661028247,747.9709180763429,748.0604304424444,60176400,0.017634009390668393,742.0981536865235,721.1282824707031,202.11822509765625
2026-06-16,746.5481567382812,751.6323864215939,746.100412710964,750.7468576807364,67093100,-0.005961575485861181,742.6792114257812,722.9470703125,202.11822509765625
2026-06-17,737.225341796875,748.3589429763433,735.4940609532621,747.5032315039188,85945200,-0.01248789492983049,743.0388916015625,724.5736315917969,202.11822509765625
2026-06-18,744.8902587890625,746.3765582049119,742.0173878962117,745.907751654771,80875700,0.010396979807429707,743.4077117919921,726.0193823242188,202.11822509765625
2026-06-22,742.546142578125,748.321778689857,741.2892538871644,745.8479411927095,46628100,-0.0031469282666526377,743.5861968994141,727.34064453125,202.11822509765625
2026-06-23,731.7628784179688,737.7978798883457,730.4860198600484,731.9922892059834,66846800,-0.014522012225013592,743.0802520751953,728.4551953125,202.11822509765625
2026-06-24,731.4237060546875,738.1171068570358,729.0296875445486,733.3489180103626,57439500,-0.0004635003677893046,742.3110961914062,729.4308337402343,202.11822509765625
2026-06-25,732.4810791015625,737.5385276888334,727.7927091295785,737.0796452204372,53934400,0.0014456368287247834,741.6012786865234,730.2612609863281,202.11822509765625
2026-06-26,727.1842651367188,734.7056273477464,714.8050317832251,727.144386135875,71034000,-0.007231332133985857,740.4206634521485,730.8767041015625,202.11822509765625
2026-06-29,739.1644897460938,739.7231001504891,730.27658724538,734.7055914816465,58035200,0.01647481275894025,739.7455322265625,731.6975256347656,202.11822509765625
2026-06-30,744.9202270507812,746.1671307285668,739.0547872797607,739.4537599262709,55626000,0.007786815227913024,739.2557098388672,732.4647155761719,202.11822509765625
2026-07-01,743.9127197265625,747.5835968507926,740.541087308444,743.1545925484338,47100900,-0.0013525036475483532,738.6642669677734,733.2400146484375,177.9998321533203
2026-07-02,742.9351806640625,749.4489739445169,738.1969465958291,745.5486859530862,57447800,-0.0013140507435593918,738.2891052246093,734.0880932617188,177.9998321533203
2026-07-06,749.4190673828125,750.5462122974698,745.5585975722108,746.885320136641,50673300,0.008727392224116226,738.0963562011718,734.9239685058594,177.9998321533203
2026-07-07,745.85791015625,749.0998597580657,743.364102770238,748.3616416292718,43721500,-0.004751890339538711,738.6976257324219,735.7435424804687,177.9998321533203
2026-07-08,743.5536499023438,744.3017921335774,737.6782249675691,741.3191472958572,43767400,-0.0030894091522385425,739.1006042480469,736.4077856445313,177.9998321533203
2026-07-09,749.8480224609375,750.1073272936331,743.7431866839036,745.4987759890873,41441700,0.008465256756416295,739.9262512207031,737.1734387207031,177.9998321533203
2026-07-10,753.0799560546875,753.5487626123848,746.2468873823584,750.187115173852,42191300,0.004310118179872147,741.491567993164,738.0729797363281,177.9998321533203
2026-07-13,747.3142700195312,752.0425191788765,746.1471851864706,750.6060836597362,44013600,-0.007656140611366324,742.1552062988281,738.8593969726562,177.9998321533203
2026-07-14,749.9677124023438,751.4739818301254,746.8055207475287,749.0499474324819,35143100,0.0035506379166867497,742.7530242919922,739.5579968261719,177.9998321533203
2026-07-15,752.9403076171875,753.7084197839658,748.3417413555546,752.3717122204262,43844800,0.003963630921285599,742.8487670898437,740.2764489746094,177.9998321533203
2026-07-16,748.8604125976562,752.7009125511715,746.0274814662645,750.8953984161742,46409800,-0.005418616825605738,742.9643798828125,740.9658374023437,177.9998321533203
2026-07-17,741.4487915039062,745.438883195828,738.9649691671198,740.241827732839,62651000,-0.009897199757215702,743.1755523681641,741.392373046875,177.9998321533203
2026-07-20,740.2518310546875,746.8753371556621,739.6732506975046,745.2094908804986,50422300,-0.0016143534967409945,742.9436309814453,741.5947839355468,177.9998321533203
2026-07-21,746.426513671875,747.1845799829406,742.3366329839115,744.4413918284653,34324300,0.008341327043244195,743.1376495361328,741.9654614257812,177.9998321533203
2026-07-22,745.55859375,748.1621748950539,744.5211918106933,744.7705725456777,32836200,-0.001162766737217713,743.8274353027343,742.1985900878906,177.9998321533203
2026-07-23,736.3515014648438,740.7206569606348,733.3888874570794,737.5385562389782,55437300,-0.012349253784127878,744.0738250732422,742.2141467285156,177.9998321533203
2026-07-24,737.099609375,741.8777222786117,735.4636571620507,736.6806667930385,44782000,0.0010159657563921787,744.3047515869141,742.2669519042969,177.9998321533203
2026-07-27,737.25927734375,743.6833276942111,734.0472217265344,743.0648074406847,41461200,0.00021661654234961247,744.8085021972656,742.2407666015625,177.9998321533203
2026-07-28,739.0248413085938,740.9500533043114,734.156924420905,737.3589950224286,47322200,0.0023947666975516757,744.8015197753906,742.1332836914063,177.9998321533203
2026-07-29,727.6531372070312,740.8403618199718,727.2939826612791,738.1370526174048,70697200,-0.015387445003102407,743.9381652832031,741.9774584960937,177.9998321533203
2026-07-30,739.852783203125,740.6109103701467,732.7703947650456,734.2267392747757,66811300,0.01676574369337569,743.7351684570312,742.0759741210937,177.9998321533203
2026-07-31,745.1796264648438,747.0449895804718,735.8527500027326,742.835410914187,62445900,0.007199869193782904,743.8473907470703,742.3789318847656,177.9998321533203
2026-08-03,755.793212890625,756.7009928898597,746.9451890027125,747.5836183167282,59927500,0.014242990614400597,744.1660980224609,742.7445190429687,167.86692810058594
2026-08-04,769.4193725585938,771.494176400126,758.6361522059436,758.7458651152236,69154800,0.01802895214665101,745.3441711425781,743.3533776855469,167.86692810058594
2026-08-05,767.8831787109375,774.9256883846499,767.6039039413469,773.928165423025,44689100,-0.0019965624761277834,746.5606475830078,743.8734057617188,167.86692810058594
2026-08-06,766.65625,769.9081846177485,765.5589990885744,768.3021872511085,38416900,-0.0015978064697251826,747.4010589599609,744.2703942871094,167.86692810058594
2026-08-07,771.3446044921875,772.0029428489042,767.703621378493,769.1101628301597,43586300,0.0061153280785064545,748.3142913818359,744.7637377929688,167.86692810058594
2026-08-10,771.1151733398438,773.1301282404592,769.7086319253093,770.6861849056471,39249500,-0.0002974431285415191,749.5043365478516,745.1701098632813,167.86692810058594
2026-08-11,768.6513061523438,772.6912620504304,767.2946895097219,772.6115040483734,36740600,-0.003195199981383512,750.4385162353516,745.4897937011718,167.86692810058594
2026-08-12,770.5764770507812,772.9805414027246,769.369513273419,772.7910096110111,33179100,0.0025046088948632583,751.3203247070312,745.8069897460938,167.86692810058594
2026-08-13,775.9531860351562,777.4394855444215,772.1925048911166,772.9506321027081,35634500,0.006977515074108265,752.6749633789062,746.2112219238281,167.86692810058594
2026-08-14,774.4169921875,776.8708596736758,773.509212209858,776.6114939657781,31367900,-0.0019797506799419384,754.323373413086,746.6907934570313,167.86692810058594
2026-08-17,770.7560424804688,774.8559080861019,770.5964655970525,774.2573577843602,34356600,-0.004727362317670902,755.848583984375,747.0404333496094,167.86692810058594
2026-08-18,765.5490112304688,767.5939211307613,765.0202948350139,766.7959149360092,43920900,-0.00675574496080833,756.8047088623047,747.6747631835938,167.86692810058594
2026-08-19,767.1549682617188,770.5564946026684,766.1973243479778,768.4517358705159,40306000,0.0020977847370853286,757.8845275878906,748.3079809570313,167.86692810058594
2026-08-20,760.7109985351562,766.2472997692572,760.1523881029335,764.0627220124634,45520300,-0.008399827926766523,759.1025024414063,748.8554992675781,167.86692810058594
2026-08-21,763.8232421875,765.9479709365374,762.2770937955632,764.1524418077088,39188700,0.004091229991858514,760.4386840820313,749.6964916992188,167.86692810058594
2026-08-24,761.5787963867188,763.3244615010249,760.1922857963137,762.8856098637509,32430900,-0.0029384361156037375,761.6546600341796,750.2472375488281,167.86692810058594
2026-08-25,764.0127563476562,764.8806573052586,761.159855395616,764.262137078792,27422300,0.003195939766817757,762.9040557861329,750.767265625,167.86692810058594
2026-08-26,764.182373046875,765.449185749943,762.0376744224566,762.8356805789958,28751600,0.00022200767959623668,764.730517578125,751.0304040527344,167.86692810058594
2026-08-27,769.18994140625,770.4468300957561,765.2596984507333,766.5964060257239,34557100,0.006552844629756693,766.1973754882813,751.4832397460938,167.86692810058594
2026-08-28,767.4442749023438,773.3795487683207,766.4068729286823,769.8483393622295,36744300,-0.0022694869107554583,767.3106079101562,752.0876184082031,167.86692810058594
2026-08-31,765.1499633789062,766.097622354185,762.8257178677422,765.4292990280279,38810800,-0.002989548034258882,767.7784454345704,752.4928125,167.86692810058594
2026-09-01,759.89306640625,762.7758614763637,757.5987149009983,760.1224772031874,41126300,-0.006870413937474118,767.3021301269531,752.8397509765625,125.62138366699219
2026-09-02,763.2646484375,764.5315220914426,759.8431519587122,760.5614001563074,29566200,0.004436916429827686,767.0712036132812,753.4697863769532,125.62138366699219
2026-09-03,771.2548217773438,772.112737807933,765.5490195828438,765.99791709853,43531600,0.010468417941536634,767.3011322021484,754.2664086914062,125.62138366699219
2026-09-04,768.2822265625,770.9555808433835,767.0951717806925,770.0977256925568,34054200,-0.0038542322600894074,767.1480133056641,754.982431640625,125.62138366699219
2026-09-08,764.0626831054688,767.7934091111229,763.2447069992287,767.1649647963771,44746100,-0.005492178930014524,766.7953887939453,755.72,125.62138366699219
2026-09-09,760.5115356445312,762.5763546117217,759.055130192088,762.1873669257697,32812400,-0.004647717444469568,766.3884002685547,756.1469409179688,125.62138366699219
2026-09-10,755.9528198242188,758.2271404471661,754.7657651010062,756.1523365872063,42740400,-0.005994275703456675,765.6572174072265,756.3675927734375,125.62138366699219
2026-09-11,762.3967895507812,764.4816392943262,761.7084962835214,762.8257171109622,45512700,0.008524301461116268,764.9793975830078,756.7372741699219,125.62138366699219
2026-09-14,758.9952392578125,761.6287143614769,756.0525344863368,757.119891309806,43992400,-0.004461653484890693,764.2083099365234,757.0584753417969,125.62138366699219
2026-09-15,755.513916015625,758.4665449596201,754.2769973083872,758.2371341657202,46195000,-0.004586752409134642,763.4462036132812,757.1803723144532,125.62138366699219
2026-09-16,752.1821899414062,759.7833101686804,747.7432005092232,757.6187023523285,59217700,-0.0044098804847823025,762.7778625488281,757.3068579101563,125.62138366699219
2026-09-17,760.7109985351562,761.6786274833105,758.0775841455181,761.2596848801362,49652800,0.011338753705953053,762.4556640625,757.6500048828125,125.62138366699219
2026-09-18,761.6900024414062,762.0,757.969970703125,761.3099975585938,65395100,0.0012869590529585029,762.5046142578125,757.8868444824219,125.62138366699219
2026-09-21,773.5,774.8900146484375,766.030029296875,766.25,50484700,0.015504992215651825,762.9884521484375,758.2952453613282,125.62138366699219
2026-09-22,773.3800048828125,775.1400146484375,772.5700073242188,774.030029296875,34802300,-0.00015513266604716414,763.5785125732422,758.8165600585937,125.62138366699219
2026-09-23,767.8099975585938,773.0499877929688,766.5,772.7899780273438,54931700,-0.007202161019229769,763.7683746337891,759.1734057617188,125.62138366699219
2026-09-24,767.1799926757812,768.9500122070312,763.25,764.0700073242188,43983700,-0.000820521854125067,763.9182556152343,759.4581994628907,125.62138366699219
2026-09-25,771.3499755859375,772.280029296875,766.2899780273438,768.780029296875,36666700,0.005435468794763754,764.0262573242187,759.9079907226562,125.62138366699219
2026-09-28,765.6099853515625,769.5399780273438,763.719970703125,768.3499755859375,42694500,-0.007441486246259066,763.9345428466797,760.3912145996094,125.62138366699219
2026-09-29,764.2000122070312,766.97998046875,762.3499755859375,766.8300170898438,36910500,-0.0018416336927525867,763.8870452880859,760.8701782226562,125.62138366699219
2026-09-30,762.6300048828125,769.4099731445312,762.1799926757812,766.4500122070312,62110000,-0.002054445562863161,764.023892211914,761.194248046875,125.62138366699219
2026-10-01,763.989990234375,765.6500244140625,758.7899780273438,764.3599853515625,47708100,0.0017832832997064507,764.0601593017578,761.5628759765625,146.20989990234375
2026-10-02,769.6400146484375,772.6500244140625,767.1500244140625,770.5800170898438,46335300,0.0073954168068735004,763.9794189453125,762.2286462402344,146.20989990234375
2026-10-05,774.8300170898438,776.6099853515625,769.6300048828125,769.6900024414062,44840200,0.00674341554834168,764.3068084716797,762.9832543945313,146.20989990234375
2026-10-06,779.0900268554688,781.6199951171875,777.9600219726562,778.1500244140625,36054300,0.005497992684414754,765.0581756591797,763.8198693847656,146.20989990234375
2026-10-07,777.219970703125,779.0999755859375,773.6099853515625,775.77001953125,30989200,-0.0024003081645026514,765.8935974121093,764.5837719726562,146.20989990234375
2026-10-08,773.9299926757812,777.0900268554688,770.4400024414062,774.8599853515625,40351800,-0.004233007580038639,766.7924560546875,765.5093090820312,146.20989990234375
2026-10-09,777.375,777.5700073242188,775.1400146484375,776.239990234375,6186906,0.004451316471542954,767.5413665771484,766.2597534179688,146.20989990234375
